"dataset","method","classifier","TP_mean","TP_sd","TN_mean","TN_sd","FP_mean","FP_sd","FN_mean","FN_sd","Sensitivity_mean","Sensitivity_sd","Specificity_mean","Specificity_sd","Precision_mean","Precision_sd","F1_mean","F1_sd","Gmean_mean","Gmean_sd","BalancedAccuracy_mean","BalancedAccuracy_sd","MCC_mean","MCC_sd","AUPRC_mean","AUPRC_sd","AUROC_mean","AUROC_sd","runtime_seconds_mean","runtime_seconds_sd","n_train_original_mean","n_train_original_sd","n_train_final_mean","n_train_final_sd"
"attrition","adasyn","knn",46.6,0.5,186.08,3.21351313466534,61.32,3.28785644455472,0,0,1,0,0.752147054982369,0.0131918713714211,0.432172764090658,0.013004927060195,0.603409791385568,0.0126935003021452,0.867232077990638,0.00760878647859268,0.876073527491185,0.00659593568571056,0.570126222060222,0.0135331473253415,0.999690031552474,0.0015498422376282,0.999893617021277,0.000531914893617013,0.0482674694061279,0.0325480506991425,1176,0.912870929175277,1964,1.82574185835055
"attrition","adasyn","logit",36.76,1.50775771705315,208.24,2.65015722804013,39.16,2.62488094968134,9.84,1.34412301024373,0.788769657724329,0.0292498248909449,0.841714117800705,0.0106108700130831,0.484547881699218,0.0188403082202368,0.600134787445826,0.0203103680625594,0.81466313877669,0.0159958534890057,0.815241887762517,0.015609396720878,0.526337836238275,0.0261041035937837,0.717014143129863,0.00971586053330951,0.901025933595798,0.00267280460104974,0.0482674694061279,0.0325480506991425,1176,0.912870929175277,1964,1.82574185835055
"attrition","adasyn","rf",46.6,0.5,0,0,247.4,0.5,0,0,1,0,0,0,0.158500237487255,0.0012692129968606,0.273628057548607,0.00189202008458717,0,0,0.5,0,NA,NA,0.158500237487255,0.0012692129968606,0.5,0,0.0482674694061279,0.0325480506991425,1176,0.912870929175277,1964,1.82574185835055
"attrition","adasyn","svm_rbf",15.52,8.90748748712752,247.28,0.842614977317636,0.12,0.6,31.08,8.93457702785457,0.33313598519889,0.191014333687101,0.999514170040486,0.00242914979757085,0.997551020408163,0.0122448979591837,0.47362469463197,0.180562526576571,0.558333014868465,0.147636718258151,0.666325077619688,0.0946558871397709,0.527425302953663,0.147135148310643,0.997811419119588,0.00125345571864046,0.999575884019955,0.000241585708018569,0.0482674694061279,0.0325480506991425,1176,0.912870929175277,1964,1.82574185835055
"attrition","adasyn","xgb",46.6,0.5,0,0,247.4,0.5,0,0,1,0,0,0,0.158500237487255,0.0012692129968606,0.273628057548607,0.00189202008458717,0,0,0.5,0,NA,NA,0.158500237487255,0.0012692129968606,0.5,0,0.0482674694061279,0.0325480506991425,1176,0.912870929175277,1964,1.82574185835055
"attrition","baseline","knn",21,0,246.4,0.5,1,0,25.6,0.5,0.450693802035153,0.00485661424606845,0.995957946976623,8.16246571766488e-06,0.954545454545455,0,0.61227621483376,0.00447570332480812,0.669969833807447,0.00360413639597115,0.723325874505888,0.00242558820862305,0.619924186837447,0.00392350543456704,0.763091558034625,0.00291719454883006,0.938378920112883,0.00139556417798125,0.0010585880279541,0.00515695293731838,1176,0.912870929175277,1176,0.912870929175277
"attrition","baseline","logit",25.6,0.5,240.4,0.5,7,0,21,0,0.549306197964847,0.00485661424606848,0.971705628836359,5.71372600235431e-05,0.785227272727273,0.00331439393939392,0.646410256410256,0.00448717948717953,0.730584684496248,0.00324693647011675,0.760505913400603,0.00244744551060965,0.606015161712932,0.00431666874935398,0.761283191766097,0.00189844052026353,0.895559147476743,0.000776152334342558,0.0010585880279541,0.00515695293731838,1176,0.912870929175277,1176,0.912870929175277
"attrition","baseline","rf",46.6,0.5,0,0,247.4,0.5,0,0,1,0,0,0,0.158500237487255,0.0012692129968606,0.273628057548607,0.00189202008458717,0,0,0.5,0,NA,NA,0.158500237487255,0.0012692129968606,0.5,0,0.0010585880279541,0.00515695293731838,1176,0.912870929175277,1176,0.912870929175277
"attrition","baseline","svm_rbf",46.6,0.5,247.4,0.5,0,0,0,0,1,0,1,0,1,0,1,0,1,0,1,0,1,0,1,0,1,0,0.0010585880279541,0.00515695293731838,1176,0.912870929175277,1176,0.912870929175277
"attrition","baseline","xgb",46.6,0.5,0,0,247.4,0.5,0,0,1,0,0,0,0.158500237487255,0.0012692129968606,0.273628057548607,0.00189202008458717,0,0,0.5,0,NA,NA,0.158500237487255,0.0012692129968606,0.5,0,0.0010585880279541,0.00515695293731838,1176,0.912870929175277,1176,0.912870929175277
"attrition","borderline_smote","knn",42.84,0.898146239020499,195.96,3.00665927567458,51.44,2.9022979401387,3.76,0.723417813807024,0.919296947271045,0.0156067593996402,0.792073919289539,0.0117890455154198,0.454760889095456,0.0161795931412812,0.608377990030491,0.0164350088192886,0.853278118914466,0.010737219260303,0.855685433280292,0.0108664664931543,0.556854209700664,0.0199182118544765,0.937801754115821,0.0108372262777044,0.971146148518276,0.00513950587593375,0.0390513896942139,0.0034107872887376,1176,0.912870929175277,1964,1.82574185835055
"attrition","borderline_smote","logit",34.6,0.763762615825973,219.04,1.83666364186079,28.36,1.75309250564063,12,0.577350269189626,0.742460684551341,0.0126592908378022,0.885366984458665,0.00709855575277794,0.549909895831672,0.0150189620160255,0.631677972009816,0.010621343477615,0.81072685432031,0.00643665400288674,0.813913834505003,0.00598343530741286,0.5591080200941,0.0125075580751758,0.740032083570676,0.00842648299292163,0.889707192646998,0.00219941478421793,0.0390513896942139,0.0034107872887376,1176,0.912870929175277,1964,1.82574185835055
"attrition","borderline_smote","rf",46.6,0.5,0,0,247.4,0.5,0,0,1,0,0,0,0.158500237487255,0.0012692129968606,0.273628057548607,0.00189202008458717,0,0,0.5,0,NA,NA,0.158500237487255,0.0012692129968606,0.5,0,0.0390513896942139,0.0034107872887376,1176,0.912870929175277,1964,1.82574185835055
"attrition","borderline_smote","svm_rbf",15.72,5.42770669804476,247.4,0.5,0,0,30.88,5.19069680614591,0.336762257169288,0.114716290040155,1,0,1,0,0.493315232877509,0.128263367680782,0.571942511788703,0.100229010573478,0.668381128584644,0.0573581450200773,0.540187124723733,0.0996260434829732,0.992541688871257,0.00306024125198272,0.998592604857406,0.000601868165236172,0.0390513896942139,0.0034107872887376,1176,0.912870929175277,1964,1.82574185835055
"attrition","borderline_smote","xgb",46.6,0.5,0,0,247.4,0.5,0,0,1,0,0,0,0.158500237487255,0.0012692129968606,0.273628057548607,0.00189202008458717,0,0,0.5,0,NA,NA,0.158500237487255,0.0012692129968606,0.5,0,0.0390513896942139,0.0034107872887376,1176,0.912870929175277,1964,1.82574185835055
"attrition","da_smote","knn",46.6,0.5,187.44,2.59935889531759,59.96,2.58972327994067,0,0,1,0,0.757640067911715,0.0104409891293063,0.437548450004805,0.011449035796141,0.608657670699458,0.0111016170857967,0.870405298566625,0.0060107662832818,0.878820033955857,0.00522049456465311,0.575752366565942,0.0114449801542455,0.999397506082501,0.00208539700401471,0.999797126256325,0.000702250001917337,0.0178995132446289,0.002763273143754,1176,0.912870929175277,1964,1.82574185835055
"attrition","da_smote","logit",37.6,1.22474487139159,209.6,2.17944947177034,37.8,2.06155281280883,9,1.11803398874989,0.806845513413506,0.0242235294867198,0.847208436724566,0.00837308661549623,0.498907662278782,0.0179098440673353,0.616437433739708,0.0187117926469357,0.826692608322733,0.013912361057921,0.827026975069036,0.0136064556078819,0.54714011173488,0.0235227662960703,0.727320958022595,0.00911144652582172,0.904556973074405,0.00286581039060408,0.0178995132446289,0.002763273143754,1176,0.912870929175277,1964,1.82574185835055
"attrition","da_smote","rf",46.6,0.5,0,0,247.4,0.5,0,0,1,0,0,0,0.158500237487255,0.0012692129968606,0.273628057548607,0.00189202008458717,0,0,0.5,0,NA,NA,0.158500237487255,0.0012692129968606,0.5,0,0.0178995132446289,0.002763273143754,1176,0.912870929175277,1964,1.82574185835055
"attrition","da_smote","svm_rbf",16.6,8.21583836257749,247.4,0.5,0,0,30,8.17516564562048,0.356059204440333,0.175725850913208,1,0,1,0,0.502587103548889,0.183722697934278,0.57878981826773,0.148118585339099,0.678029602220167,0.0878629254566039,0.54875146451834,0.148761379288134,0.999633395506088,0.000398565417185771,0.999930702553769,7.4895288341153e-05,0.0178995132446289,0.002763273143754,1176,0.912870929175277,1964,1.82574185835055
"attrition","da_smote","xgb",46.6,0.5,0,0,247.4,0.5,0,0,1,0,0,0,0.158500237487255,0.0012692129968606,0.273628057548607,0.00189202008458717,0,0,0.5,0,NA,NA,0.158500237487255,0.0012692129968606,0.5,0,0.0178995132446289,0.002763273143754,1176,0.912870929175277,1964,1.82574185835055
"attrition","da_smote_penn","knn",46.6,0.5,183.64,3.32766184179422,63.76,3.19217793990247,0,0,1,0,0.742273736450307,0.0130220695431731,0.422593949755214,0.0134349396350553,0.593997323120341,0.01325132588023,0.861521379602847,0.00754493052165557,0.871136868225153,0.00651103477158653,0.560057306680515,0.01377898022351,0.59109923956313,0.0212334549985996,0.93465473479794,0.00549580744082267,0.34916600227356,0.0087511461222867,1176,0.912870929175277,1844.2,5.13160143944688
"attrition","da_smote_penn","logit",37.76,1.39283882771841,197.16,1.99332218503014,50.24,1.87705443004015,8.84,1.17898261225516,0.810212765957447,0.0260227048085549,0.796925688912107,0.00764360055896449,0.429134867375968,0.011635202237098,0.560997581948278,0.0145256535869221,0.803422351591966,0.0127817965346177,0.803569227434777,0.012870316561558,0.484249049727549,0.0197285313275187,0.70101356541899,0.0093447828285319,0.89625632625072,0.00335528585299284,0.34916600227356,0.0087511461222867,1176,0.912870929175277,1844.2,5.13160143944688
"attrition","da_smote_penn","rf",46.6,0.5,0,0,247.4,0.5,0,0,1,0,0,0,0.158500237487255,0.0012692129968606,0.273628057548607,0.00189202008458717,0,0,0.5,0,NA,NA,0.158500237487255,0.0012692129968606,0.5,0,0.34916600227356,0.0087511461222867,1176,0.912870929175277,1844.2,5.13160143944688
"attrition","da_smote_penn","svm_rbf",45.04,1.36869767784319,247.4,0.5,0,0,1.56,1.19303534454489,0.966475485661425,0.0256450077665705,1,0,1,0,0.982783296194204,0.0134757530425358,0.983010432103916,0.0131488290153585,0.983237742830712,0.0128225038832852,0.979962460118976,0.0154116674667323,0.999875185151843,0.000324715270620547,0.999975697749618,6.37801577791806e-05,0.34916600227356,0.0087511461222867,1176,0.912870929175277,1844.2,5.13160143944688
"attrition","da_smote_penn","xgb",46.6,0.5,0,0,247.4,0.5,0,0,1,0,0,0,0.158500237487255,0.0012692129968606,0.273628057548607,0.00189202008458717,0,0,0.5,0,NA,NA,0.158500237487255,0.0012692129968606,0.5,0,0.34916600227356,0.0087511461222867,1176,0.912870929175277,1844.2,5.13160143944688
"attrition","ld_smote","knn",46.6,0.5,171.56,3.50095225141199,75.84,3.4602504726296,0,0,1,0,0.693450437508162,0.0140170396566968,0.380880558598936,0.011361953445736,0.551554553567196,0.0119333883896262,0.83269584443306,0.0084204718342333,0.846725218754081,0.00700851982834838,0.513920735816504,0.0128058380608061,0.998244285790286,0.00358784376802805,0.999344031937304,0.00134289599131617,0.0180217456817627,0.00842525648252275,1176,0.912870929175277,1964,1.82574185835055
"attrition","ld_smote","logit",35.12,0.92736184954957,213.24,1.98494332412792,34.16,1.99332218503014,11.48,0.714142842854285,0.753598519888992,0.0160140571685947,0.861925688912107,0.00802792414397305,0.507243936493835,0.0165839168721275,0.60624548965592,0.0152626474436316,0.805898780070592,0.00999492766867127,0.807762104400549,0.00959746552405745,0.52985995848476,0.0186557927628978,0.732065211348537,0.00663676527094064,0.895485881909343,0.00273344556206538,0.0180217456817627,0.00842525648252275,1176,0.912870929175277,1964,1.82574185835055
"attrition","ld_smote","rf",46.6,0.5,0,0,247.4,0.5,0,0,1,0,0,0,0.158500237487255,0.0012692129968606,0.273628057548607,0.00189202008458717,0,0,0.5,0,NA,NA,0.158500237487255,0.0012692129968606,0.5,0,0.0180217456817627,0.00842525648252275,1176,0.912870929175277,1964,1.82574185835055
"attrition","ld_smote","svm_rbf",26.72,7.96094634240595,245.56,2.14242852856286,1.84,2.2113344387496,19.88,7.79059261759549,0.572802960222017,0.169040029863065,0.992566932218885,0.0089358842381057,0.950672317550103,0.0486012049663141,0.696128648527163,0.119581254291256,0.74552654275699,0.109260052151514,0.782684946220451,0.0806190269918627,0.69602763762627,0.0955369174549242,0.942070876469288,0.00818098761768703,0.989260962954094,0.00154311888370009,0.0180217456817627,0.00842525648252275,1176,0.912870929175277,1964,1.82574185835055
"attrition","ld_smote","xgb",46.6,0.5,0,0,247.4,0.5,0,0,1,0,0,0,0.158500237487255,0.0012692129968606,0.273628057548607,0.00189202008458717,0,0,0.5,0,NA,NA,0.158500237487255,0.0012692129968606,0.5,0,0.0180217456817627,0.00842525648252275,1176,0.912870929175277,1964,1.82574185835055
"attrition","penn","knn",21,0,246.4,0.5,1,0,25.6,0.5,0.450693802035153,0.00485661424606845,0.995957946976623,8.16246571766488e-06,0.954545454545455,0,0.61227621483376,0.00447570332480812,0.669969833807447,0.00360413639597115,0.723325874505888,0.00242558820862305,0.619924186837447,0.00392350543456704,0.763091558034625,0.00291719454883006,0.938378920112883,0.00139556417798125,0.155847225189209,0.00508086550096463,1176,0.912870929175277,1176,0.912870929175277
"attrition","penn","logit",25.6,0.5,240.4,0.5,7,0,21,0,0.549306197964847,0.00485661424606848,0.971705628836359,5.71372600235431e-05,0.785227272727273,0.00331439393939392,0.646410256410256,0.00448717948717953,0.730584684496248,0.00324693647011675,0.760505913400603,0.00244744551060965,0.606015161712932,0.00431666874935398,0.761283191766097,0.00189844052026353,0.895559147476743,0.000776152334342558,0.155847225189209,0.00508086550096463,1176,0.912870929175277,1176,0.912870929175277
"attrition","penn","rf",46.6,0.5,0,0,247.4,0.5,0,0,1,0,0,0,0.158500237487255,0.0012692129968606,0.273628057548607,0.00189202008458717,0,0,0.5,0,NA,NA,0.158500237487255,0.0012692129968606,0.5,0,0.155847225189209,0.00508086550096463,1176,0.912870929175277,1176,0.912870929175277
"attrition","penn","svm_rbf",46.6,0.5,247.4,0.5,0,0,0,0,1,0,1,0,1,0,1,0,1,0,1,0,1,0,1,0,1,0,0.155847225189209,0.00508086550096463,1176,0.912870929175277,1176,0.912870929175277
"attrition","penn","xgb",46.6,0.5,0,0,247.4,0.5,0,0,1,0,0,0,0.158500237487255,0.0012692129968606,0.273628057548607,0.00189202008458717,0,0,0.5,0,NA,NA,0.158500237487255,0.0012692129968606,0.5,0,0.155847225189209,0.00508086550096463,1176,0.912870929175277,1176,0.912870929175277
"attrition","smote","knn",46.6,0.5,188.52,2.85948713350256,58.88,3.00444115713167,0,0,1,0,0.762012537547342,0.0119797949305731,0.442121108368827,0.0125402922727651,0.613053624450025,0.0120157945072332,0.872907423126046,0.00685931535006201,0.881006268773671,0.00598989746528655,0.580420223152738,0.0127277551007341,0.999382125423066,0.00213852262610842,0.999793238174135,0.000715682164585234,0.0146024036407471,0.00492814337783954,1176,0.912870929175277,1964,1.82574185835055
"attrition","smote","logit",36.6,1.1180339887499,210.44,2.18097837372741,36.96,1.96807858921673,10,1,0.785383903792784,0.021556300088309,0.850600757476819,0.00805573201284642,0.497787224690127,0.0163710473488691,0.609219559804922,0.0163139712641268,0.817260198303882,0.0120799045136459,0.817992330634801,0.0116451092389458,0.536387585544143,0.0203125862901812,0.733695891213177,0.00804436714586921,0.901898496801523,0.0034693646552006,0.0146024036407471,0.00492814337783954,1176,0.912870929175277,1964,1.82574185835055
"attrition","smote","rf",46.6,0.5,0,0,247.4,0.5,0,0,1,0,0,0,0.158500237487255,0.0012692129968606,0.273628057548607,0.00189202008458717,0,0,0.5,0,NA,NA,0.158500237487255,0.0012692129968606,0.5,0,0.0146024036407471,0.00492814337783954,1176,0.912870929175277,1964,1.82574185835055
"attrition","smote","svm_rbf",13.24,8.19695065252927,247.4,0.5,0,0,33.36,8.17964954424495,0.284033302497687,0.175145226795026,1,0,1,0,0.417562589695321,0.193198371716592,0.509706594112203,0.158877869814839,0.642016651248844,0.0875726133975131,0.480708450282162,0.157825951462149,0.998607730779114,0.00116289391334241,0.999742751096172,0.000212418629215957,0.0146024036407471,0.00492814337783954,1176,0.912870929175277,1964,1.82574185835055
"attrition","smote","xgb",46.6,0.5,0,0,247.4,0.5,0,0,1,0,0,0,0.158500237487255,0.0012692129968606,0.273628057548607,0.00189202008458717,0,0,0.5,0,NA,NA,0.158500237487255,0.0012692129968606,0.5,0,0.0146024036407471,0.00492814337783954,1176,0.912870929175277,1964,1.82574185835055
"attrition","smote_enn","knn",46.6,0.5,135.96,3.66833295471753,111.44,3.7868192457523,0,0,1,0,0.549562491837534,0.0150514606275612,0.295009573187423,0.0068334743946559,0.455568574140578,0.00815262871077056,0.741257876528751,0.0101679808724582,0.774781245918767,0.00752573031378059,0.402645527353153,0.010071489739373,0.39669350562037,0.0114779487140529,0.856509985179801,0.00704970151520416,0.345480394363403,0.00492749796059983,1176,0.912870929175277,1527.08,9.08717044335951
"attrition","smote_enn","logit",41.56,1.12101144805335,175.88,2.61916017074176,71.52,2.63185612575358,5.04,0.888819441731559,0.891785383903793,0.019334687727061,0.710914849157634,0.0105859344855992,0.367649996985307,0.00975651031828478,0.520583698544372,0.0115788808296108,0.796154375468139,0.00962451208148413,0.801350116530713,0.0102182464875557,0.45255091291785,0.0159992127479829,0.65818375308873,0.0121955220474603,0.89112794554015,0.00429121231996746,0.345480394363403,0.00492749796059983,1176,0.912870929175277,1527.08,9.08717044335951
"attrition","smote_enn","rf",46.6,0.5,0,0,247.4,0.5,0,0,1,0,0,0,0.158500237487255,0.0012692129968606,0.273628057548607,0.00189202008458717,0,0,0.5,0,NA,NA,0.158500237487255,0.0012692129968606,0.5,0,0.345480394363403,0.00492749796059983,1176,0.912870929175277,1527.08,9.08717044335951
"attrition","smote_enn","svm_rbf",46.56,0.58309518948453,247.4,0.5,0,0,0.04,0.2,0.999130434782609,0.00434782608695652,1,0,1,0,0.99956043956044,0.00219780219780219,0.999562828403747,0.00218585798126389,0.999565217391304,0.00217391304347827,0.99948298406726,0.00258507966369792,0.999431308219888,0.0028434589005603,0.999697236402042,0.00151381798979133,0.345480394363403,0.00492749796059983,1176,0.912870929175277,1527.08,9.08717044335951
"attrition","smote_enn","xgb",46.6,0.5,0,0,247.4,0.5,0,0,1,0,0,0,0.158500237487255,0.0012692129968606,0.273628057548607,0.00189202008458717,0,0,0.5,0,NA,NA,0.158500237487255,0.0012692129968606,0.5,0,0.345480394363403,0.00492749796059983,1176,0.912870929175277,1527.08,9.08717044335951
"attrition","smote_tomek","knn",46.6,0.5,187.92,2.28983259941275,59.48,2.2196095752782,0,0,1,0,0.759578163771712,0.00900337916528177,0.439463689691806,0.00949090464319081,0.610535640253322,0.00916418947705594,0.871523114163399,0.00516652392039072,0.879789081885856,0.00450168958264088,0.577752665876568,0.00959519111907379,0.999673618828494,0.00163190585753163,0.999887343777504,0.000563281112480185,0.264058952331543,0.0423450523336223,1176,0.912870929175277,1963.84,1.72433562085034
"attrition","smote_tomek","logit",36.92,0.953939201416945,210.24,2.31444737824533,37.16,2.35725829443162,9.68,0.802080627701064,0.792247918593895,0.0173567028392623,0.84980083583649,0.00948031887363224,0.498795031140466,0.0185077149076776,0.612035753891982,0.0172689272710428,0.820473042295598,0.0111631557619498,0.821024377215192,0.0109555038915941,0.540331480307821,0.0211768899364202,0.730602902802972,0.00830473339219366,0.90196042764132,0.00261088097010327,0.264058952331543,0.0423450523336223,1176,0.912870929175277,1963.84,1.72433562085034
"attrition","smote_tomek","rf",46.6,0.5,0,0,247.4,0.5,0,0,1,0,0,0,0.158500237487255,0.0012692129968606,0.273628057548607,0.00189202008458717,0,0,0.5,0,NA,NA,0.158500237487255,0.0012692129968606,0.5,0,0.264058952331543,0.0423450523336223,1176,0.912870929175277,1963.84,1.72433562085034
"attrition","smote_tomek","svm_rbf",12.32,5.77148161220323,247.4,0.5,0,0,34.28,5.76281181368956,0.264329324699352,0.124142329008337,1,0,1,0,0.40437270115657,0.146686843986395,0.501298681797562,0.116498195297981,0.632164662349676,0.0620711645041683,0.470951155064228,0.114742418128522,0.998207943470533,0.00134660018010375,0.999667594796657,0.000247837295198538,0.264058952331543,0.0423450523336223,1176,0.912870929175277,1963.84,1.72433562085034
"attrition","smote_tomek","xgb",46.6,0.5,0,0,247.4,0.5,0,0,1,0,0,0,0.158500237487255,0.0012692129968606,0.273628057548607,0.00189202008458717,0,0,0.5,0,NA,NA,0.158500237487255,0.0012692129968606,0.5,0,0.264058952331543,0.0423450523336223,1176,0.912870929175277,1963.84,1.72433562085034
"credit_data","adasyn","knn",194.76,1.16476034731041,505.32,3.74966665185053,106.48,3.9170567181665,1.24,1.16476034731041,0.993673469387755,0.00594265483321638,0.825958326311704,0.0063406487112363,0.646628753390812,0.00856222098112682,0.7834044587649,0.00676952528979865,0.90593254369116,0.00435320947405787,0.90981589784973,0.00429022417819574,NA,NA,0.971465932308393,0.00537232332281628,0.987650159168443,0.00247375085634725,0.08108811378479,0.00886272958728445,3231.2,0.763762615825974,4848.4,1.52752523165195
"credit_data","adasyn","logit",148.76,0.66332495807108,472,2.44948974278318,139.8,2.04124145231931,47.24,0.66332495807108,0.758979591836735,0.00338431101056675,0.771492008413425,0.00346066392296759,0.515547518360799,0.00380163206057351,0.614008288115845,0.00321252685387041,0.765206588898628,0.0024342649937794,0.76523580012508,0.00243337749165631,NA,NA,0.60062549568878,0.00122783270931954,0.826665266504063,0.000618234283640966,0.08108811378479,0.00886272958728445,3231.2,0.763762615825974,4848.4,1.52752523165195
"credit_data","adasyn","rf",195.76,0.435889894354067,611.04,0.888819441731559,0.76,0.435889894354067,0.24,0.435889894354067,0.998775510204082,0.00222392803241869,0.99875774065332,0.000712486925938433,0.996142131979695,0.00221263905763487,0.997452347019126,5.67332271728289e-06,0.998765588480354,0.000756998522743191,0.998766625428701,0.000755722265021672,NA,NA,0.999982841626589,9.73996827316955e-06,0.999994495338694,3.12276450720701e-06,0.08108811378479,0.00886272958728445,3231.2,0.763762615825974,4848.4,1.52752523165195
"credit_data","adasyn","svm_rbf",196,0,609,0.866025403784439,2.8,0.408248290463863,0,0,1,0,0.995423334116684,0.000667316374247798,0.98591949647226,0.00203077673546818,0.992908822206516,0.00102829358004131,0.997708989036117,0.000334342036103613,0.997711667058342,0.000333658187123886,NA,NA,0.997693472886243,0.00260306957433296,0.999517278433557,0.000468904692467602,0.08108811378479,0.00886272958728445,3231.2,0.763762615825974,4848.4,1.52752523165195
"credit_data","adasyn","xgb",196,0,0,0,611.8,0.763762615825973,0,0,1,0,0,0,0.242634523583504,0.000229334464519416,0.3905162560326,0.000297056696889957,0,0,0.5,0,NA,NA,0.242634523583504,0.000229334464519422,0.5,0,0.08108811378479,0.00886272958728445,3231.2,0.763762615825974,4848.4,1.52752523165195
"credit_data","baseline","knn",115,0,577.8,0.763762615825973,34,0,81,0,0.586734693877551,0,0.944426199988312,6.93485252487732e-05,0.771812080536913,0,0.666666666666667,0,0.744397485637225,2.73301139645387e-05,0.765580446932931,3.46742626243684e-05,NA,NA,0.777722121828813,0,0.919508055565304,0.000100442972043966,4.91905212402344e-05,8.76511786546614e-06,3231.2,0.763762615825974,3231.2,0.763762615825974
"credit_data","baseline","logit",75,0,577.8,0.763762615825973,34,0,121,0,0.38265306122449,0,0.944426199988312,6.93485252487732e-05,0.688073394495413,0,0.491803278688525,0,0.601155201307028,2.20710581095725e-05,0.663539630606401,3.46742626243684e-05,NA,NA,0.606790631773886,0.000273644695620916,0.8286797446507,6.73799219419111e-05,4.91905212402344e-05,8.76511786546614e-06,3231.2,0.763762615825974,3231.2,0.763762615825974
"credit_data","baseline","rf",193.32,1.14455231422596,611.8,0.763762615825973,0,0,2.68,1.14455231422596,0.986326530612245,0.00583955262360186,1,0,1,0,0.993107853002729,0.00295846867008362,0.993135558580161,0.00293912116900282,0.993163265306122,0.00291977631180094,NA,NA,0.999985965365809,5.20623203374981e-06,0.999995496830398,1.6670565121797e-06,4.91905212402344e-05,8.76511786546614e-06,3231.2,0.763762615825974,3231.2,0.763762615825974
"credit_data","baseline","svm_rbf",190.16,0.374165738677394,610.8,0.763762615825973,1,0,5.84,0.374165738677394,0.970204081632653,0.00190900887080305,0.998365476470244,2.03966250729798e-06,0.994768760907504,1.02030360677411e-05,0.982331974746264,0.00098178761447363,0.984183601650987,0.000967365591587475,0.984284779051449,0.000954475102093738,NA,NA,0.999702099134889,0,0.999904096833713,1.19674075718051e-07,4.91905212402344e-05,8.76511786546614e-06,3231.2,0.763762615825974,3231.2,0.763762615825974
"credit_data","baseline","xgb",196,0,0,0,611.8,0.763762615825973,0,0,1,0,0,0,0.242634523583504,0.000229334464519416,0.3905162560326,0.000297056696889957,0,0,0.5,0,NA,NA,0.242634523583504,0.000229334464519422,0.5,0,4.91905212402344e-05,8.76511786546614e-06,3231.2,0.763762615825974,3231.2,0.763762615825974
"credit_data","borderline_smote","knn",176.44,2.2561028345357,525.52,3.8310137909784,86.28,3.49428104193123,19.56,2.2561028345357,0.900204081632653,0.0115107287476311,0.858970896279543,0.0057773386680449,0.671681416301565,0.0092243430648497,0.769284550275229,0.00823578118826945,0.879323050071646,0.00623424389331926,0.879587488956098,0.00632663379223829,NA,NA,0.934804819457126,0.00422730771784,0.968566356003549,0.00207859766181839,0.0819912815093994,0.0123564290263142,3231.2,0.763762615825974,4848.4,1.52752523165195
"credit_data","borderline_smote","logit",136.48,0.77028133388609,504.88,2.00665559243899,106.92,1.75404294892305,59.52,0.77028133388609,0.696326530612245,0.0039300068055413,0.825236273385122,0.00290499348975626,0.560747073577294,0.00410768841080965,0.621215527583483,0.0032512618303349,0.758041607400024,0.00237640868131269,0.760781401998683,0.00228822677253022,NA,NA,0.610246806451609,0.00105854126857442,0.831806495272186,0.000716258751674251,0.0819912815093994,0.0123564290263142,3231.2,0.763762615825974,4848.4,1.52752523165195
"credit_data","borderline_smote","rf",194.8,0.645497224367903,611.56,1.08320512061813,0.24,0.435889894354067,1.2,0.645497224367903,0.993877551020408,0.00329335318555054,0.999607201309329,0.000713404082412535,0.998778618046203,0.00221829299406148,0.99631606625647,0.00130018336888486,0.996736533533576,0.00145669670645364,0.996742376164869,0.00145193933103198,NA,NA,0.999971395608931,2.25408297838052e-05,0.999990824474133,7.2268642360659e-06,0.0819912815093994,0.0123564290263142,3231.2,0.763762615825974,4848.4,1.52752523165195
"credit_data","borderline_smote","svm_rbf",194.68,0.988264472024906,610,0.957427107756338,1.8,0.408248290463863,1.32,0.988264472024906,0.993265306122449,0.00504216567359647,0.997057643703798,0.000667957532164357,0.990850279340374,0.00204160977663536,0.992045399434428,0.00187546459125108,0.995155908818664,0.00228482835121233,0.995161474913124,0.00227602923420935,NA,NA,0.999245836043767,0.00193729319827707,0.999841327638797,0.000328008043023184,0.0819912815093994,0.0123564290263142,3231.2,0.763762615825974,4848.4,1.52752523165195
"credit_data","borderline_smote","xgb",196,0,0,0,611.8,0.763762615825973,0,0,1,0,0,0,0.242634523583504,0.000229334464519416,0.3905162560326,0.000297056696889957,0,0,0.5,0,NA,NA,0.242634523583504,0.000229334464519422,0.5,0,0.0819912815093994,0.0123564290263142,3231.2,0.763762615825974,4848.4,1.52752523165195
"credit_data","da_smote","knn",191.64,1.52424844868982,515.08,2.62868788561898,96.72,3.0347981810987,4.36,1.52424844868982,0.977755102040816,0.00777677779943789,0.841912580733027,0.00484151471566482,0.664645484121223,0.00750983908793054,0.791331875211801,0.00669503971266616,0.90728610642548,0.00476726206708353,0.909833841386922,0.00488707067805321,NA,NA,0.951023844561938,0.00503243707375396,0.979038048253248,0.00216654677379778,0.0596256256103516,0.0134242466241718,3231.2,0.763762615825974,4848.4,1.52752523165195
"credit_data","da_smote","logit",135.04,0.734846922834954,496.8,1.47196014438797,115,1.15470053837925,60.96,0.734846922834953,0.688979591836735,0.00374921899405589,0.812029473513159,0.00193486871719126,0.540080622575436,0.00305869465112325,0.605507139685369,0.00302150432174218,0.747975721759549,0.00237230212369887,0.750504532674947,0.00226981996161657,NA,NA,0.594749423743471,0.000929910069775328,0.825234422020393,0.000488237294582734,0.0596256256103516,0.0134242466241718,3231.2,0.763762615825974,4848.4,1.52752523165195
"credit_data","da_smote","rf",195.24,0.522812904711937,611.44,1.00332779621949,0.36,0.489897948556636,0.76,0.522812904711937,0.996122448979592,0.00266741277914252,0.999411336820598,0.00080106953548999,0.99817051693774,0.00248961983973703,0.997139713481962,0.000848211024519137,0.997764197923497,0.00104983913013653,0.997766892900095,0.00104772261180905,NA,NA,0.999983882872995,8.63355911373852e-06,0.999994830440949,2.76209269894696e-06,0.0596256256103516,0.0134242466241718,3231.2,0.763762615825974,4848.4,1.52752523165195
"credit_data","da_smote","svm_rbf",195,0.707106781186548,609.36,0.907377172587747,2.44,0.58309518948453,1,0.707106781186548,0.994897959183674,0.00360768765911504,0.996011890673774,0.000952816907665118,0.987647949655646,0.00292993899658473,0.991255576104598,0.00255550662775149,0.995453255090777,0.0019589383621045,0.995454924928724,0.00195693591349355,NA,NA,0.997347702307189,0.00324125143750455,0.999492470764971,0.000560058487217369,0.0596256256103516,0.0134242466241718,3231.2,0.763762615825974,4848.4,1.52752523165195
"credit_data","da_smote","xgb",196,0,0,0,611.8,0.763762615825973,0,0,1,0,0,0,0.242634523583504,0.000229334464519416,0.3905162560326,0.000297056696889957,0,0,0.5,0,NA,NA,0.242634523583504,0.000229334464519422,0.5,0,0.0596256256103516,0.0134242466241718,3231.2,0.763762615825974,4848.4,1.52752523165195
"credit_data","da_smote_penn","knn",191,1.52752523165195,510.04,4.73004580668447,101.76,4.49332838773219,5,1.52752523165195,0.974489795918367,0.00779349607985688,0.83366883692805,0.00739364770332803,0.652539543194454,0.0110363489503704,0.781627483387897,0.00960936728337372,0.901324928790099,0.0064940032140072,0.904079316423208,0.00648443260801157,NA,NA,0.792391175827474,0.00984002110442918,0.950988093125076,0.0030279738017325,0.247812643051147,0.00748889329689554,3231.2,0.763762615825974,4685.44,6.28543289413439
"credit_data","da_smote_penn","logit",137.76,1.16476034731041,484.68,2.42761886080442,127.12,2.45492701860293,58.24,1.16476034731041,0.702857142857143,0.00594265483321636,0.792220287664205,0.00397048541511924,0.520118590073817,0.00513720595269489,0.597819881589414,0.00460574994406411,0.74619299989407,0.00355067321976674,0.747538715260674,0.00345556098596315,NA,NA,0.599351358853884,0.00238135530650948,0.827520233480953,0.00067834053082179,0.247812643051147,0.00748889329689554,3231.2,0.763762615825974,4685.44,6.28543289413439
"credit_data","da_smote_penn","rf",195.12,0.6,592.64,2.4644133852366,19.16,2.51130776024498,0.88,0.6,0.995510204081633,0.00306122448979591,0.968683576022991,0.00409877625874762,0.910714115658065,0.0107233406259261,0.951187293889353,0.00552326813918783,0.982001011314854,0.00210354646279622,0.982096890052312,0.00209311712933364,NA,NA,0.974100656776185,0.0088513334918199,0.994906027269059,0.00115183452610928,0.247812643051147,0.00748889329689554,3231.2,0.763762615825974,4685.44,6.28543289413439
"credit_data","da_smote_penn","svm_rbf",194.96,0.675771164423776,593.52,2.02319878739914,18.28,2.05182845286832,1.04,0.675771164423776,0.99469387755102,0.00344781206338662,0.970121805433686,0.00334595007240299,0.914355859152049,0.00882317926359497,0.952810816434321,0.0050720640256043,0.982328163932173,0.0023874411734807,0.982407841492353,0.00238844115662026,NA,NA,0.95439480735241,0.0127320113749124,0.995841919681806,0.00122714473484714,0.247812643051147,0.00748889329689554,3231.2,0.763762615825974,4685.44,6.28543289413439
"credit_data","da_smote_penn","xgb",196,0,0,0,611.8,0.763762615825973,0,0,1,0,0,0,0.242634523583504,0.000229334464519416,0.3905162560326,0.000297056696889957,0,0,0.5,0,NA,NA,0.242634523583504,0.000229334464519422,0.5,0,0.247812643051147,0.00748889329689554,3231.2,0.763762615825974,4685.44,6.28543289413439
"credit_data","ld_smote","knn",184.12,2.16641024123626,521.32,4.3081318457076,90.48,4.51958700178088,11.88,2.16641024123626,0.939387755102041,0.0110531134756952,0.852111451238031,0.00732471015764713,0.670657023438674,0.0115249460549179,0.782536066847676,0.00958297449772377,0.894664094064172,0.00663728883558794,0.895749603170036,0.00674939370989567,NA,NA,0.93379441431056,0.00480718654666838,0.969910995291321,0.00251911904978303,0.0450262451171875,0.00748036760613595,3231.2,0.763762615825974,4848.4,1.52752523165195
"credit_data","ld_smote","logit",141.2,0.707106781186548,496.56,1.26095202129185,115.24,1.05198225587063,54.8,0.707106781186547,0.720408163265306,0.00360768765911505,0.811637636866359,0.0017205563456684,0.550621374053214,0.00293007586806419,0.624172091201404,0.00298147445758854,0.764661537995937,0.00232255059224818,0.766022900065832,0.00225176987488984,NA,NA,0.606106307340408,0.00143333416398084,0.82756884872335,0.000358330141198107,0.0450262451171875,0.00748036760613595,3231.2,0.763762615825974,4848.4,1.52752523165195
"credit_data","ld_smote","rf",195.68,0.476095228569523,611.08,0.90921211313239,0.72,0.458257569495584,0.32,0.476095228569523,0.998367346938775,0.00242905728861999,0.998823100130444,0.000749062306217857,0.996344141717601,0.00232684557587978,0.997349525937159,0.000510777334545851,0.998594022616509,0.000889215648614648,0.99859522353461,0.000888005099600309,NA,NA,0.999979717887369,1.19289761900812e-05,0.999993494936753,3.82251242139993e-06,0.0450262451171875,0.00748036760613595,3231.2,0.763762615825974,4848.4,1.52752523165195
"credit_data","ld_smote","svm_rbf",195.92,0.276887462097269,609.52,0.822597511950204,2.28,0.458257569495584,0.08,0.276887462097269,0.999591836734694,0.00141269113314932,0.996273435553592,0.000748127061061889,0.988502065266599,0.00227697324347862,0.994013999734151,0.00123819919302645,0.99793090289261,0.000736191389233255,0.997932636144143,0.000736156641364433,NA,NA,0.998591396922362,0.00234000778875072,0.999706116311973,0.000437575586009089,0.0450262451171875,0.00748036760613595,3231.2,0.763762615825974,4848.4,1.52752523165195
"credit_data","ld_smote","xgb",196,0,0,0,611.8,0.763762615825973,0,0,1,0,0,0,0.242634523583504,0.000229334464519416,0.3905162560326,0.000297056696889957,0,0,0.5,0,NA,NA,0.242634523583504,0.000229334464519422,0.5,0,0.0450262451171875,0.00748036760613595,3231.2,0.763762615825974,4848.4,1.52752523165195
"credit_data","penn","knn",115,0,576.8,0.763762615825973,35,0,81,0,0.586734693877551,0,0.942791676458556,7.13881877560712e-05,0.766666666666667,0,0.664739884393064,0,0.743753040273476,2.81583128901417e-05,0.764763185168054,3.56940938780113e-05,NA,NA,0.759079904419335,0,0.917994453419127,0.000102331741151481,0.164345073699951,0.0461236993978815,3231.2,0.763762615825974,3216.2,0.763762615825974
"credit_data","penn","logit",78,0,575.8,0.763762615825973,36,0,118,0,0.397959183673469,0,0.941157152928801,7.34278502634055e-05,0.68421052631579,0,0.503225806451613,0,0.611998473642578,2.38735047811101e-05,0.669558168301135,3.67139251317027e-05,NA,NA,0.606062873973613,0.000146408895265218,0.829221784247902,4.39001414455703e-05,0.164345073699951,0.0461236993978815,3231.2,0.763762615825974,3216.2,0.763762615825974
"credit_data","penn","rf",193.04,1.20692446601544,609.8,0.763762615825973,2,0,2.96,1.20692446601545,0.984897959183674,0.00615777788783392,0.996730952940489,4.07932501464443e-06,0.989745316692305,6.33789244544942e-05,0.987306620285083,0.00312366109077907,0.990792146512506,0.00309637463548201,0.990814456062081,0.00307890814456642,NA,NA,0.998441538380769,0.000555950126082472,0.999540165266777,0.000156480558771656,0.164345073699951,0.0461236993978815,3231.2,0.763762615825974,3216.2,0.763762615825974
"credit_data","penn","svm_rbf",190.88,0.971253485622231,609.8,0.763762615825973,2,0,5.12,0.971253485622231,0.973877551020408,0.00495537492664404,0.996730952940489,4.07932501464443e-06,0.989630606449086,5.21535594222474e-05,0.981684915672672,0.00254181182060761,0.985234931631949,0.00250566579320971,0.985304251980449,0.00247750525788434,NA,NA,0.99944778559658,0,0.999820702776073,2.23738489391699e-07,0.164345073699951,0.0461236993978815,3231.2,0.763762615825974,3216.2,0.763762615825974
"credit_data","penn","xgb",196,0,0,0,611.8,0.763762615825973,0,0,1,0,0,0,0.242634523583504,0.000229334464519416,0.3905162560326,0.000297056696889957,0,0,0.5,0,NA,NA,0.242634523583504,0.000229334464519422,0.5,0,0.164345073699951,0.0461236993978815,3231.2,0.763762615825974,3216.2,0.763762615825974
"credit_data","smote","knn",192.28,1.79164728671689,515.08,3.17437657921468,96.72,3.23419232575925,3.72,1.79164728671689,0.981020408163265,0.00914105758529027,0.841910124231746,0.00524975713173749,0.66539890773996,0.00734973363143518,0.792923533535604,0.00635998996530713,0.908791727542049,0.00471305229282073,0.911465266197505,0.00489747755400138,NA,NA,0.960686237205662,0.00642418714328726,0.982908384153855,0.00295502026199293,0.04249755859375,0.0151679426122171,3231.2,0.763762615825974,4848.4,1.52752523165195
"credit_data","smote","logit",138.12,0.725718035235908,494.6,2.10158670215308,117.2,2.34520787991172,57.88,0.725718035235908,0.70469387755102,0.00370264303691786,0.808435978946997,0.00372735761325529,0.541008465386128,0.00510044481418666,0.612083468280421,0.00383024233993073,0.754780069598726,0.0025904320861015,0.756564928249009,0.00257794707095291,NA,NA,0.605947227419405,0.00118710294851194,0.829677753796786,0.000626940003905244,0.04249755859375,0.0151679426122171,3231.2,0.763762615825974,4848.4,1.52752523165195
"credit_data","smote","rf",195.6,0.577350269189626,611,0.912870929175277,0.8,0.408248290463863,0.4,0.577350269189626,0.997959183673469,0.00294566463872257,0.998692274204875,0.000667348641411875,0.995934942504921,0.00207446252188868,0.996940839375399,0.00104519503785562,0.998324228352596,0.00126113011433603,0.998325728939172,0.00125907989852593,NA,NA,0.999976583468417,1.68306345849989e-05,0.99999249398904,5.38509865677222e-06,0.04249755859375,0.0151679426122171,3231.2,0.763762615825974,4848.4,1.52752523165195
"credit_data","smote","svm_rbf",195.64,0.568624070307733,609.36,0.810349718742881,2.44,0.506622805119022,0.36,0.568624070307733,0.998163265306122,0.00290114321585576,0.996011997296086,0.000826868163524502,0.987685811511539,0.00253591432434526,0.9928944107828,0.00220093783686239,0.997086126870654,0.00162134296857369,0.997087631301104,0.00162157656846794,NA,NA,0.997750332061969,0.00314694895965706,0.999572992596167,0.000531948430109931,0.04249755859375,0.0151679426122171,3231.2,0.763762615825974,4848.4,1.52752523165195
"credit_data","smote","xgb",196,0,0,0,611.8,0.763762615825973,0,0,1,0,0,0,0.242634523583504,0.000229334464519416,0.3905162560326,0.000297056696889957,0,0,0.5,0,NA,NA,0.242634523583504,0.000229334464519422,0.5,0,0.04249755859375,0.0151679426122171,3231.2,0.763762615825974,4848.4,1.52752523165195
"credit_data","smote_enn","knn",177.72,2.22710574513201,435.04,6.38017763598057,176.76,6.57824698026255,18.28,2.22710574513201,0.906734693877551,0.0113627844139388,0.711085658742395,0.0106442401625189,0.50150225770641,0.00889581096121745,0.645748184563743,0.00795629414921984,0.802925174940538,0.00650928497561061,0.808910176309973,0.00644825221883813,NA,NA,0.562347161167007,0.0108921562296057,0.857507981855183,0.00628883299287413,0.270829048156738,0.0781758910521003,3231.2,0.763762615825974,3893.08,16.7454471424325
"credit_data","smote_enn","logit",158.84,1.1060440015358,441.72,3.9319206502675,170.08,4.27122152707318,37.16,1.1060440015358,0.810408163265306,0.00564308164048881,0.722004554605012,0.0068104665638279,0.482986524438141,0.00646534153806412,0.605229091316416,0.00564788179570423,0.764917240218876,0.00439970775863144,0.766206358935159,0.00433802378928784,NA,NA,0.611874560029528,0.00240910020959445,0.835394813370339,0.00118455767695837,0.270829048156738,0.0781758910521003,3231.2,0.763762615825974,3893.08,16.7454471424325
"credit_data","smote_enn","rf",179.12,1.83303027798234,522.68,3.71618083521241,89.12,3.96148120446549,16.88,1.83303027798234,0.913877551020408,0.00935219529582826,0.854334425749592,0.00640314621086819,0.667893047883832,0.00958738986400712,0.771701853785697,0.00718976381987091,0.883583614003204,0.00492377918621139,0.884105988385,0.00499409433910565,NA,NA,0.862135014183347,0.0114069387631278,0.949243344675203,0.00315683668767796,0.270829048156738,0.0781758910521003,3231.2,0.763762615825974,3893.08,16.7454471424325
"credit_data","smote_enn","svm_rbf",177.52,2.6,539.88,5.25452186216786,71.92,5.43077649451101,18.48,2.6,0.905714285714286,0.013265306122449,0.882448230461387,0.00883537121945885,0.711992812090072,0.0148922117747804,0.797120890729968,0.0102356901893972,0.893962682315491,0.00678441111097985,0.894081258087836,0.00682486142363031,NA,NA,0.864706850894049,0.0203102069209609,0.965531056966671,0.00414481872918721,0.270829048156738,0.0781758910521003,3231.2,0.763762615825974,3893.08,16.7454471424325
"credit_data","smote_enn","xgb",196,0,0,0,611.8,0.763762615825973,0,0,1,0,0,0,0.242634523583504,0.000229334464519416,0.3905162560326,0.000297056696889957,0,0,0.5,0,NA,NA,0.242634523583504,0.000229334464519422,0.5,0,0.270829048156738,0.0781758910521003,3231.2,0.763762615825974,3893.08,16.7454471424325
"credit_data","smote_tomek","knn",193,1.3228756555323,506.52,4.2142615011411,105.28,4.14849370253831,3,1.3228756555323,0.98469387755102,0.00674936558945051,0.82791740536646,0.00678433070922164,0.647154782460545,0.00916801312845644,0.780978691605587,0.0074660266418147,0.902897580015784,0.00495027749051893,0.90630564145874,0.00491192062734445,NA,NA,0.942120898040143,0.00796062667180607,0.981183997756097,0.00209480434070497,0.15741886138916,0.0506418169835745,3231.2,0.763762615825974,4794.36,6.40234332100365
"credit_data","smote_tomek","logit",139.64,0.952190457139047,490.52,2.25684145064143,121.28,2.03141986469235,56.36,0.952190457139047,0.712448979591837,0.00485811457724005,0.801764494382775,0.00336168920685724,0.535208597807942,0.00422808548412959,0.611227648012495,0.00363410823510003,0.755781828403058,0.00278146683511134,0.757106736987306,0.00270574378381634,NA,NA,0.606329652711561,0.00113260195494353,0.829992399646155,0.000713801578019783,0.15741886138916,0.0506418169835745,3231.2,0.763762615825974,4794.36,6.40234332100365
"credit_data","smote_tomek","rf",195.84,0.374165738677394,607.32,1.65126214353344,4.48,1.35769412362775,0.16,0.374165738677394,0.999183673469388,0.00190900887080301,0.992676950327562,0.00221991200494732,0.977677609671549,0.00660562301466969,0.988302542237969,0.00359435969857441,0.995924053666084,0.00152829854232127,0.995930311898475,0.00152681896059065,NA,NA,0.994692139517484,0.00296593730029549,0.998723078629732,0.00060323441135676,0.15741886138916,0.0506418169835745,3231.2,0.763762615825974,4794.36,6.40234332100365
"credit_data","smote_tomek","svm_rbf",195.64,0.568624070307733,604.6,2.10158670215308,7.2,1.95789002074512,0.36,0.568624070307733,0.998163265306122,0.00290114321585576,0.988231430236751,0.00319846155977185,0.964587335539376,0.00933769700925763,0.981065779930036,0.00519643169895553,0.993182945486739,0.00228638710996203,0.993197347771437,0.00228455459554539,NA,NA,0.983415668691535,0.011346540723523,0.99818758837721,0.00106944033942929,0.15741886138916,0.0506418169835745,3231.2,0.763762615825974,4794.36,6.40234332100365
"credit_data","smote_tomek","xgb",196,0,0,0,611.8,0.763762615825973,0,0,1,0,0,0,0.242634523583504,0.000229334464519416,0.3905162560326,0.000297056696889957,0,0,0.5,0,NA,NA,0.242634523583504,0.000229334464519422,0.5,0,0.15741886138916,0.0506418169835745,3231.2,0.763762615825974,4794.36,6.40234332100365
"glass0","adasyn","knn",42.64,0.489897948556636,0,0,0,0,0.16,0.374165738677394,0.996279069767442,0.00870152880645104,NA,NA,1,0,0.998117647058824,0.0044019498667929,NA,NA,0.996279069767442,0.00870152880645104,NA,NA,1,0,NA,NA,0.00134510040283203,0.000117167537017138,171.2,0.408248290463863,202.4,0.816496580927726
"glass0","adasyn","logit",33.24,0.969535971483266,0,0,0,0,9.56,0.869865890046659,0.776611295681063,0.0204279918364816,NA,NA,1,0,0.874115800557906,0.0131870711648034,NA,NA,0.776611295681063,0.0204279918364816,NA,NA,1,0,NA,NA,0.00134510040283203,0.000117167537017138,171.2,0.408248290463863,202.4,0.816496580927726
"glass0","adasyn","rf",42.8,0.408248290463863,0,0,0,0,0,0,1,0,NA,NA,1,0,1,0,NA,NA,1,0,NA,NA,1,0,NA,NA,0.00134510040283203,0.000117167537017138,171.2,0.408248290463863,202.4,0.816496580927726
"glass0","adasyn","svm_rbf",5.36,12.8513293735188,0,0,0,0,37.44,12.9069748585794,0.125581395348837,0.301653994676113,NA,NA,1,0,0.359842532634392,0.41079909741043,NA,NA,0.125581395348837,0.301653994676113,NA,NA,1,0,NA,NA,0.00134510040283203,0.000117167537017138,171.2,0.408248290463863,202.4,0.816496580927726
"glass0","adasyn","xgb",42.8,0.408248290463863,0,0,0,0,0,0,1,0,NA,NA,1,0,1,0,NA,NA,1,0,NA,NA,1,0,NA,NA,0.00134510040283203,0.000117167537017138,171.2,0.408248290463863,202.4,0.816496580927726
"glass0","baseline","knn",40.8,0.408248290463863,0,0,0,0,2,0,0.953266888150609,0.000452102204278951,NA,NA,1,0,0.976074332171893,0.000237077985170696,NA,NA,0.953266888150609,0.000452102204278951,NA,NA,1,0,NA,NA,1.50585174560547e-05,1.09039428018502e-05,171.2,0.408248290463863,171.2,0.408248290463863
"glass0","baseline","logit",25.8,0.408248290463863,0,0,0,0,17,0,0.602768549280177,0.00384286873637079,NA,NA,1,0,0.752152282067921,0.0030024749893514,NA,NA,0.602768549280177,0.00384286873637079,NA,NA,1,0,NA,NA,1.50585174560547e-05,1.09039428018502e-05,171.2,0.408248290463863,171.2,0.408248290463863
"glass0","baseline","rf",42.8,0.408248290463863,0,0,0,0,0,0,1,0,NA,NA,1,0,1,0,NA,NA,1,0,NA,NA,1,0,NA,NA,1.50585174560547e-05,1.09039428018502e-05,171.2,0.408248290463863,171.2,0.408248290463863
"glass0","baseline","svm_rbf",15.36,6.15683901581539,0,0,0,0,27.44,6.17845719685209,0.358936877076412,0.143459417030591,NA,NA,1,0,0.5322892883944,0.137744947499494,NA,NA,0.358936877076412,0.143459417030591,NA,NA,1,0,NA,NA,1.50585174560547e-05,1.09039428018502e-05,171.2,0.408248290463863,171.2,0.408248290463863
"glass0","baseline","xgb",42.8,0.408248290463863,0,0,0,0,0,0,1,0,NA,NA,1,0,1,0,NA,NA,1,0,NA,NA,1,0,NA,NA,1.50585174560547e-05,1.09039428018502e-05,171.2,0.408248290463863,171.2,0.408248290463863
"glass0","borderline_smote","knn",41.76,0.435889894354067,0,0,0,0,1.04,0.2,0.975703211517165,0.0046335513575528,NA,NA,1,0,0.987696804022814,0.00239991469833888,NA,NA,0.975703211517165,0.0046335513575528,NA,NA,1,0,NA,NA,0.00131102561950684,0.00067666085647691,171.2,0.408248290463863,202.4,0.816496580927726
"glass0","borderline_smote","logit",32.36,0.810349718742881,0,0,0,0,10.44,0.711805216802088,0.756057585825028,0.0166919109438856,NA,NA,1,0,0.860986590268205,0.0108055874152203,NA,NA,0.756057585825028,0.0166919109438856,NA,NA,1,0,NA,NA,0.00131102561950684,0.00067666085647691,171.2,0.408248290463863,202.4,0.816496580927726
"glass0","borderline_smote","rf",42.8,0.408248290463863,0,0,0,0,0,0,1,0,NA,NA,1,0,1,0,NA,NA,1,0,NA,NA,1,0,NA,NA,0.00131102561950684,0.00067666085647691,171.2,0.408248290463863,202.4,0.816496580927726
"glass0","borderline_smote","svm_rbf",15.08,19.6933152787098,0,0,0,0,27.72,19.971896922092,0.355260243632337,0.464343959676413,NA,NA,1,0,0.773224406330821,0.369197246546039,NA,NA,0.355260243632337,0.464343959676413,NA,NA,1,0,NA,NA,0.00131102561950684,0.00067666085647691,171.2,0.408248290463863,202.4,0.816496580927726
"glass0","borderline_smote","xgb",42.8,0.408248290463863,0,0,0,0,0,0,1,0,NA,NA,1,0,1,0,NA,NA,1,0,NA,NA,1,0,NA,NA,0.00131102561950684,0.00067666085647691,171.2,0.408248290463863,202.4,0.816496580927726
"glass0","da_smote","knn",41.96,0.789514618821801,0,0,0,0,0.84,0.553774924194538,0.980332225913621,0.0130044430858216,NA,NA,1,0,0.990026651389324,0.00663019957460904,NA,NA,0.980332225913621,0.0130044430858216,NA,NA,1,0,NA,NA,0.00084223747253418,2.57399146362943e-05,171.2,0.408248290463863,202.4,0.816496580927726
"glass0","da_smote","logit",30.84,0.374165738677394,0,0,0,0,11.96,0.2,0.720553709856035,0.00441442556544734,NA,NA,1,0,0.83757620634333,0.00296632341787704,NA,NA,0.720553709856035,0.00441442556544734,NA,NA,1,0,NA,NA,0.00084223747253418,2.57399146362943e-05,171.2,0.408248290463863,202.4,0.816496580927726
"glass0","da_smote","rf",42.8,0.408248290463863,0,0,0,0,0,0,1,0,NA,NA,1,0,1,0,NA,NA,1,0,NA,NA,1,0,NA,NA,0.00084223747253418,2.57399146362943e-05,171.2,0.408248290463863,202.4,0.816496580927726
"glass0","da_smote","svm_rbf",11.36,16.6505255172322,0,0,0,0,31.44,16.5279561148175,0.264318936877076,0.387177529810859,NA,NA,1,0,0.579125818463125,0.383935282199923,NA,NA,0.264318936877076,0.387177529810859,NA,NA,1,0,NA,NA,0.00084223747253418,2.57399146362943e-05,171.2,0.408248290463863,202.4,0.816496580927726
"glass0","da_smote","xgb",42.8,0.408248290463863,0,0,0,0,0,0,1,0,NA,NA,1,0,1,0,NA,NA,1,0,NA,NA,1,0,NA,NA,0.00084223747253418,2.57399146362943e-05,171.2,0.408248290463863,202.4,0.816496580927726
"glass0","da_smote_penn","knn",41.8,0.707106781186547,0,0,0,0,1,0.645497224367903,0.976655592469546,0.015085147313194,NA,NA,1,0,0.988133363953868,0.00772349573826983,NA,NA,0.976655592469546,0.015085147313194,NA,NA,1,0,NA,NA,0.00266786575317383,8.21644549137656e-05,171.2,0.408248290463863,194.24,1.12842072532072
"glass0","da_smote_penn","logit",31.52,0.918331820930394,0,0,0,0,11.28,0.7371114795832,0.736389811738649,0.0179429050181592,NA,NA,1,0,0.84806734867528,0.0118505769618301,NA,NA,0.736389811738649,0.0179429050181592,NA,NA,1,0,NA,NA,0.00266786575317383,8.21644549137656e-05,171.2,0.408248290463863,194.24,1.12842072532072
"glass0","da_smote_penn","rf",42.8,0.408248290463863,0,0,0,0,0,0,1,0,NA,NA,1,0,1,0,NA,NA,1,0,NA,NA,1,0,NA,NA,0.00266786575317383,8.21644549137656e-05,171.2,0.408248290463863,194.24,1.12842072532072
"glass0","da_smote_penn","svm_rbf",35.04,7.67832447000429,0,0,0,0,7.76,7.5953933407033,0.818383167220377,0.177189316847264,NA,NA,1,0,0.88863354773315,0.124243502028679,NA,NA,0.818383167220377,0.177189316847264,NA,NA,1,0,NA,NA,0.00266786575317383,8.21644549137656e-05,171.2,0.408248290463863,194.24,1.12842072532072
"glass0","da_smote_penn","xgb",42.8,0.408248290463863,0,0,0,0,0,0,1,0,NA,NA,1,0,1,0,NA,NA,1,0,NA,NA,1,0,NA,NA,0.00266786575317383,8.21644549137656e-05,171.2,0.408248290463863,194.24,1.12842072532072
"glass0","ld_smote","knn",41.12,0.66583281184794,0,0,0,0,1.68,0.476095228569523,0.960730897009967,0.0111705845924454,NA,NA,1,0,0.979940563236755,0.00578663151160049,NA,NA,0.960730897009967,0.0111705845924454,NA,NA,1,0,NA,NA,0.00113231658935547,0.00152381072059259,171.2,0.408248290463863,202.4,0.816496580927726
"glass0","ld_smote","logit",30.16,0.62449979983984,0,0,0,0,12.64,0.489897948556636,0.704651162790698,0.011683802794025,NA,NA,1,0,0.826686690549318,0.00801482132681946,NA,NA,0.704651162790698,0.011683802794025,NA,NA,1,0,NA,NA,0.00113231658935547,0.00152381072059259,171.2,0.408248290463863,202.4,0.816496580927726
"glass0","ld_smote","rf",42.8,0.408248290463863,0,0,0,0,0,0,1,0,NA,NA,1,0,1,0,NA,NA,1,0,NA,NA,1,0,NA,NA,0.00113231658935547,0.00152381072059259,171.2,0.408248290463863,202.4,0.816496580927726
"glass0","ld_smote","svm_rbf",11.16,18.2772171477681,0,0,0,0,31.64,18.1541547127189,0.25953488372093,0.425051561576001,NA,NA,1,0,0.621243710027065,0.453412628349645,NA,NA,0.25953488372093,0.425051561576001,NA,NA,1,0,NA,NA,0.00113231658935547,0.00152381072059259,171.2,0.408248290463863,202.4,0.816496580927726
"glass0","ld_smote","xgb",42.8,0.408248290463863,0,0,0,0,0,0,1,0,NA,NA,1,0,1,0,NA,NA,1,0,NA,NA,1,0,NA,NA,0.00113231658935547,0.00152381072059259,171.2,0.408248290463863,202.4,0.816496580927726
"glass0","penn","knn",40.8,0.408248290463863,0,0,0,0,2,0,0.953266888150609,0.000452102204278951,NA,NA,1,0,0.976074332171893,0.000237077985170696,NA,NA,0.953266888150609,0.000452102204278951,NA,NA,1,0,NA,NA,0.00159305572509766,3.54990426191747e-05,171.2,0.408248290463863,169.2,0.408248290463863
"glass0","penn","logit",25.8,0.408248290463863,0,0,0,0,17,0,0.602768549280177,0.00384286873637079,NA,NA,1,0,0.752152282067921,0.0030024749893514,NA,NA,0.602768549280177,0.00384286873637079,NA,NA,1,0,NA,NA,0.00159305572509766,3.54990426191747e-05,171.2,0.408248290463863,169.2,0.408248290463863
"glass0","penn","rf",42.8,0.408248290463863,0,0,0,0,0,0,1,0,NA,NA,1,0,1,0,NA,NA,1,0,NA,NA,1,0,NA,NA,0.00159305572509766,3.54990426191747e-05,171.2,0.408248290463863,169.2,0.408248290463863
"glass0","penn","svm_rbf",15.84,4.84492862004523,0,0,0,0,26.96,4.70354476255232,0.369723145071982,0.111900948977113,NA,NA,1,0,0.530226477537144,0.123022271036284,NA,NA,0.369723145071982,0.111900948977113,NA,NA,1,0,NA,NA,0.00159305572509766,3.54990426191747e-05,171.2,0.408248290463863,169.2,0.408248290463863
"glass0","penn","xgb",42.8,0.408248290463863,0,0,0,0,0,0,1,0,NA,NA,1,0,1,0,NA,NA,1,0,NA,NA,1,0,NA,NA,0.00159305572509766,3.54990426191747e-05,171.2,0.408248290463863,169.2,0.408248290463863
"glass0","smote","knn",42.28,0.678232998312527,0,0,0,0,0.52,0.509901951359279,0.987840531561462,0.0119245759547358,NA,NA,1,0,0.993848334514529,0.0060328447753453,NA,NA,0.987840531561462,0.0119245759547358,NA,NA,1,0,NA,NA,0.000651464462280273,9.74078034371186e-05,171.2,0.408248290463863,202.4,0.816496580927726
"glass0","smote","logit",32.44,0.820568908339411,0,0,0,0,10.36,0.810349718742881,0.75796234772979,0.0185233120157579,NA,NA,1,0,0.862195735172808,0.0122076265306487,NA,NA,0.75796234772979,0.0185233120157579,NA,NA,1,0,NA,NA,0.000651464462280273,9.74078034371186e-05,171.2,0.408248290463863,202.4,0.816496580927726
"glass0","smote","rf",42.8,0.408248290463863,0,0,0,0,0,0,1,0,NA,NA,1,0,1,0,NA,NA,1,0,NA,NA,1,0,NA,NA,0.000651464462280273,9.74078034371186e-05,171.2,0.408248290463863,202.4,0.816496580927726
"glass0","smote","svm_rbf",6.04,13.6274233318947,0,0,0,0,36.76,13.5624481565829,0.14062015503876,0.316874322880002,NA,NA,1,0,0.402984062902379,0.410523837656924,NA,NA,0.14062015503876,0.316874322880002,NA,NA,1,0,NA,NA,0.000651464462280273,9.74078034371186e-05,171.2,0.408248290463863,202.4,0.816496580927726
"glass0","smote","xgb",42.8,0.408248290463863,0,0,0,0,0,0,1,0,NA,NA,1,0,1,0,NA,NA,1,0,NA,NA,1,0,NA,NA,0.000651464462280273,9.74078034371186e-05,171.2,0.408248290463863,202.4,0.816496580927726
"glass0","smote_enn","knn",41.68,0.627162924074226,0,0,0,0,1.12,0.33166247903554,0.973798449612403,0.00793713029915329,NA,NA,1,0,0.986709439932306,0.00411258930534804,NA,NA,0.973798449612403,0.00793713029915329,NA,NA,1,0,NA,NA,0.0029700756072998,0.00144508270712729,171.2,0.408248290463863,161.68,1.90875177362939
"glass0","smote_enn","logit",36.48,0.918331820930394,0,0,0,0,6.32,0.690410505906933,0.852270210409745,0.0168191742338789,NA,NA,1,0,0.920157523347841,0.00991325148550621,NA,NA,0.852270210409745,0.0168191742338789,NA,NA,1,0,NA,NA,0.0029700756072998,0.00144508270712729,171.2,0.408248290463863,161.68,1.90875177362939
"glass0","smote_enn","rf",42.36,0.757187779440037,0,0,0,0,0.44,0.506622805119022,0.989678848283499,0.0118853017696657,NA,NA,1,0,0.994778171509568,0.00601320286292819,NA,NA,0.989678848283499,0.0118853017696657,NA,NA,1,0,NA,NA,0.0029700756072998,0.00144508270712729,171.2,0.408248290463863,161.68,1.90875177362939
"glass0","smote_enn","svm_rbf",35.04,1.17189305541646,0,0,0,0,7.76,1.09087121146357,0.818671096345515,0.0256077688648597,NA,NA,1,0,0.900087335316249,0.0154330802214291,NA,NA,0.818671096345515,0.0256077688648597,NA,NA,1,0,NA,NA,0.0029700756072998,0.00144508270712729,171.2,0.408248290463863,161.68,1.90875177362939
"glass0","smote_enn","xgb",42.8,0.408248290463863,0,0,0,0,0,0,1,0,NA,NA,1,0,1,0,NA,NA,1,0,NA,NA,1,0,NA,NA,0.0029700756072998,0.00144508270712729,171.2,0.408248290463863,161.68,1.90875177362939
"glass0","smote_tomek","knn",42.4,0.707106781186548,0,0,0,0,0.4,0.5,0.99063122923588,0.0117121087800514,NA,NA,1,0,0.995260099220411,0.00592546936828224,NA,NA,0.99063122923588,0.0117121087800514,NA,NA,1,0,NA,NA,0.00170378684997559,0.00055184812858329,171.2,0.408248290463863,198.12,1.92180470738661
"glass0","smote_tomek","logit",32.28,0.791622805802528,0,0,0,0,10.52,0.714142842854285,0.754197120708749,0.0166120031841456,NA,NA,1,0,0.859779572724346,0.0107479401198731,NA,NA,0.754197120708749,0.0166120031841456,NA,NA,1,0,NA,NA,0.00170378684997559,0.00055184812858329,171.2,0.408248290463863,198.12,1.92180470738661
"glass0","smote_tomek","rf",42.8,0.408248290463863,0,0,0,0,0,0,1,0,NA,NA,1,0,1,0,NA,NA,1,0,NA,NA,1,0,NA,NA,0.00170378684997559,0.00055184812858329,171.2,0.408248290463863,198.12,1.92180470738661
"glass0","smote_tomek","svm_rbf",24.56,19.89991624773,0,0,0,0,18.24,19.8835778135291,0.573665559246955,0.464685814355347,NA,NA,1,0,0.878053768574343,0.257900094719773,NA,NA,0.573665559246955,0.464685814355347,NA,NA,1,0,NA,NA,0.00170378684997559,0.00055184812858329,171.2,0.408248290463863,198.12,1.92180470738661
"glass0","smote_tomek","xgb",42.8,0.408248290463863,0,0,0,0,0,0,1,0,NA,NA,1,0,1,0,NA,NA,1,0,NA,NA,1,0,NA,NA,0.00170378684997559,0.00055184812858329,171.2,0.408248290463863,198.12,1.92180470738661
"glass4","adasyn","knn",0,0,0,0,42.8,0.408248290463863,0,0,NA,NA,0,0,0,0,NA,NA,NA,NA,0,0,NA,NA,NA,NA,NA,NA,3.23009490966797e-05,2.11364939531933e-06,171.2,0.408248290463863,171.2,0.408248290463863
"glass4","adasyn","logit",0,0,0,0,42.8,0.408248290463863,0,0,NA,NA,0,0,0,0,NA,NA,NA,NA,0,0,NA,NA,NA,NA,NA,NA,3.23009490966797e-05,2.11364939531933e-06,171.2,0.408248290463863,171.2,0.408248290463863
"glass4","adasyn","rf",0,0,0,0,42.8,0.408248290463863,0,0,NA,NA,0,0,0,0,NA,NA,NA,NA,0,0,NA,NA,NA,NA,NA,NA,3.23009490966797e-05,2.11364939531933e-06,171.2,0.408248290463863,171.2,0.408248290463863
"glass4","adasyn","svm_rbf",0,0,0,0,42.8,0.408248290463863,0,0,NA,NA,0,0,0,0,NA,NA,NA,NA,0,0,NA,NA,NA,NA,NA,NA,3.23009490966797e-05,2.11364939531933e-06,171.2,0.408248290463863,171.2,0.408248290463863
"glass4","adasyn","xgb",0,0,0,0,42.8,0.408248290463863,0,0,NA,NA,0,0,0,0,NA,NA,NA,NA,0,0,NA,NA,NA,NA,NA,NA,3.23009490966797e-05,2.11364939531933e-06,171.2,0.408248290463863,171.2,0.408248290463863
"glass4","baseline","knn",0,0,0,0,42.8,0.408248290463863,0,0,NA,NA,0,0,0,0,NA,NA,NA,NA,0,0,NA,NA,NA,NA,NA,NA,1.29318237304688e-05,8.20958872067483e-07,171.2,0.408248290463863,171.2,0.408248290463863
"glass4","baseline","logit",0,0,0,0,42.8,0.408248290463863,0,0,NA,NA,0,0,0,0,NA,NA,NA,NA,0,0,NA,NA,NA,NA,NA,NA,1.29318237304688e-05,8.20958872067483e-07,171.2,0.408248290463863,171.2,0.408248290463863
"glass4","baseline","rf",0,0,0,0,42.8,0.408248290463863,0,0,NA,NA,0,0,0,0,NA,NA,NA,NA,0,0,NA,NA,NA,NA,NA,NA,1.29318237304688e-05,8.20958872067483e-07,171.2,0.408248290463863,171.2,0.408248290463863
"glass4","baseline","svm_rbf",0,0,0,0,42.8,0.408248290463863,0,0,NA,NA,0,0,0,0,NA,NA,NA,NA,0,0,NA,NA,NA,NA,NA,NA,1.29318237304688e-05,8.20958872067483e-07,171.2,0.408248290463863,171.2,0.408248290463863
"glass4","baseline","xgb",0,0,0,0,42.8,0.408248290463863,0,0,NA,NA,0,0,0,0,NA,NA,NA,NA,0,0,NA,NA,NA,NA,NA,NA,1.29318237304688e-05,8.20958872067483e-07,171.2,0.408248290463863,171.2,0.408248290463863
"glass4","borderline_smote","knn",0,0,0,0,42.8,0.408248290463863,0,0,NA,NA,0,0,0,0,NA,NA,NA,NA,0,0,NA,NA,NA,NA,NA,NA,3.22246551513672e-05,3.05842500801829e-06,171.2,0.408248290463863,171.2,0.408248290463863
"glass4","borderline_smote","logit",0,0,0,0,42.8,0.408248290463863,0,0,NA,NA,0,0,0,0,NA,NA,NA,NA,0,0,NA,NA,NA,NA,NA,NA,3.22246551513672e-05,3.05842500801829e-06,171.2,0.408248290463863,171.2,0.408248290463863
"glass4","borderline_smote","rf",0,0,0,0,42.8,0.408248290463863,0,0,NA,NA,0,0,0,0,NA,NA,NA,NA,0,0,NA,NA,NA,NA,NA,NA,3.22246551513672e-05,3.05842500801829e-06,171.2,0.408248290463863,171.2,0.408248290463863
"glass4","borderline_smote","svm_rbf",0,0,0,0,42.8,0.408248290463863,0,0,NA,NA,0,0,0,0,NA,NA,NA,NA,0,0,NA,NA,NA,NA,NA,NA,3.22246551513672e-05,3.05842500801829e-06,171.2,0.408248290463863,171.2,0.408248290463863
"glass4","borderline_smote","xgb",0,0,0,0,42.8,0.408248290463863,0,0,NA,NA,0,0,0,0,NA,NA,NA,NA,0,0,NA,NA,NA,NA,NA,NA,3.22246551513672e-05,3.05842500801829e-06,171.2,0.408248290463863,171.2,0.408248290463863
"glass4","da_smote","knn",0,0,0,0,42.8,0.408248290463863,0,0,NA,NA,0,0,0,0,NA,NA,NA,NA,0,0,NA,NA,NA,NA,NA,NA,3.52382659912109e-05,1.30949473804506e-06,171.2,0.408248290463863,171.2,0.408248290463863
"glass4","da_smote","logit",0,0,0,0,42.8,0.408248290463863,0,0,NA,NA,0,0,0,0,NA,NA,NA,NA,0,0,NA,NA,NA,NA,NA,NA,3.52382659912109e-05,1.30949473804506e-06,171.2,0.408248290463863,171.2,0.408248290463863
"glass4","da_smote","rf",0,0,0,0,42.8,0.408248290463863,0,0,NA,NA,0,0,0,0,NA,NA,NA,NA,0,0,NA,NA,NA,NA,NA,NA,3.52382659912109e-05,1.30949473804506e-06,171.2,0.408248290463863,171.2,0.408248290463863
"glass4","da_smote","svm_rbf",0,0,0,0,42.8,0.408248290463863,0,0,NA,NA,0,0,0,0,NA,NA,NA,NA,0,0,NA,NA,NA,NA,NA,NA,3.52382659912109e-05,1.30949473804506e-06,171.2,0.408248290463863,171.2,0.408248290463863
"glass4","da_smote","xgb",0,0,0,0,42.8,0.408248290463863,0,0,NA,NA,0,0,0,0,NA,NA,NA,NA,0,0,NA,NA,NA,NA,NA,NA,3.52382659912109e-05,1.30949473804506e-06,171.2,0.408248290463863,171.2,0.408248290463863
"glass4","da_smote_penn","knn",0,0,0,0,42.8,0.408248290463863,0,0,NA,NA,0,0,0,0,NA,NA,NA,NA,0,0,NA,NA,NA,NA,NA,NA,0.00159245491027832,2.14878153123594e-05,171.2,0.408248290463863,171.2,0.408248290463863
"glass4","da_smote_penn","logit",0,0,0,0,42.8,0.408248290463863,0,0,NA,NA,0,0,0,0,NA,NA,NA,NA,0,0,NA,NA,NA,NA,NA,NA,0.00159245491027832,2.14878153123594e-05,171.2,0.408248290463863,171.2,0.408248290463863
"glass4","da_smote_penn","rf",0,0,0,0,42.8,0.408248290463863,0,0,NA,NA,0,0,0,0,NA,NA,NA,NA,0,0,NA,NA,NA,NA,NA,NA,0.00159245491027832,2.14878153123594e-05,171.2,0.408248290463863,171.2,0.408248290463863
"glass4","da_smote_penn","svm_rbf",0,0,0,0,42.8,0.408248290463863,0,0,NA,NA,0,0,0,0,NA,NA,NA,NA,0,0,NA,NA,NA,NA,NA,NA,0.00159245491027832,2.14878153123594e-05,171.2,0.408248290463863,171.2,0.408248290463863
"glass4","da_smote_penn","xgb",0,0,0,0,42.8,0.408248290463863,0,0,NA,NA,0,0,0,0,NA,NA,NA,NA,0,0,NA,NA,NA,NA,NA,NA,0.00159245491027832,2.14878153123594e-05,171.2,0.408248290463863,171.2,0.408248290463863
"glass4","ld_smote","knn",0,0,0,0,42.8,0.408248290463863,0,0,NA,NA,0,0,0,0,NA,NA,NA,NA,0,0,NA,NA,NA,NA,NA,NA,3.76701354980469e-05,1.74252287143713e-06,171.2,0.408248290463863,171.2,0.408248290463863
"glass4","ld_smote","logit",0,0,0,0,42.8,0.408248290463863,0,0,NA,NA,0,0,0,0,NA,NA,NA,NA,0,0,NA,NA,NA,NA,NA,NA,3.76701354980469e-05,1.74252287143713e-06,171.2,0.408248290463863,171.2,0.408248290463863
"glass4","ld_smote","rf",0,0,0,0,42.8,0.408248290463863,0,0,NA,NA,0,0,0,0,NA,NA,NA,NA,0,0,NA,NA,NA,NA,NA,NA,3.76701354980469e-05,1.74252287143713e-06,171.2,0.408248290463863,171.2,0.408248290463863
"glass4","ld_smote","svm_rbf",0,0,0,0,42.8,0.408248290463863,0,0,NA,NA,0,0,0,0,NA,NA,NA,NA,0,0,NA,NA,NA,NA,NA,NA,3.76701354980469e-05,1.74252287143713e-06,171.2,0.408248290463863,171.2,0.408248290463863
"glass4","ld_smote","xgb",0,0,0,0,42.8,0.408248290463863,0,0,NA,NA,0,0,0,0,NA,NA,NA,NA,0,0,NA,NA,NA,NA,NA,NA,3.76701354980469e-05,1.74252287143713e-06,171.2,0.408248290463863,171.2,0.408248290463863
"glass4","penn","knn",0,0,0,0,42.8,0.408248290463863,0,0,NA,NA,0,0,0,0,NA,NA,NA,NA,0,0,NA,NA,NA,NA,NA,NA,0.00157126426696777,2.2736379584031e-05,171.2,0.408248290463863,171.2,0.408248290463863
"glass4","penn","logit",0,0,0,0,42.8,0.408248290463863,0,0,NA,NA,0,0,0,0,NA,NA,NA,NA,0,0,NA,NA,NA,NA,NA,NA,0.00157126426696777,2.2736379584031e-05,171.2,0.408248290463863,171.2,0.408248290463863
"glass4","penn","rf",0,0,0,0,42.8,0.408248290463863,0,0,NA,NA,0,0,0,0,NA,NA,NA,NA,0,0,NA,NA,NA,NA,NA,NA,0.00157126426696777,2.2736379584031e-05,171.2,0.408248290463863,171.2,0.408248290463863
"glass4","penn","svm_rbf",0,0,0,0,42.8,0.408248290463863,0,0,NA,NA,0,0,0,0,NA,NA,NA,NA,0,0,NA,NA,NA,NA,NA,NA,0.00157126426696777,2.2736379584031e-05,171.2,0.408248290463863,171.2,0.408248290463863
"glass4","penn","xgb",0,0,0,0,42.8,0.408248290463863,0,0,NA,NA,0,0,0,0,NA,NA,NA,NA,0,0,NA,NA,NA,NA,NA,NA,0.00157126426696777,2.2736379584031e-05,171.2,0.408248290463863,171.2,0.408248290463863
"glass4","smote","knn",0,0,0,0,42.8,0.408248290463863,0,0,NA,NA,0,0,0,0,NA,NA,NA,NA,0,0,NA,NA,NA,NA,NA,NA,2.87246704101563e-05,2.08658259568419e-06,171.2,0.408248290463863,171.2,0.408248290463863
"glass4","smote","logit",0,0,0,0,42.8,0.408248290463863,0,0,NA,NA,0,0,0,0,NA,NA,NA,NA,0,0,NA,NA,NA,NA,NA,NA,2.87246704101563e-05,2.08658259568419e-06,171.2,0.408248290463863,171.2,0.408248290463863
"glass4","smote","rf",0,0,0,0,42.8,0.408248290463863,0,0,NA,NA,0,0,0,0,NA,NA,NA,NA,0,0,NA,NA,NA,NA,NA,NA,2.87246704101563e-05,2.08658259568419e-06,171.2,0.408248290463863,171.2,0.408248290463863
"glass4","smote","svm_rbf",0,0,0,0,42.8,0.408248290463863,0,0,NA,NA,0,0,0,0,NA,NA,NA,NA,0,0,NA,NA,NA,NA,NA,NA,2.87246704101563e-05,2.08658259568419e-06,171.2,0.408248290463863,171.2,0.408248290463863
"glass4","smote","xgb",0,0,0,0,42.8,0.408248290463863,0,0,NA,NA,0,0,0,0,NA,NA,NA,NA,0,0,NA,NA,NA,NA,NA,NA,2.87246704101563e-05,2.08658259568419e-06,171.2,0.408248290463863,171.2,0.408248290463863
"glass4","smote_enn","knn",0,0,0,0,42.8,0.408248290463863,0,0,NA,NA,0,0,0,0,NA,NA,NA,NA,0,0,NA,NA,NA,NA,NA,NA,0.00166099548339844,1.75844167947455e-05,171.2,0.408248290463863,171.2,0.408248290463863
"glass4","smote_enn","logit",0,0,0,0,42.8,0.408248290463863,0,0,NA,NA,0,0,0,0,NA,NA,NA,NA,0,0,NA,NA,NA,NA,NA,NA,0.00166099548339844,1.75844167947455e-05,171.2,0.408248290463863,171.2,0.408248290463863
"glass4","smote_enn","rf",0,0,0,0,42.8,0.408248290463863,0,0,NA,NA,0,0,0,0,NA,NA,NA,NA,0,0,NA,NA,NA,NA,NA,NA,0.00166099548339844,1.75844167947455e-05,171.2,0.408248290463863,171.2,0.408248290463863
"glass4","smote_enn","svm_rbf",0,0,0,0,42.8,0.408248290463863,0,0,NA,NA,0,0,0,0,NA,NA,NA,NA,0,0,NA,NA,NA,NA,NA,NA,0.00166099548339844,1.75844167947455e-05,171.2,0.408248290463863,171.2,0.408248290463863
"glass4","smote_enn","xgb",0,0,0,0,42.8,0.408248290463863,0,0,NA,NA,0,0,0,0,NA,NA,NA,NA,0,0,NA,NA,NA,NA,NA,NA,0.00166099548339844,1.75844167947455e-05,171.2,0.408248290463863,171.2,0.408248290463863
"glass4","smote_tomek","knn",0,0,0,0,42.8,0.408248290463863,0,0,NA,NA,0,0,0,0,NA,NA,NA,NA,0,0,NA,NA,NA,NA,NA,NA,0.000790739059448242,1.06053843928097e-05,171.2,0.408248290463863,171.2,0.408248290463863
"glass4","smote_tomek","logit",0,0,0,0,42.8,0.408248290463863,0,0,NA,NA,0,0,0,0,NA,NA,NA,NA,0,0,NA,NA,NA,NA,NA,NA,0.000790739059448242,1.06053843928097e-05,171.2,0.408248290463863,171.2,0.408248290463863
"glass4","smote_tomek","rf",0,0,0,0,42.8,0.408248290463863,0,0,NA,NA,0,0,0,0,NA,NA,NA,NA,0,0,NA,NA,NA,NA,NA,NA,0.000790739059448242,1.06053843928097e-05,171.2,0.408248290463863,171.2,0.408248290463863
"glass4","smote_tomek","svm_rbf",0,0,0,0,42.8,0.408248290463863,0,0,NA,NA,0,0,0,0,NA,NA,NA,NA,0,0,NA,NA,NA,NA,NA,NA,0.000790739059448242,1.06053843928097e-05,171.2,0.408248290463863,171.2,0.408248290463863
"glass4","smote_tomek","xgb",0,0,0,0,42.8,0.408248290463863,0,0,NA,NA,0,0,0,0,NA,NA,NA,NA,0,0,NA,NA,NA,NA,NA,NA,0.000790739059448242,1.06053843928097e-05,171.2,0.408248290463863,171.2,0.408248290463863
"hacide","adasyn","knn",0,0,0,0,200,0,0,0,NA,NA,0,0,0,0,NA,NA,NA,NA,0,0,NA,NA,NA,NA,NA,NA,4.94098663330078e-05,3.79495179475464e-06,800,0,800,0
"hacide","adasyn","logit",0,0,0,0,200,0,0,0,NA,NA,0,0,0,0,NA,NA,NA,NA,0,0,NA,NA,NA,NA,NA,NA,4.94098663330078e-05,3.79495179475464e-06,800,0,800,0
"hacide","adasyn","rf",0,0,0,0,200,0,0,0,NA,NA,0,0,0,0,NA,NA,NA,NA,0,0,NA,NA,NA,NA,NA,NA,4.94098663330078e-05,3.79495179475464e-06,800,0,800,0
"hacide","adasyn","svm_rbf",0,0,0,0,200,0,0,0,NA,NA,0,0,0,0,NA,NA,NA,NA,0,0,NA,NA,NA,NA,NA,NA,4.94098663330078e-05,3.79495179475464e-06,800,0,800,0
"hacide","adasyn","xgb",0,0,0,0,200,0,0,0,NA,NA,0,0,0,0,NA,NA,NA,NA,0,0,NA,NA,NA,NA,NA,NA,4.94098663330078e-05,3.79495179475464e-06,800,0,800,0
"hacide","baseline","knn",0,0,0,0,200,0,0,0,NA,NA,0,0,0,0,NA,NA,NA,NA,0,0,NA,NA,NA,NA,NA,NA,1.72233581542969e-05,2.20379257360293e-06,800,0,800,0
"hacide","baseline","logit",0,0,0,0,200,0,0,0,NA,NA,0,0,0,0,NA,NA,NA,NA,0,0,NA,NA,NA,NA,NA,NA,1.72233581542969e-05,2.20379257360293e-06,800,0,800,0
"hacide","baseline","rf",0,0,0,0,200,0,0,0,NA,NA,0,0,0,0,NA,NA,NA,NA,0,0,NA,NA,NA,NA,NA,NA,1.72233581542969e-05,2.20379257360293e-06,800,0,800,0
"hacide","baseline","svm_rbf",0,0,0,0,200,0,0,0,NA,NA,0,0,0,0,NA,NA,NA,NA,0,0,NA,NA,NA,NA,NA,NA,1.72233581542969e-05,2.20379257360293e-06,800,0,800,0
"hacide","baseline","xgb",0,0,0,0,200,0,0,0,NA,NA,0,0,0,0,NA,NA,NA,NA,0,0,NA,NA,NA,NA,NA,NA,1.72233581542969e-05,2.20379257360293e-06,800,0,800,0
"hacide","borderline_smote","knn",0,0,0,0,200,0,0,0,NA,NA,0,0,0,0,NA,NA,NA,NA,0,0,NA,NA,NA,NA,NA,NA,5.28621673583984e-05,9.47533146406456e-06,800,0,800,0
"hacide","borderline_smote","logit",0,0,0,0,200,0,0,0,NA,NA,0,0,0,0,NA,NA,NA,NA,0,0,NA,NA,NA,NA,NA,NA,5.28621673583984e-05,9.47533146406456e-06,800,0,800,0
"hacide","borderline_smote","rf",0,0,0,0,200,0,0,0,NA,NA,0,0,0,0,NA,NA,NA,NA,0,0,NA,NA,NA,NA,NA,NA,5.28621673583984e-05,9.47533146406456e-06,800,0,800,0
"hacide","borderline_smote","svm_rbf",0,0,0,0,200,0,0,0,NA,NA,0,0,0,0,NA,NA,NA,NA,0,0,NA,NA,NA,NA,NA,NA,5.28621673583984e-05,9.47533146406456e-06,800,0,800,0
"hacide","borderline_smote","xgb",0,0,0,0,200,0,0,0,NA,NA,0,0,0,0,NA,NA,NA,NA,0,0,NA,NA,NA,NA,NA,NA,5.28621673583984e-05,9.47533146406456e-06,800,0,800,0
"hacide","da_smote","knn",0,0,0,0,200,0,0,0,NA,NA,0,0,0,0,NA,NA,NA,NA,0,0,NA,NA,NA,NA,NA,NA,5.57804107666016e-05,6.25270621877241e-06,800,0,800,0
"hacide","da_smote","logit",0,0,0,0,200,0,0,0,NA,NA,0,0,0,0,NA,NA,NA,NA,0,0,NA,NA,NA,NA,NA,NA,5.57804107666016e-05,6.25270621877241e-06,800,0,800,0
"hacide","da_smote","rf",0,0,0,0,200,0,0,0,NA,NA,0,0,0,0,NA,NA,NA,NA,0,0,NA,NA,NA,NA,NA,NA,5.57804107666016e-05,6.25270621877241e-06,800,0,800,0
"hacide","da_smote","svm_rbf",0,0,0,0,200,0,0,0,NA,NA,0,0,0,0,NA,NA,NA,NA,0,0,NA,NA,NA,NA,NA,NA,5.57804107666016e-05,6.25270621877241e-06,800,0,800,0
"hacide","da_smote","xgb",0,0,0,0,200,0,0,0,NA,NA,0,0,0,0,NA,NA,NA,NA,0,0,NA,NA,NA,NA,NA,NA,5.57804107666016e-05,6.25270621877241e-06,800,0,800,0
"hacide","da_smote_penn","knn",0,0,0,0,200,0,0,0,NA,NA,0,0,0,0,NA,NA,NA,NA,0,0,NA,NA,NA,NA,NA,NA,0.00550851821899414,0.00429963053245515,800,0,800,0
"hacide","da_smote_penn","logit",0,0,0,0,200,0,0,0,NA,NA,0,0,0,0,NA,NA,NA,NA,0,0,NA,NA,NA,NA,NA,NA,0.00550851821899414,0.00429963053245515,800,0,800,0
"hacide","da_smote_penn","rf",0,0,0,0,200,0,0,0,NA,NA,0,0,0,0,NA,NA,NA,NA,0,0,NA,NA,NA,NA,NA,NA,0.00550851821899414,0.00429963053245515,800,0,800,0
"hacide","da_smote_penn","svm_rbf",0,0,0,0,200,0,0,0,NA,NA,0,0,0,0,NA,NA,NA,NA,0,0,NA,NA,NA,NA,NA,NA,0.00550851821899414,0.00429963053245515,800,0,800,0
"hacide","da_smote_penn","xgb",0,0,0,0,200,0,0,0,NA,NA,0,0,0,0,NA,NA,NA,NA,0,0,NA,NA,NA,NA,NA,NA,0.00550851821899414,0.00429963053245515,800,0,800,0
"hacide","ld_smote","knn",0,0,0,0,200,0,0,0,NA,NA,0,0,0,0,NA,NA,NA,NA,0,0,NA,NA,NA,NA,NA,NA,5.90038299560547e-05,3.38515203295408e-06,800,0,800,0
"hacide","ld_smote","logit",0,0,0,0,200,0,0,0,NA,NA,0,0,0,0,NA,NA,NA,NA,0,0,NA,NA,NA,NA,NA,NA,5.90038299560547e-05,3.38515203295408e-06,800,0,800,0
"hacide","ld_smote","rf",0,0,0,0,200,0,0,0,NA,NA,0,0,0,0,NA,NA,NA,NA,0,0,NA,NA,NA,NA,NA,NA,5.90038299560547e-05,3.38515203295408e-06,800,0,800,0
"hacide","ld_smote","svm_rbf",0,0,0,0,200,0,0,0,NA,NA,0,0,0,0,NA,NA,NA,NA,0,0,NA,NA,NA,NA,NA,NA,5.90038299560547e-05,3.38515203295408e-06,800,0,800,0
"hacide","ld_smote","xgb",0,0,0,0,200,0,0,0,NA,NA,0,0,0,0,NA,NA,NA,NA,0,0,NA,NA,NA,NA,NA,NA,5.90038299560547e-05,3.38515203295408e-06,800,0,800,0
"hacide","penn","knn",0,0,0,0,200,0,0,0,NA,NA,0,0,0,0,NA,NA,NA,NA,0,0,NA,NA,NA,NA,NA,NA,0.00391842842102051,0.000538976477922065,800,0,800,0
"hacide","penn","logit",0,0,0,0,200,0,0,0,NA,NA,0,0,0,0,NA,NA,NA,NA,0,0,NA,NA,NA,NA,NA,NA,0.00391842842102051,0.000538976477922065,800,0,800,0
"hacide","penn","rf",0,0,0,0,200,0,0,0,NA,NA,0,0,0,0,NA,NA,NA,NA,0,0,NA,NA,NA,NA,NA,NA,0.00391842842102051,0.000538976477922065,800,0,800,0
"hacide","penn","svm_rbf",0,0,0,0,200,0,0,0,NA,NA,0,0,0,0,NA,NA,NA,NA,0,0,NA,NA,NA,NA,NA,NA,0.00391842842102051,0.000538976477922065,800,0,800,0
"hacide","penn","xgb",0,0,0,0,200,0,0,0,NA,NA,0,0,0,0,NA,NA,NA,NA,0,0,NA,NA,NA,NA,NA,NA,0.00391842842102051,0.000538976477922065,800,0,800,0
"hacide","smote","knn",0,0,0,0,200,0,0,0,NA,NA,0,0,0,0,NA,NA,NA,NA,0,0,NA,NA,NA,NA,NA,NA,4.27532196044922e-05,2.50028992883801e-06,800,0,800,0
"hacide","smote","logit",0,0,0,0,200,0,0,0,NA,NA,0,0,0,0,NA,NA,NA,NA,0,0,NA,NA,NA,NA,NA,NA,4.27532196044922e-05,2.50028992883801e-06,800,0,800,0
"hacide","smote","rf",0,0,0,0,200,0,0,0,NA,NA,0,0,0,0,NA,NA,NA,NA,0,0,NA,NA,NA,NA,NA,NA,4.27532196044922e-05,2.50028992883801e-06,800,0,800,0
"hacide","smote","svm_rbf",0,0,0,0,200,0,0,0,NA,NA,0,0,0,0,NA,NA,NA,NA,0,0,NA,NA,NA,NA,NA,NA,4.27532196044922e-05,2.50028992883801e-06,800,0,800,0
"hacide","smote","xgb",0,0,0,0,200,0,0,0,NA,NA,0,0,0,0,NA,NA,NA,NA,0,0,NA,NA,NA,NA,NA,NA,4.27532196044922e-05,2.50028992883801e-06,800,0,800,0
"hacide","smote_enn","knn",0,0,0,0,200,0,0,0,NA,NA,0,0,0,0,NA,NA,NA,NA,0,0,NA,NA,NA,NA,NA,NA,0.00437352180480957,5.82975809887664e-05,800,0,800,0
"hacide","smote_enn","logit",0,0,0,0,200,0,0,0,NA,NA,0,0,0,0,NA,NA,NA,NA,0,0,NA,NA,NA,NA,NA,NA,0.00437352180480957,5.82975809887664e-05,800,0,800,0
"hacide","smote_enn","rf",0,0,0,0,200,0,0,0,NA,NA,0,0,0,0,NA,NA,NA,NA,0,0,NA,NA,NA,NA,NA,NA,0.00437352180480957,5.82975809887664e-05,800,0,800,0
"hacide","smote_enn","svm_rbf",0,0,0,0,200,0,0,0,NA,NA,0,0,0,0,NA,NA,NA,NA,0,0,NA,NA,NA,NA,NA,NA,0.00437352180480957,5.82975809887664e-05,800,0,800,0
"hacide","smote_enn","xgb",0,0,0,0,200,0,0,0,NA,NA,0,0,0,0,NA,NA,NA,NA,0,0,NA,NA,NA,NA,NA,NA,0.00437352180480957,5.82975809887664e-05,800,0,800,0
"hacide","smote_tomek","knn",0,0,0,0,200,0,0,0,NA,NA,0,0,0,0,NA,NA,NA,NA,0,0,NA,NA,NA,NA,NA,NA,0.00109257698059082,1.89921013682335e-05,800,0,800,0
"hacide","smote_tomek","logit",0,0,0,0,200,0,0,0,NA,NA,0,0,0,0,NA,NA,NA,NA,0,0,NA,NA,NA,NA,NA,NA,0.00109257698059082,1.89921013682335e-05,800,0,800,0
"hacide","smote_tomek","rf",0,0,0,0,200,0,0,0,NA,NA,0,0,0,0,NA,NA,NA,NA,0,0,NA,NA,NA,NA,NA,NA,0.00109257698059082,1.89921013682335e-05,800,0,800,0
"hacide","smote_tomek","svm_rbf",0,0,0,0,200,0,0,0,NA,NA,0,0,0,0,NA,NA,NA,NA,0,0,NA,NA,NA,NA,NA,NA,0.00109257698059082,1.89921013682335e-05,800,0,800,0
"hacide","smote_tomek","xgb",0,0,0,0,200,0,0,0,NA,NA,0,0,0,0,NA,NA,NA,NA,0,0,NA,NA,NA,NA,NA,NA,0.00109257698059082,1.89921013682335e-05,800,0,800,0
"newthyroid1","adasyn","knn",11,0,32,0,0,0,0,0,1,0,1,0,1,0,1,0,1,0,1,0,1,0,1,0,1,0,0.00142858505249023,2.90323711202428e-05,172,0,284,0
"newthyroid1","adasyn","logit",11,0,32,0,0,0,0,0,1,0,1,0,1,0,1,0,1,0,1,0,1,0,1,0,1,0,0.00142858505249023,2.90323711202428e-05,172,0,284,0
"newthyroid1","adasyn","rf",11,0,32,0,0,0,0,0,1,0,1,0,1,0,1,0,1,0,1,0,1,0,1,0,1,0,0.00142858505249023,2.90323711202428e-05,172,0,284,0
"newthyroid1","adasyn","svm_rbf",11,0,29,0.957427107756338,3,0.957427107756338,0,0,1,0,0.90625,0.0299195971173856,0.789360805860806,0.0557841887849993,0.881257921466617,0.034261161736699,0.951847588288433,0.0156846750276116,0.953125,0.0149597985586928,0.845647608555888,0.043704798305949,1,0,1,0,0.00142858505249023,2.90323711202428e-05,172,0,284,0
"newthyroid1","adasyn","xgb",11,0,0,0,32,0,0,0,1,0,0,0,0.255813953488372,0,0.407407407407407,0,0,0,0.5,0,NA,NA,0.255813953488372,0,0.5,0,0.00142858505249023,2.90323711202428e-05,172,0,284,0
"newthyroid1","baseline","knn",11,0,32,0,0,0,0,0,1,0,1,0,1,0,1,0,1,0,1,0,1,0,1,0,1,0,1.33514404296875e-05,8.23033459075609e-07,172,0,172,0
"newthyroid1","baseline","logit",11,0,32,0,0,0,0,0,1,0,1,0,1,0,1,0,1,0,1,0,1,0,1,0,1,0,1.33514404296875e-05,8.23033459075609e-07,172,0,172,0
"newthyroid1","baseline","rf",11,0,32,0,0,0,0,0,1,0,1,0,1,0,1,0,1,0,1,0,1,0,1,0,1,0,1.33514404296875e-05,8.23033459075609e-07,172,0,172,0
"newthyroid1","baseline","svm_rbf",11,0,32,0,0,0,0,0,1,0,1,0,1,0,1,0,1,0,1,0,1,0,1,0,1,0,1.33514404296875e-05,8.23033459075609e-07,172,0,172,0
"newthyroid1","baseline","xgb",11,0,0,0,32,0,0,0,1,0,0,0,0.255813953488372,0,0.407407407407407,0,0,0,0.5,0,NA,NA,0.255813953488372,0,0.5,0,1.33514404296875e-05,8.23033459075609e-07,172,0,172,0
"newthyroid1","borderline_smote","knn",11,0,32,0,0,0,0,0,1,0,1,0,1,0,1,0,1,0,1,0,1,0,1,0,1,0,0.00165281295776367,0.00144786631532683,172,0,284,0
"newthyroid1","borderline_smote","logit",11,0,32,0,0,0,0,0,1,0,1,0,1,0,1,0,1,0,1,0,1,0,1,0,1,0,0.00165281295776367,0.00144786631532683,172,0,284,0
"newthyroid1","borderline_smote","rf",11,0,32,0,0,0,0,0,1,0,1,0,1,0,1,0,1,0,1,0,1,0,1,0,1,0,0.00165281295776367,0.00144786631532683,172,0,284,0
"newthyroid1","borderline_smote","svm_rbf",11,0,30.08,1.0770329614269,1.92,1.0770329614269,0,0,1,0,0.94,0.0336572800445906,0.856871794871795,0.0685542397812964,0.921483612040134,0.0405301848268578,0.969385218637706,0.017449268332537,0.97,0.0168286400222953,0.89725647968604,0.05206450346674,1,0,1,0,0.00165281295776367,0.00144786631532683,172,0,284,0
"newthyroid1","borderline_smote","xgb",11,0,0,0,32,0,0,0,1,0,0,0,0.255813953488372,0,0.407407407407407,0,0,0,0.5,0,NA,NA,0.255813953488372,0,0.5,0,0.00165281295776367,0.00144786631532683,172,0,284,0
"newthyroid1","da_smote","knn",11,0,32,0,0,0,0,0,1,0,1,0,1,0,1,0,1,0,1,0,1,0,1,0,1,0,0.00152248382568359,0.00153800864255961,172,0,284,0
"newthyroid1","da_smote","logit",11,0,31.84,0.374165738677394,0.16,0.374165738677394,0,0,1,0,0.995,0.0116926793336686,0.986666666666667,0.0311804782231162,0.99304347826087,0.0162680755946693,0.997480157480236,0.00589274211098825,0.9975,0.00584633966683428,0.990775771705315,0.0215711887100603,0.986666666666667,0.0311804782231161,0.9975,0.00584633966683428,0.00152248382568359,0.00153800864255961,172,0,284,0
"newthyroid1","da_smote","rf",11,0,32,0,0,0,0,0,1,0,1,0,1,0,1,0,1,0,1,0,1,0,1,0,1,0,0.00152248382568359,0.00153800864255961,172,0,284,0
"newthyroid1","da_smote","svm_rbf",11,0,32,0,0,0,0,0,1,0,1,0,1,0,1,0,1,0,1,0,1,0,1,0,1,0,0.00152248382568359,0.00153800864255961,172,0,284,0
"newthyroid1","da_smote","xgb",11,0,0,0,32,0,0,0,1,0,0,0,0.255813953488372,0,0.407407407407407,0,0,0,0.5,0,NA,NA,0.255813953488372,0,0.5,0,0.00152248382568359,0.00153800864255961,172,0,284,0
"newthyroid1","da_smote_penn","knn",11,0,32,0,0,0,0,0,1,0,1,0,1,0,1,0,1,0,1,0,1,0,1,0,1,0,0.00298829078674316,8.61036080929848e-05,172,0,283.44,0.58309518948453
"newthyroid1","da_smote_penn","logit",11,0,31.96,0.2,0.04,0.2,0,0,1,0,0.99875,0.00625,0.996666666666667,0.0166666666666667,0.998260869565217,0.00869565217391303,0.999370039370059,0.00314980314970472,0.999375,0.003125,0.997693942926329,0.011530285368356,0.996666666666667,0.0166666666666667,0.999375,0.003125,0.00298829078674316,8.61036080929848e-05,172,0,283.44,0.58309518948453
"newthyroid1","da_smote_penn","rf",11,0,32,0,0,0,0,0,1,0,1,0,1,0,1,0,1,0,1,0,1,0,1,0,1,0,0.00298829078674316,8.61036080929848e-05,172,0,283.44,0.58309518948453
"newthyroid1","da_smote_penn","svm_rbf",11,0,32,0,0,0,0,0,1,0,1,0,1,0,1,0,1,0,1,0,1,0,1,0,1,0,0.00298829078674316,8.61036080929848e-05,172,0,283.44,0.58309518948453
"newthyroid1","da_smote_penn","xgb",11,0,0,0,32,0,0,0,1,0,0,0,0.255813953488372,0,0.407407407407407,0,0,0,0.5,0,NA,NA,0.255813953488372,0,0.5,0,0.00298829078674316,8.61036080929848e-05,172,0,283.44,0.58309518948453
"newthyroid1","ld_smote","knn",11,0,32,0,0,0,0,0,1,0,1,0,1,0,1,0,1,0,1,0,1,0,1,0,1,0,0.0017494010925293,0.00056034514803361,172,0,284,0
"newthyroid1","ld_smote","logit",11,0,32,0,0,0,0,0,1,0,1,0,1,0,1,0,1,0,1,0,1,0,1,0,1,0,0.0017494010925293,0.00056034514803361,172,0,284,0
"newthyroid1","ld_smote","rf",11,0,32,0,0,0,0,0,1,0,1,0,1,0,1,0,1,0,1,0,1,0,1,0,1,0,0.0017494010925293,0.00056034514803361,172,0,284,0
"newthyroid1","ld_smote","svm_rbf",11,0,32,0,0,0,0,0,1,0,1,0,1,0,1,0,1,0,1,0,1,0,1,0,1,0,0.0017494010925293,0.00056034514803361,172,0,284,0
"newthyroid1","ld_smote","xgb",11,0,0,0,32,0,0,0,1,0,0,0,0.255813953488372,0,0.407407407407407,0,0,0,0.5,0,NA,NA,0.255813953488372,0,0.5,0,0.0017494010925293,0.00056034514803361,172,0,284,0
"newthyroid1","penn","knn",11,0,32,0,0,0,0,0,1,0,1,0,1,0,1,0,1,0,1,0,1,0,1,0,1,0,0.00122513771057129,2.71391670659621e-05,172,0,172,0
"newthyroid1","penn","logit",11,0,32,0,0,0,0,0,1,0,1,0,1,0,1,0,1,0,1,0,1,0,1,0,1,0,0.00122513771057129,2.71391670659621e-05,172,0,172,0
"newthyroid1","penn","rf",11,0,32,0,0,0,0,0,1,0,1,0,1,0,1,0,1,0,1,0,1,0,1,0,1,0,0.00122513771057129,2.71391670659621e-05,172,0,172,0
"newthyroid1","penn","svm_rbf",11,0,32,0,0,0,0,0,1,0,1,0,1,0,1,0,1,0,1,0,1,0,1,0,1,0,0.00122513771057129,2.71391670659621e-05,172,0,172,0
"newthyroid1","penn","xgb",11,0,0,0,32,0,0,0,1,0,0,0,0.255813953488372,0,0.407407407407407,0,0,0,0.5,0,NA,NA,0.255813953488372,0,0.5,0,0.00122513771057129,2.71391670659621e-05,172,0,172,0
"newthyroid1","smote","knn",11,0,32,0,0,0,0,0,1,0,1,0,1,0,1,0,1,0,1,0,1,0,1,0,1,0,0.00142885208129883,0.00137768916905247,172,0,284,0
"newthyroid1","smote","logit",11,0,32,0,0,0,0,0,1,0,1,0,1,0,1,0,1,0,1,0,1,0,1,0,1,0,0.00142885208129883,0.00137768916905247,172,0,284,0
"newthyroid1","smote","rf",11,0,32,0,0,0,0,0,1,0,1,0,1,0,1,0,1,0,1,0,1,0,1,0,1,0,0.00142885208129883,0.00137768916905247,172,0,284,0
"newthyroid1","smote","svm_rbf",11,0,32,0,0,0,0,0,1,0,1,0,1,0,1,0,1,0,1,0,1,0,1,0,1,0,0.00142885208129883,0.00137768916905247,172,0,284,0
"newthyroid1","smote","xgb",11,0,0,0,32,0,0,0,1,0,0,0,0.255813953488372,0,0.407407407407407,0,0,0,0.5,0,NA,NA,0.255813953488372,0,0.5,0,0.00142885208129883,0.00137768916905247,172,0,284,0
"newthyroid1","smote_enn","knn",11,0,32,0,0,0,0,0,1,0,1,0,1,0,1,0,1,0,1,0,1,0,1,0,1,0,0.00304043769836426,4.26990701986643e-05,172,0,282.08,0.4
"newthyroid1","smote_enn","logit",11,0,32,0,0,0,0,0,1,0,1,0,1,0,1,0,1,0,1,0,1,0,1,0,1,0,0.00304043769836426,4.26990701986643e-05,172,0,282.08,0.4
"newthyroid1","smote_enn","rf",11,0,32,0,0,0,0,0,1,0,1,0,1,0,1,0,1,0,1,0,1,0,1,0,1,0,0.00304043769836426,4.26990701986643e-05,172,0,282.08,0.4
"newthyroid1","smote_enn","svm_rbf",11,0,32,0,0,0,0,0,1,0,1,0,1,0,1,0,1,0,1,0,1,0,1,0,1,0,0.00304043769836426,4.26990701986643e-05,172,0,282.08,0.4
"newthyroid1","smote_enn","xgb",11,0,0,0,32,0,0,0,1,0,0,0,0.255813953488372,0,0.407407407407407,0,0,0,0.5,0,NA,NA,0.255813953488372,0,0.5,0,0.00304043769836426,4.26990701986643e-05,172,0,282.08,0.4
"newthyroid1","smote_tomek","knn",11,0,32,0,0,0,0,0,1,0,1,0,1,0,1,0,1,0,1,0,1,0,1,0,1,0,0.00177119255065918,2.70016207329729e-05,172,0,284,0
"newthyroid1","smote_tomek","logit",11,0,32,0,0,0,0,0,1,0,1,0,1,0,1,0,1,0,1,0,1,0,1,0,1,0,0.00177119255065918,2.70016207329729e-05,172,0,284,0
"newthyroid1","smote_tomek","rf",11,0,32,0,0,0,0,0,1,0,1,0,1,0,1,0,1,0,1,0,1,0,1,0,1,0,0.00177119255065918,2.70016207329729e-05,172,0,284,0
"newthyroid1","smote_tomek","svm_rbf",11,0,32,0,0,0,0,0,1,0,1,0,1,0,1,0,1,0,1,0,1,0,1,0,1,0,0.00177119255065918,2.70016207329729e-05,172,0,284,0
"newthyroid1","smote_tomek","xgb",11,0,0,0,32,0,0,0,1,0,0,0,0.255813953488372,0,0.407407407407407,0,0,0,0.5,0,NA,NA,0.255813953488372,0,0.5,0,0.00177119255065918,2.70016207329729e-05,172,0,284,0
"pima","adasyn","knn",52.68,1.0295630140987,82.48,1.50332963783729,17.12,1.42361043360418,1.32,1.0295630140987,0.975555555555556,0.0190659817425685,0.828109090909091,0.0143435979504113,0.755066654266819,0.0136385373590801,0.851065186978462,0.00877819952508547,0.898697154888683,0.00762444568667036,0.901832323232323,0.00787926701469809,0.77094240546087,0.0147394298056096,0.950700895633193,0.0075783607776376,0.969073512906846,0.00483667691187319,0.00732812881469727,0.00134736929398555,614.4,0.5,802,0
"pima","adasyn","logit",40.08,0.640312423743285,71.88,0.832666399786453,27.72,1.02143689640297,13.92,0.640312423743285,0.742222222222222,0.0118576374767275,0.721709090909091,0.00951346428956514,0.591247972116698,0.00913233670761525,0.658132344325222,0.00822922384426582,0.731848749567683,0.00680044106740004,0.731965656565656,0.00682350957823931,0.446151195477521,0.0133130182245335,0.728411183015497,0.00456042744059709,0.81284429479985,0.00197715597804394,0.00732812881469727,0.00134736929398555,614.4,0.5,802,0
"pima","adasyn","rf",54,0,99.56,0.506622805119022,0.04,0.2,0,0,1,0,0.9996,0.002,0.999272727272727,0.00363636363636364,0.999633027522936,0.00183486238532111,0.999799497484265,0.00100251257867601,0.9998,0.001,0.999436024140372,0.0028198792981402,1,0,1,0,0.00732812881469727,0.00134736929398555,614.4,0.5,802,0
"pima","adasyn","svm_rbf",54,0,99.6,0.5,0,0,0,0,1,0,1,0,1,0,1,0,1,0,1,0,1,0,1,0,1,0,0.00732812881469727,0.00134736929398555,614.4,0.5,802,0
"pima","adasyn","xgb",54,0,0,0,99.6,0.5,0,0,1,0,0,0,0.351566080977846,0.0011459129106188,0.520234113712375,0.00125418060200666,0,0,0.5,0,NA,NA,0.351566080977846,0.00114591291061883,0.5,0,0.00732812881469727,0.00134736929398555,614.4,0.5,802,0
"pima","baseline","knn",38,0,90.6,0.5,9,0,16,0,0.703703703703704,0,0.909636363636364,0.000454545454545485,0.808510638297872,0,0.752475247524752,0,0.800071521646546,0.000199907943530753,0.806670033670034,0.000227272727272743,0.635477351359481,0.000575865089873451,0.861878056378534,0.000109752957508646,0.920165357276468,0.000669659558548474,1.66606903076172e-05,2.52629958469471e-06,614.4,0.5,614.4,0.5
"pima","baseline","logit",33,0,88.6,0.5,11,0,21,0,0.611111111111111,0,0.889555555555556,0.000555555555555587,0.75,0,0.673469387755102,0,0.737304030272787,0.00023024923558207,0.750333333333333,0.000277777777777821,0.528741343880567,0.000707975126391092,0.728582395542288,0.00248216575459975,0.81430228208006,0.00167414889637141,1.66606903076172e-05,2.52629958469471e-06,614.4,0.5,614.4,0.5
"pima","baseline","rf",54,0,99.6,0.5,0,0,0,0,1,0,1,0,1,0,1,0,1,0,1,0,1,0,1,0,1,0,1.66606903076172e-05,2.52629958469471e-06,614.4,0.5,614.4,0.5
"pima","baseline","svm_rbf",54,0,99.6,0.5,0,0,0,0,1,0,1,0,1,0,1,0,1,0,1,0,1,0,1,0,1,0,1.66606903076172e-05,2.52629958469471e-06,614.4,0.5,614.4,0.5
"pima","baseline","xgb",54,0,0,0,99.6,0.5,0,0,1,0,0,0,0.351566080977846,0.0011459129106188,0.520234113712375,0.00125418060200666,0,0,0.5,0,NA,NA,0.351566080977846,0.00114591291061883,0.5,0,1.66606903076172e-05,2.52629958469471e-06,614.4,0.5,614.4,0.5
"pima","borderline_smote","knn",48.84,1.4047538337137,84.56,1.60934769394311,15.04,1.54056266777218,5.16,1.4047538337137,0.904444444444444,0.026013959883587,0.848993939393939,0.0154790765014966,0.764907363095444,0.0190451073149538,0.82861132998754,0.0170321615600669,0.876149947591052,0.014410423216647,0.876719191919192,0.014614314081552,0.730154731588385,0.027750942305395,0.93010775854133,0.00862299057860359,0.954461167227834,0.00581828180836152,0.0065910816192627,6.12696706391406e-05,614.4,0.5,802,0
"pima","borderline_smote","logit",40.56,0.506622805119022,76.64,0.860232526704263,22.96,0.934523051258412,13.44,0.506622805119022,0.751111111111111,0.00938190379850045,0.769490909090909,0.00897008560749953,0.63866896952275,0.00817007040354457,0.690272377132277,0.0051441478154596,0.760204281633227,0.00436536820943308,0.76030101010101,0.00436271516841833,0.504806328606044,0.0087531363429308,0.727538346487347,0.00299735122901331,0.816101608679387,0.00166436238467041,0.0065910816192627,6.12696706391406e-05,614.4,0.5,802,0
"pima","borderline_smote","rf",54,0,99.52,0.585946527708232,0.08,0.276887462097269,0,0,1,0,0.99919595959596,0.00278289702751071,0.998545454545455,0.00503431749267762,0.999266055045872,0.00254025194584652,0.999596964537312,0.00139496257090369,0.99959797979798,0.00139144851375535,0.998870036392666,0.00391091618182642,1,0,1,0,0.0065910816192627,6.12696706391406e-05,614.4,0.5,802,0
"pima","borderline_smote","svm_rbf",54,0,99.6,0.5,0,0,0,0,1,0,1,0,1,0,1,0,1,0,1,0,1,0,1,0,1,0,0.0065910816192627,6.12696706391406e-05,614.4,0.5,802,0
"pima","borderline_smote","xgb",54,0,0,0,99.6,0.5,0,0,1,0,0,0,0.351566080977846,0.0011459129106188,0.520234113712375,0.00125418060200666,0,0,0.5,0,NA,NA,0.351566080977846,0.00114591291061883,0.5,0,0.0065910816192627,6.12696706391406e-05,614.4,0.5,802,0
"pima","da_smote","knn",51.04,1.94679223339318,83.52,1.58429795177549,16.08,1.68126936172247,2.96,1.94679223339318,0.945185185185185,0.0360517080257996,0.838577777777778,0.0166136520369043,0.7606578045517,0.0208525211529914,0.842671338083276,0.0229534924081498,0.890100299588018,0.0198476482254949,0.891881481481481,0.0204350837150713,0.75476636585805,0.0382340174599971,0.930598650335316,0.0128622783736126,0.957167115600449,0.0090165117661525,0.00507336616516113,7.31732177536599e-05,614.4,0.5,802,0
"pima","da_smote","logit",37.48,0.653197264742181,75.64,0.952190457139047,23.96,1.24096736459909,16.52,0.653197264742181,0.694074074074074,0.0120962456433737,0.759474747474748,0.0116399624415305,0.610240244523746,0.0114584771544939,0.649357154185248,0.00812949155140317,0.725972511964376,0.0064373326303171,0.726774410774411,0.00643094154155805,0.442143048234996,0.0131396830565835,0.729119818430846,0.00404235229227019,0.81460127197905,0.00214813687927549,0.00507336616516113,7.31732177536599e-05,614.4,0.5,802,0
"pima","da_smote","rf",54,0,99.56,0.506622805119022,0.04,0.2,0,0,1,0,0.9996,0.002,0.999272727272727,0.00363636363636364,0.999633027522936,0.00183486238532111,0.999799497484265,0.00100251257867601,0.9998,0.001,0.999436024140372,0.0028198792981402,1,0,1,0,0.00507336616516113,7.31732177536599e-05,614.4,0.5,802,0
"pima","da_smote","svm_rbf",54,0,99.6,0.5,0,0,0,0,1,0,1,0,1,0,1,0,1,0,1,0,1,0,1,0,1,0,0.00507336616516113,7.31732177536599e-05,614.4,0.5,802,0
"pima","da_smote","xgb",54,0,0,0,99.6,0.5,0,0,1,0,0,0,0.351566080977846,0.0011459129106188,0.520234113712375,0.00125418060200666,0,0,0.5,0,NA,NA,0.351566080977846,0.00114591291061883,0.5,0,0.00507336616516113,7.31732177536599e-05,614.4,0.5,802,0
"pima","da_smote_penn","knn",50.8,1.38443731048635,84.16,1.1060440015358,15.44,1.04403065089106,3.2,1.38443731048635,0.940740740740741,0.0256377279719694,0.844981818181818,0.0103990835172877,0.766955757503239,0.0139801792130068,0.844897847243765,0.0165335086727307,0.891495981397913,0.0143189342224254,0.89286127946128,0.0147990399127925,0.75762364105827,0.0276575889370653,0.834437650254269,0.0166396823894592,0.934345080433969,0.00685174734755299,0.0192792701721191,0.00356768493359492,614.4,0.5,784.52,2.29346898823594
"pima","da_smote_penn","logit",38.16,1.06770782520313,75.04,0.840634680861233,24.56,0.916515138991168,15.84,1.06770782520313,0.706666666666667,0.0197723671333913,0.753426262626263,0.00875977160731867,0.608458162087862,0.00827211781591799,0.653780946967774,0.0109454439808021,0.729562011256496,0.00879016572581174,0.730046464646465,0.00848299342395562,0.447007760955705,0.0155220898242873,0.719344248518217,0.00427547823102432,0.815277066965956,0.0022193447393455,0.0192792701721191,0.00356768493359492,614.4,0.5,784.52,2.29346898823594
"pima","da_smote_penn","rf",54,0,94.72,1.02143689640297,4.88,0.881286937760152,0,0,1,0,0.95100202020202,0.00887313610276551,0.917317296748593,0.0137627015637595,0.956824301845261,0.00747886226086289,0.975183141736535,0.00454838282625775,0.97550101010101,0.00443656805138275,0.934004199753292,0.0113612471884253,0.99029392890439,0.0025813022629683,0.99516835016835,0.0012025068191089,0.0192792701721191,0.00356768493359492,614.4,0.5,784.52,2.29346898823594
"pima","da_smote_penn","svm_rbf",54,0,96.24,1.09087121146357,3.36,0.952190457139046,0,0,1,0,0.966262626262626,0.00958434526626136,0.941671317393425,0.0156096818475971,0.969895600692061,0.00828614452696159,0.98297497120347,0.00487684261808845,0.983131313131313,0.00479217263313068,0.953882638417206,0.0126357935105829,0.968108581601922,0.0299983221772755,0.993022147399925,0.006570122554311,0.0192792701721191,0.00356768493359492,614.4,0.5,784.52,2.29346898823594
"pima","da_smote_penn","xgb",54,0,0,0,99.6,0.5,0,0,1,0,0,0,0.351566080977846,0.0011459129106188,0.520234113712375,0.00125418060200666,0,0,0.5,0,NA,NA,0.351566080977846,0.00114591291061883,0.5,0,0.0192792701721191,0.00356768493359492,614.4,0.5,784.52,2.29346898823594
"pima","ld_smote","knn",47.84,1.21380943040221,82.8,1.38443731048635,16.8,1.3228756555323,6.16,1.21380943040221,0.885925925925926,0.0224779524148557,0.831325252525252,0.0132603514811101,0.740284303908215,0.0165447854507814,0.806454866406532,0.0161163044999711,0.858109024196303,0.0135726717162183,0.858625589225589,0.0137363145277817,0.6938250904687,0.0262873747476735,0.913646388806509,0.00917407552025302,0.94302962962963,0.00634107908926613,0.00457178115844727,0.00159742691471468,614.4,0.5,802,0
"pima","ld_smote","logit",40.36,0.757187779440037,75.68,1.06926766215636,23.92,1.41185457230316,13.64,0.757187779440037,0.747407407407407,0.0140219959155563,0.759886868686869,0.0132562471676758,0.628131761096772,0.0132400125915459,0.682476992208171,0.0101146009038167,0.75354475646476,0.00822061610186759,0.753647138047138,0.00817217953777287,0.491128085436542,0.0163553142959239,0.727374905657918,0.00363752923958404,0.814444070332959,0.00201599689993107,0.00457178115844727,0.00159742691471468,614.4,0.5,802,0
"pima","ld_smote","rf",54,0,99.6,0.5,0,0,0,0,1,0,1,0,1,0,1,0,1,0,1,0,1,0,1,0,1,0,0.00457178115844727,0.00159742691471468,614.4,0.5,802,0
"pima","ld_smote","svm_rbf",54,0,99.6,0.5,0,0,0,0,1,0,1,0,1,0,1,0,1,0,1,0,1,0,1,0,1,0,0.00457178115844727,0.00159742691471468,614.4,0.5,802,0
"pima","ld_smote","xgb",54,0,0,0,99.6,0.5,0,0,1,0,0,0,0.351566080977846,0.0011459129106188,0.520234113712375,0.00125418060200666,0,0,0.5,0,NA,NA,0.351566080977846,0.00114591291061883,0.5,0,0.00457178115844727,0.00159742691471468,614.4,0.5,802,0
"pima","penn","knn",38,0,90.6,0.5,9,0,16,0,0.703703703703704,0,0.909636363636364,0.000454545454545485,0.808510638297872,0,0.752475247524752,0,0.800071521646546,0.000199907943530753,0.806670033670034,0.000227272727272743,0.635477351359481,0.000575865089873451,0.837856159833656,0.000337318840831491,0.916632622521511,0.000651889263000416,0.00938967704772949,6.06426486632237e-05,614.4,0.5,611.4,0.5
"pima","penn","logit",33,0,87.6,0.5,12,0,21,0,0.611111111111111,0,0.879515151515151,0.00060606060606061,0.733333333333333,0,0.666666666666667,0,0.733131243517176,0.000252612270196684,0.745313131313131,0.00030303030303025,0.514702016344212,0.000743017523776257,0.729972984481018,0.00245953632866908,0.817091283202395,0.00168817807706711,0.00938967704772949,6.06426486632237e-05,614.4,0.5,611.4,0.5
"pima","penn","rf",53.92,0.276887462097269,98.6,0.5,1,0,0.08,0.276887462097269,0.998518518518518,0.00512754559439387,0.989959595959596,5.05050505050231e-05,0.981791245791246,9.32281017162426e-05,0.990078151546041,0.00258729364854734,0.994226660933229,0.0025568499687922,0.994239057239057,0.00255781013536515,0.984726954866291,0.00398649375893449,0.999255774860751,0.000296450678534625,0.999598279087168,0.000158367368999045,0.00938967704772949,6.06426486632237e-05,614.4,0.5,611.4,0.5
"pima","penn","svm_rbf",54,0,99.6,0.5,0,0,0,0,1,0,1,0,1,0,1,0,1,0,1,0,1,0,1,0,1,0,0.00938967704772949,6.06426486632237e-05,614.4,0.5,611.4,0.5
"pima","penn","xgb",54,0,0,0,99.6,0.5,0,0,1,0,0,0,0.351566080977846,0.0011459129106188,0.520234113712375,0.00125418060200666,0,0,0.5,0,NA,NA,0.351566080977846,0.00114591291061883,0.5,0,0.00938967704772949,6.06426486632237e-05,614.4,0.5,611.4,0.5
"pima","smote","knn",51.24,1.47986485869487,83.84,1.43410831761993,15.76,1.39283882771841,2.76,1.47986485869487,0.948888888888889,0.0274049047906458,0.841769696969697,0.0139493364726941,0.764979979405772,0.0167642488300623,0.846883631425018,0.0172123382983324,0.893605415329749,0.0148411461903609,0.895329292929293,0.015310488398297,0.761476589896487,0.0287453938189364,0.936148590024654,0.00856999638873214,0.960223419378975,0.00612067067438177,0.00348529815673828,6.03738660868475e-05,614.4,0.5,802,0
"pima","smote","logit",40.12,0.781024967590666,74.88,0.832666399786453,24.72,0.890692614392492,13.88,0.781024967590666,0.742962962962963,0.0144634253257531,0.751818181818182,0.00852029831954664,0.618815921007097,0.00913016526351054,0.67517143738823,0.00956126876056454,0.747326191240882,0.00788215264009292,0.747390572390572,0.00784858975066647,0.478367409171965,0.0149831942357005,0.727329731924064,0.00324577734429812,0.814686195286195,0.00142684896389563,0.00348529815673828,6.03738660868475e-05,614.4,0.5,802,0
"pima","smote","rf",54,0,99.56,0.506622805119022,0.04,0.2,0,0,1,0,0.9996,0.002,0.999272727272727,0.00363636363636364,0.999633027522936,0.00183486238532111,0.999799497484265,0.00100251257867601,0.9998,0.001,0.999436024140372,0.0028198792981402,1,0,1,0,0.00348529815673828,6.03738660868475e-05,614.4,0.5,802,0
"pima","smote","svm_rbf",54,0,99.6,0.5,0,0,0,0,1,0,1,0,1,0,1,0,1,0,1,0,1,0,1,0,1,0,0.00348529815673828,6.03738660868475e-05,614.4,0.5,802,0
"pima","smote","xgb",54,0,0,0,99.6,0.5,0,0,1,0,0,0,0.351566080977846,0.0011459129106188,0.520234113712375,0.00125418060200666,0,0,0.5,0,NA,NA,0.351566080977846,0.00114591291061883,0.5,0,0.00348529815673828,6.03738660868475e-05,614.4,0.5,802,0
"pima","smote_enn","knn",45.48,1.32664991614216,74.56,1.91659420152867,25.04,1.92527054375915,8.52,1.32664991614216,0.842222222222222,0.0245675910396696,0.74860202020202,0.01918874419954,0.64530170387996,0.0166523397451632,0.730485086755607,0.0147369080727487,0.793844184325053,0.0129283695238702,0.795412121212121,0.0130352232986822,0.566402060779125,0.0248637485398636,0.693859026377007,0.0196737654548135,0.845589150766929,0.0130187846472103,0.0180959224700928,0.00575432352184953,614.4,0.5,629.2,5.65685424949238
"pima","smote_enn","logit",40.76,0.925562891794321,64.48,1.98158185969358,35.12,2.06801031589948,13.24,0.925562891794322,0.754814814814815,0.0171400535517467,0.647410101010101,0.0203411430137427,0.537490794031413,0.0160875750115815,0.627743064080601,0.0140838189875677,0.698927713152243,0.0135456813486113,0.701112457912458,0.0133264240493008,0.38428057012223,0.0256441351348808,0.703885246231366,0.00783983873874333,0.808996034418257,0.00335629930003292,0.0180959224700928,0.00575432352184953,614.4,0.5,629.2,5.65685424949238
"pima","smote_enn","rf",45.68,1.49220195237329,78.36,1.65529453572468,21.24,1.73877351409933,8.32,1.49220195237329,0.845925925925926,0.0276333694883943,0.786767676767677,0.0171526433976314,0.682946218527178,0.0173432471004596,0.755489474524968,0.0163494633678302,0.81562533274981,0.0139666901948667,0.816346801346801,0.0142982640128438,0.609543977103456,0.0271353444262569,0.859901084857268,0.0109588489460517,0.915754508043397,0.00720550251341996,0.0180959224700928,0.00575432352184953,614.4,0.5,629.2,5.65685424949238
"pima","smote_enn","svm_rbf",45.8,2,81.6,2.46644143115812,18,2.46644143115812,8.2,2,0.848148148148148,0.037037037037037,0.819284848484849,0.02469991169053,0.718825263787818,0.0263732339819253,0.777524275367681,0.0214382820165345,0.83321360662396,0.0180036179329261,0.833716498316498,0.0181491159015599,0.64742066971517,0.034617152626406,0.923731173896785,0.0215247535254598,0.944165207631875,0.00988256232870248,0.0180959224700928,0.00575432352184953,614.4,0.5,629.2,5.65685424949238
"pima","smote_enn","xgb",54,0,0,0,99.6,0.5,0,0,1,0,0,0,0.351566080977846,0.0011459129106188,0.520234113712375,0.00125418060200666,0,0,0.5,0,NA,NA,0.351566080977846,0.00114591291061883,0.5,0,0.0180959224700928,0.00575432352184953,614.4,0.5,629.2,5.65685424949238
"pima","smote_tomek","knn",51.08,1.28840987267251,81.88,1.83303027798234,17.72,1.79164728671689,2.92,1.28840987267251,0.945925925925926,0.023859442086528,0.822088888888889,0.0179323447869733,0.742872916130344,0.0194297143698163,0.831961503628361,0.0161000289965388,0.881701837553031,0.0136454191726309,0.884007407407407,0.0138686291374153,0.737749929415795,0.0267622230436337,0.896013184261216,0.0254119851525669,0.949196520763187,0.00821043412977956,0.0106090927124023,0.00184534852466374,614.4,0.5,783.96,2.87923600977759
"pima","smote_tomek","logit",40.92,0.276887462097269,73.08,0.953939201416945,26.52,0.918331820930394,13.08,0.276887462097269,0.757777777777778,0.0051275455943939,0.733737373737374,0.00903184140136504,0.6068674005182,0.00789422015369256,0.673939755986394,0.00499702611260828,0.745638698708505,0.00455728542255474,0.745757575757576,0.00450151529527503,0.472930732841212,0.00917643080055224,0.727730912030767,0.00503931861588304,0.813518817807707,0.00189468652118063,0.0106090927124023,0.00184534852466374,614.4,0.5,783.96,2.87923600977759
"pima","smote_tomek","rf",54,0,96.32,1.49220195237329,3.28,1.4,0,0,1,0,0.967066666666667,0.0140695770367628,0.943274588895063,0.0229012727774339,0.970671733142747,0.0121666635249634,0.983370437418131,0.00716250936163034,0.983533333333333,0.00703478851838139,0.955085615774382,0.0185419264825884,0.993980595304529,0.00641650412883284,0.997302880658436,0.00265168193049254,0.0106090927124023,0.00184534852466374,614.4,0.5,783.96,2.87923600977759
"pima","smote_tomek","svm_rbf",54,0,96.68,1.84210025061975,2.92,1.75404294892305,0,0,1,0,0.970678787878788,0.0176142115808226,0.949554552126025,0.0289008115814907,0.973906937105136,0.0152981649447204,0.985191226602768,0.00895794013025723,0.985339393939394,0.00880710579041132,0.960040969210035,0.0233248338825305,0.982930645616743,0.0220246693116038,0.996351814440703,0.00456843231587048,0.0106090927124023,0.00184534852466374,614.4,0.5,783.96,2.87923600977759
"pima","smote_tomek","xgb",54,0,0,0,99.6,0.5,0,0,1,0,0,0,0.351566080977846,0.0011459129106188,0.520234113712375,0.00125418060200666,0,0,0.5,0,NA,NA,0.351566080977846,0.00114591291061883,0.5,0,0.0106090927124023,0.00184534852466374,614.4,0.5,783.96,2.87923600977759
"vehicle2","adasyn","knn",37.96,0.2,109.48,1.15902257671425,21.72,1.20830459735946,0.04,0.2,0.998947368421053,0.00526315789473683,0.834465346358476,0.00889293738961728,0.636298597342421,0.0133955502685773,0.777345310457829,0.0108254452651757,0.912999042963852,0.00619558700709815,0.916706357389764,0.00596855631740334,0.727999102876886,0.0133331115699182,0.987579863702244,0.00646299666965428,0.995127783693473,0.00249401026677758,0.00841238021850586,0.000148832752968462,676.8,0.763762615825973,1015.6,1.52752523165195
"vehicle2","adasyn","logit",30.44,0.869865890046659,103.72,1.24230967690562,27.48,1.00498756211209,7.56,0.869865890046659,0.801052631578947,0.0228912076328068,0.790543390451787,0.00769514554510912,0.525604255591207,0.00955289194847497,0.63463334565103,0.0120117851423871,0.795674708106854,0.0105956348985407,0.795798011015367,0.0106824787135624,0.520375047915293,0.0173508873654269,0.551176040704832,0.00482663419846731,0.85480759350466,0.00233561863605857,0.00841238021850586,0.000148832752968462,676.8,0.763762615825973,1015.6,1.52752523165195
"vehicle2","adasyn","rf",38,0,131.2,0.763762615825973,0,0,0,0,1,0,1,0,1,0,1,0,1,0,1,0,1,0,1,0,1,0,0.00841238021850586,0.000148832752968462,676.8,0.763762615825973,1015.6,1.52752523165195
"vehicle2","adasyn","svm_rbf",37.6,0.763762615825973,111.12,25.998910233572,20.08,25.8278273702351,0.4,0.763762615825973,0.989473684210526,0.0200990162059467,0.846714034057546,0.197706504148781,0.72823770542906,0.184150768869749,0.82298393706426,0.143634129625181,0.905941687618812,0.128329471272404,0.918093859134036,0.0960004371626398,0.777794520090183,0.184213507252483,0.971054666095077,0.00867136753447894,0.993020481727995,0.0017358868752043,0.00841238021850586,0.000148832752968462,676.8,0.763762615825973,1015.6,1.52752523165195
"vehicle2","adasyn","xgb",38,0,0,0,131.2,0.763762615825973,0,0,1,0,0,0,0.224590688346344,0.00101535901913551,0.366800157302479,0.00135376624654713,0,0,0.5,0,NA,NA,0.224590688346344,0.00101535901913553,0.5,0,0.00841238021850586,0.000148832752968462,676.8,0.763762615825973,1015.6,1.52752523165195
"vehicle2","baseline","knn",29,0,121.2,0.763762615825973,10,0,9,0,0.763157894736842,0,0.923778003167316,0.000444603039496556,0.743589743589744,0,0.753246753246753,0,0.839635895436579,0.000202061737347754,0.843467948952079,0.00022230151974826,0.680670895455286,0.000425303797741942,0.809895680648608,0.00195800453420297,0.940729812573927,0.000261462684245929,1.76811218261719e-05,3.11444393020781e-06,676.8,0.763762615825973,676.8,0.763762615825973
"vehicle2","baseline","logit",16,0,119.2,0.763762615825973,12,0,22,0,0.421052631578947,0,0.908533603800779,0.000533523647395901,0.571428571428571,0,0.484848484848485,0,0.618498531198539,0.000181611630663518,0.664793117689863,0.000266761823697999,0.37011022405656,0.000675519941882694,0.574134270630034,0.000219644404561516,0.854456840869054,0.000723113071627632,1.76811218261719e-05,3.11444393020781e-06,676.8,0.763762615825973,676.8,0.763762615825973
"vehicle2","baseline","rf",38,0,131.2,0.763762615825973,0,0,0,0,1,0,1,0,1,0,1,0,1,0,1,0,1,0,1,0,1,0,1.76811218261719e-05,3.11444393020781e-06,676.8,0.763762615825973,676.8,0.763762615825973
"vehicle2","baseline","svm_rbf",38,0,131.2,0.763762615825973,0,0,0,0,1,0,1,0,1,0,1,0,1,0,1,0,1,0,1,0,1,0,1.76811218261719e-05,3.11444393020781e-06,676.8,0.763762615825973,676.8,0.763762615825973
"vehicle2","baseline","xgb",38,0,0,0,131.2,0.763762615825973,0,0,1,0,0,0,0.224590688346344,0.00101535901913551,0.366800157302479,0.00135376624654713,0,0,0.5,0,NA,NA,0.224590688346344,0.00101535901913553,0.5,0,1.76811218261719e-05,3.11444393020781e-06,676.8,0.763762615825973,676.8,0.763762615825973
"vehicle2","borderline_smote","knn",37.72,0.458257569495584,110,1.35400640077266,21.2,0.957427107756338,0.28,0.458257569495584,0.992631578947368,0.012059409723568,0.83840011388103,0.00757104693509425,0.640319531858937,0.0116522698653144,0.778427312032033,0.0110864954850558,0.912245193620286,0.00794893819096099,0.915515846414199,0.00812797062864019,0.728019258034765,0.0151463763579034,0.982166358986178,0.00889334163521379,0.992822510889405,0.00369320407168185,0.00827524185180664,0.00129341440873102,676.8,0.763762615825973,1015.6,1.52752523165195
"vehicle2","borderline_smote","logit",29.28,0.678232998312527,104.56,1.00332779621949,26.64,0.757187779440037,8.72,0.678232998312527,0.770526315789474,0.0178482367976981,0.796948806918273,0.0057319298781013,0.52363122627188,0.00901540636377178,0.623477776608571,0.0109662045596257,0.783567584904967,0.00924692437473283,0.783737561353873,0.00909717301398591,0.503468008106285,0.0153551859126261,0.558240444748312,0.00553069800821421,0.854676485159409,0.00192097484288322,0.00827524185180664,0.00129341440873102,676.8,0.763762615825973,1015.6,1.52752523165195
"vehicle2","borderline_smote","rf",38,0,131.2,0.763762615825973,0,0,0,0,1,0,1,0,1,0,1,0,1,0,1,0,1,0,1,0,1,0,0.00827524185180664,0.00129341440873102,676.8,0.763762615825973,1015.6,1.52752523165195
"vehicle2","borderline_smote","svm_rbf",37,1.44337567297406,120.68,7.19212532334265,10.52,6.97686653639488,1,1.44337567297406,0.973684210526316,0.0379835703414227,0.919745582661613,0.0533024714089057,0.795494978687204,0.105437025329924,0.870048665533458,0.0566365191052021,0.945420377826573,0.021307872235222,0.946714896593964,0.0200270404291175,0.837984556708646,0.0674252639466878,0.966160796200688,0.00963544915689816,0.991254162604504,0.00206460071240483,0.00827524185180664,0.00129341440873102,676.8,0.763762615825973,1015.6,1.52752523165195
"vehicle2","borderline_smote","xgb",38,0,0,0,131.2,0.763762615825973,0,0,1,0,0,0,0.224590688346344,0.00101535901913551,0.366800157302479,0.00135376624654713,0,0,0.5,0,NA,NA,0.224590688346344,0.00101535901913553,0.5,0,0.00827524185180664,0.00129341440873102,676.8,0.763762615825973,1015.6,1.52752523165195
"vehicle2","da_smote","knn",37.76,0.435889894354067,110.68,1.84210025061975,20.52,1.44683562761405,0.24,0.435889894354067,0.993684210526316,0.0114707866935281,0.843572483496148,0.0113568684420153,0.648292303414948,0.0155126360090967,0.784515865006459,0.0112315089505714,0.91551086926227,0.00664734938779861,0.918628347011232,0.00657416710572358,0.735513448029675,0.0139354802285114,0.984249567402664,0.00982351642580781,0.99371906598825,0.00395867142247249,0.00555595397949219,0.000138272205584571,676.8,0.763762615825973,1015.6,1.52752523165195
"vehicle2","da_smote","logit",28.96,0.675771164423776,105.16,1.14309521329882,26.04,0.840634680861233,9.04,0.675771164423776,0.762105263157895,0.0177834516953626,0.801517464723572,0.00651243176886183,0.52659579098308,0.00913729519621647,0.622767231868715,0.0107050124691379,0.781501557176052,0.00930406023603206,0.781811363940733,0.00910776361893542,0.502186147406362,0.0152832028388157,0.558081405795861,0.00501321649734076,0.854922035511026,0.00159655138189026,0.00555595397949219,0.000138272205584571,676.8,0.763762615825973,1015.6,1.52752523165195
"vehicle2","da_smote","rf",38,0,131.2,0.763762615825973,0,0,0,0,1,0,1,0,1,0,1,0,1,0,1,0,1,0,1,0,1,0,0.00555595397949219,0.000138272205584571,676.8,0.763762615825973,1015.6,1.52752523165195
"vehicle2","da_smote","svm_rbf",37.68,1.40593978059754,115.24,8.19695065252927,15.96,8.0802227692063,0.32,1.40593978059754,0.991578947368421,0.0369984152788827,0.878313671061763,0.0616699042503653,0.719385615895688,0.109208258454417,0.828041543760149,0.0668694403397161,0.932260599935925,0.0309582381025198,0.934946309215092,0.028823687303526,0.788826948920666,0.0800122846244286,0.971479873074392,0.0108621296685255,0.993493775409002,0.00175936106219963,0.00555595397949219,0.000138272205584571,676.8,0.763762615825973,1015.6,1.52752523165195
"vehicle2","da_smote","xgb",38,0,0,0,131.2,0.763762615825973,0,0,1,0,0,0,0.224590688346344,0.00101535901913551,0.366800157302479,0.00135376624654713,0,0,0.5,0,NA,NA,0.224590688346344,0.00101535901913553,0.5,0,0.00555595397949219,0.000138272205584571,676.8,0.763762615825973,1015.6,1.52752523165195
"vehicle2","da_smote_penn","knn",37.76,0.522812904711937,108.04,1.76729548557488,23.16,1.59895799402819,0.24,0.522812904711937,0.993684210526316,0.0137582343345247,0.823470275271802,0.0122245893958693,0.620244970271328,0.0156454220565664,0.76359023898081,0.011551471200213,0.904519686996174,0.00712834689755401,0.908577242899059,0.00713795575064581,0.71066253215837,0.0143960910863457,0.76946197767917,0.0201026185455275,0.954648478011877,0.00541410807217814,0.0292680358886719,0.00281924237390594,676.8,0.763762615825973,971.88,3.86566078870526
"vehicle2","da_smote_penn","logit",31.92,0.862167810425171,103.12,1.12989675044522,28.08,0.812403840463596,6.08,0.86216781042517,0.84,0.0226886265901361,0.785967721845584,0.00634007379712696,0.531998373667633,0.0109833719889469,0.651382488465552,0.0141547752334582,0.81246779448418,0.0122352900066459,0.812983860922792,0.0125235341433969,0.546055800969868,0.0209434561426729,0.553249901653314,0.00396578483354893,0.857929766497062,0.00214776008655347,0.0292680358886719,0.00281924237390594,676.8,0.763762615825973,971.88,3.86566078870526
"vehicle2","da_smote_penn","rf",38,0,122.08,1.52534149181967,9.12,1.36381816969859,0,0,1,0,0.930488763145252,0.0103584783114743,0.807094537056266,0.0231535863964068,0.893076007165849,0.0142319907284671,0.964604081992742,0.00537433602394855,0.965244381572626,0.00517923915573714,0.866565891375587,0.0172594185925712,0.982050590107434,0.0072398431766937,0.995317771153448,0.00170415581705105,0.0292680358886719,0.00281924237390594,676.8,0.763762615825973,971.88,3.86566078870526
"vehicle2","da_smote_penn","svm_rbf",35.68,1.34536240470737,127.2,1.3228756555323,4,1.11803398874989,2.32,1.34536240470737,0.938947368421053,0.0354042738080887,0.969513550063168,0.00852132707281569,0.899985009110362,0.0226901531820607,0.918491285906653,0.0182973821733237,0.953906438293457,0.0168062144263267,0.95423045924211,0.016503846206618,0.895114113769534,0.0235200871994006,0.957618802907012,0.0095595484690302,0.990341589708002,0.00190529124171557,0.0292680358886719,0.00281924237390594,676.8,0.763762615825973,971.88,3.86566078870526
"vehicle2","da_smote_penn","xgb",38,0,0,0,131.2,0.763762615825973,0,0,1,0,0,0,0.224590688346344,0.00101535901913551,0.366800157302479,0.00135376624654713,0,0,0.5,0,NA,NA,0.224590688346344,0.00101535901913553,0.5,0,0.0292680358886719,0.00281924237390594,676.8,0.763762615825973,971.88,3.86566078870526
"vehicle2","ld_smote","knn",37.16,0.553774924194538,110.84,2.05507501890645,20.36,1.65529453572468,0.84,0.553774924194538,0.977894736842105,0.0145730243209089,0.844786846741045,0.0129780897321402,0.6465234348172,0.0189133000710268,0.778241208375327,0.0150973258517454,0.908855221752268,0.00951389850678544,0.911340791791575,0.00954382619814727,0.725047551943487,0.0195034040694401,0.970381772022354,0.00844766923400696,0.987769278531834,0.00341018632983604,0.00585597038269043,0.00140532398167109,676.8,0.763762615825973,1015.6,1.52752523165195
"vehicle2","ld_smote","logit",27.64,0.99498743710662,105.32,0.988264472024906,25.88,0.665832811847939,10.36,0.99498743710662,0.727368421052632,0.0261838799238584,0.802738909945017,0.00514532132152596,0.516360937775156,0.0094029202908707,0.603875556565716,0.014463330907672,0.763990404949302,0.0132742929372321,0.765053665498824,0.0126111215166334,0.475685755011451,0.020232714797015,0.563458233526065,0.00620408520605612,0.852507062777853,0.00167101286091796,0.00585597038269043,0.00140532398167109,676.8,0.763762615825973,1015.6,1.52752523165195
"vehicle2","ld_smote","rf",38,0,131.2,0.763762615825973,0,0,0,0,1,0,1,0,1,0,1,0,1,0,1,0,1,0,1,0,1,0,0.00585597038269043,0.00140532398167109,676.8,0.763762615825973,1015.6,1.52752523165195
"vehicle2","ld_smote","svm_rbf",28.92,3.35310801098523,128.76,1.23423390543824,2.44,1.04403065089106,9.08,3.35310801098523,0.761052631578947,0.0882396844996113,0.981406039253368,0.00792918873437019,0.92375614973345,0.0215795068349429,0.831364535732606,0.0494205338703875,0.862726389129711,0.0476838261342739,0.871229335416157,0.0417429245598339,0.797478260242042,0.0526640436134716,0.936942792936289,0.0105260829032218,0.985700054599211,0.00169222891908988,0.00585597038269043,0.00140532398167109,676.8,0.763762615825973,1015.6,1.52752523165195
"vehicle2","ld_smote","xgb",38,0,0,0,131.2,0.763762615825973,0,0,1,0,0,0,0.224590688346344,0.00101535901913551,0.366800157302479,0.00135376624654713,0,0,0.5,0,NA,NA,0.224590688346344,0.00101535901913553,0.5,0,0.00585597038269043,0.00140532398167109,676.8,0.763762615825973,1015.6,1.52752523165195
"vehicle2","penn","knn",30,0,121.2,0.763762615825973,10,0,8,0,0.789473684210526,0,0.923778003167316,0.000444603039496556,0.75,0,0.769230769230769,0,0.853989685538284,0.000205516034360613,0.856625843688921,0.00022230151974826,0.700551988617064,0.00040506395129463,0.749279459273176,0.001424344059548,0.938101670660931,0.000196627652024154,0.0144342517852783,0.00133326203011962,676.8,0.763762615825973,673.8,0.763762615825973
"vehicle2","penn","logit",16,0,119.2,0.763762615825973,12,0,22,0,0.421052631578947,0,0.908533603800779,0.000533523647395901,0.571428571428571,0,0.484848484848485,0,0.618498531198539,0.000181611630663518,0.664793117689863,0.000266761823697999,0.37011022405656,0.000675519941882694,0.573523943775199,0,0.854576453411326,0.000848255799039165,0.0144342517852783,0.00133326203011962,676.8,0.763762615825973,673.8,0.763762615825973
"vehicle2","penn","rf",38,0,129.2,0.763762615825973,2,0,0,0,1,0,0.984755600633463,8.89206078993087e-05,0.95,0,0.974358974358974,0,0.992348526832386,4.48034667460911e-05,0.992377800316732,4.44603039496543e-05,0.967221700940941,4.36690176308658e-05,0.991663484864947,0.00317614475476226,0.997874117913692,0.000707632632834409,0.0144342517852783,0.00133326203011962,676.8,0.763762615825973,673.8,0.763762615825973
"vehicle2","penn","svm_rbf",38,0,129.2,0.763762615825973,2,0,0,0,1,0,0.984755600633463,8.89206078993087e-05,0.95,0,0.974358974358974,0,0.992348526832386,4.48034667460911e-05,0.992377800316732,4.44603039496543e-05,0.967221700940941,4.36690176308658e-05,0.995896760975278,0,0.998796494786852,7.02004799207175e-06,0.0144342517852783,0.00133326203011962,676.8,0.763762615825973,673.8,0.763762615825973
"vehicle2","penn","xgb",38,0,0,0,131.2,0.763762615825973,0,0,1,0,0,0,0.224590688346344,0.00101535901913551,0.366800157302479,0.00135376624654713,0,0,0.5,0,NA,NA,0.224590688346344,0.00101535901913553,0.5,0,0.0144342517852783,0.00133326203011962,676.8,0.763762615825973,673.8,0.763762615825973
"vehicle2","smote","knn",37.64,0.637704215656966,110.56,1.58324561160506,20.64,1.31909059582729,0.36,0.637704215656966,0.990526315789474,0.0167816898857097,0.842672681008559,0.0101692366052984,0.646129888071982,0.0147545927444881,0.781971377543668,0.0128507402903566,0.913560952485247,0.00908419121765992,0.916599498399016,0.00935937234383525,0.73189252703904,0.017235462776472,0.9789435688467,0.00886146120906988,0.991573580162973,0.00379531458325725,0.0052037239074707,0.00250055611847496,676.8,0.763762615825973,1015.6,1.52752523165195
"vehicle2","smote","logit",28.72,0.737111479583199,105.36,1.113552872566,25.84,0.898146239020499,9.28,0.7371114795832,0.755789473684211,0.0193976705153474,0.803046566664887,0.00681112866418804,0.526448705033611,0.0104414318811412,0.62053961557062,0.0121756825006938,0.778988224086092,0.0102175932140958,0.779418020174549,0.00998988732236981,0.498973637919909,0.0170127178574369,0.564018253087203,0.00535622901483155,0.854553453376675,0.00152685666124497,0.0052037239074707,0.00250055611847496,676.8,0.763762615825973,1015.6,1.52752523165195
"vehicle2","smote","rf",38,0,131.2,0.763762615825973,0,0,0,0,1,0,1,0,1,0,1,0,1,0,1,0,1,0,1,0,1,0,0.0052037239074707,0.00250055611847496,676.8,0.763762615825973,1015.6,1.52752523165195
"vehicle2","smote","svm_rbf",36.88,2.20454076850486,120.92,12.8579417741203,10.28,12.934192411331,1.12,2.20454076850486,0.970526315789474,0.0580142307501279,0.921715190661756,0.0980678208762747,0.817037617768549,0.130780778286192,0.878335130249457,0.0880981589815083,0.943299387635606,0.0571856915779233,0.946120753225615,0.0491389238283472,0.848373251315141,0.107199561759369,0.96570054863677,0.00922889450192841,0.991727275536837,0.00179289536191351,0.0052037239074707,0.00250055611847496,676.8,0.763762615825973,1015.6,1.52752523165195
"vehicle2","smote","xgb",38,0,0,0,131.2,0.763762615825973,0,0,1,0,0,0,0.224590688346344,0.00101535901913551,0.366800157302479,0.00135376624654713,0,0,0.5,0,NA,NA,0.224590688346344,0.00101535901913553,0.5,0,0.0052037239074707,0.00250055611847496,676.8,0.763762615825973,1015.6,1.52752523165195
"vehicle2","smote_enn","knn",37.68,0.476095228569523,95.6,1.58113883008419,35.6,1.35400640077266,0.32,0.476095228569523,0.991578947368421,0.0125288218044611,0.728647306891582,0.0105237056539143,0.514341654948408,0.0101117070001505,0.677284321170251,0.0100997384724273,0.849969934139744,0.00826011028387017,0.860113127130001,0.00827789159185121,0.606672081306255,0.0144111537377525,0.580471719426844,0.017550389801994,0.894147908606727,0.00788338007665017,0.0297302055358887,0.0102512210227216,676.8,0.763762615825973,853.52,5.25293568714993
"vehicle2","smote_enn","logit",34.72,0.791622805802528,97.4,1.25830573921179,33.8,0.912870929175277,3.28,0.791622805802528,0.913684210526316,0.0208321791000665,0.742365024288688,0.00727488084521672,0.506736733157403,0.00820887020039231,0.651864348701905,0.0107619349532599,0.823512202115842,0.00949771829903732,0.828024617407502,0.0103445335310954,0.557779428291345,0.0169994168853645,0.546509215185587,0.00801763849273683,0.854172471695975,0.00250278702911692,0.0297302055358887,0.0102512210227216,676.8,0.763762615825973,853.52,5.25293568714993
"vehicle2","smote_enn","rf",37.56,0.650640709864771,108.44,1.70977581376429,22.76,1.42243921955679,0.44,0.650640709864771,0.988421052631579,0.0171221239438098,0.826509831135785,0.0110690428458849,0.622968230204924,0.0144591318963649,0.764129833842317,0.0128929174459839,0.903789168138198,0.00940641752398176,0.907465441883682,0.00967213048375598,0.710212176028567,0.0175113853412627,0.880025689278161,0.0144032839153529,0.967912030182219,0.00434786302974752,0.0297302055358887,0.0102512210227216,676.8,0.763762615825973,853.52,5.25293568714993
"vehicle2","smote_enn","svm_rbf",36.68,1.14455231422596,118.52,1.82847842025366,12.68,1.70098010962308,1.32,1.14455231422596,0.965263157894737,0.0301197977427884,0.903354223384758,0.0129395709650083,0.744017633276429,0.0244135710499341,0.839826338961816,0.0171335884713034,0.933621441976821,0.0133789399193387,0.934308690639747,0.0137330845032066,0.79791654323842,0.0229472297258502,0.966083941314196,0.0123972542647437,0.988274161087339,0.00521821416034922,0.0297302055358887,0.0102512210227216,676.8,0.763762615825973,853.52,5.25293568714993
"vehicle2","smote_enn","xgb",38,0,0,0,131.2,0.763762615825973,0,0,1,0,0,0,0.224590688346344,0.00101535901913551,0.366800157302479,0.00135376624654713,0,0,0.5,0,NA,NA,0.224590688346344,0.00101535901913553,0.5,0,0.0297302055358887,0.0102512210227216,676.8,0.763762615825973,853.52,5.25293568714993
"vehicle2","smote_tomek","knn",37.76,0.435889894354067,109.56,1.80462369115189,21.64,1.60416125540213,0.24,0.435889894354067,0.993684210526316,0.0114707866935281,0.835052865709354,0.012285915289325,0.636118058553555,0.0169873780629216,0.775533078526385,0.0133241703572408,0.91088035502118,0.00817418290587557,0.914368538117835,0.0080340747820824,0.724812112648314,0.0167491233249912,0.965294822735406,0.0223841728313824,0.990809040430575,0.00509590436607179,0.0174410915374756,0.0016165270943828,676.8,0.763762615825973,1009.16,2.64070697604511
"vehicle2","smote_tomek","logit",28.84,0.98657657246325,105.2,1.35400640077266,26,1,9.16,0.98657657246325,0.758947368421053,0.0259625413806118,0.80181583302194,0.00790781872823036,0.52591873810841,0.01167351473989,0.621189251994408,0.0150058034816195,0.779960723460755,0.0134245431888973,0.780381600721496,0.0130959036509785,0.500016159569953,0.0215333127478376,0.561246484007894,0.00451681679603001,0.854413419980314,0.00197757824367615,0.0174410915374756,0.0016165270943828,676.8,0.763762615825973,1009.16,2.64070697604511
"vehicle2","smote_tomek","rf",38,0,130.6,0.957427107756338,0.6,0.645497224367903,0,0,1,0,0.995429028986281,0.00492163463502175,0.984717948717949,0.0163217095592547,0.992234432234432,0.00832318772411383,0.997708965916281,0.00246819699429584,0.99771451449314,0.00246081731751087,0.990042838364144,0.0106610521746409,0.998901354478598,0.00216358286591106,0.999704457187382,0.000564732282613722,0.0174410915374756,0.0016165270943828,676.8,0.763762615825973,1009.16,2.64070697604511
"vehicle2","smote_tomek","svm_rbf",36.52,2.32952069462082,121.2,7.47774475805818,10,7.29725975966321,1.48,2.32952069462082,0.961052631578947,0.0613031761742321,0.923719995017705,0.0558278078553739,0.805652917189285,0.113563279263193,0.868843178486233,0.057579283377166,0.940722068388741,0.0270885086741035,0.942386313298326,0.0251953721005423,0.836992749654945,0.0684236584131665,0.966595911738999,0.00950795762483439,0.991839820150387,0.00200641258729684,0.0174410915374756,0.0016165270943828,676.8,0.763762615825973,1009.16,2.64070697604511
"vehicle2","smote_tomek","xgb",38,0,0,0,131.2,0.763762615825973,0,0,1,0,0,0,0.224590688346344,0.00101535901913551,0.366800157302479,0.00135376624654713,0,0,0.5,0,NA,NA,0.224590688346344,0.00101535901913553,0.5,0,0.0174410915374756,0.0016165270943828,676.8,0.763762615825973,1009.16,2.64070697604511
