"seed_id","seed_value"
1,471084711
2,930350361
3,674686231
4,489408667
5,376779491
6,610070256
7,72165266
8,592004999
9,419266318
10,584495206
11,622142132
12,342039738
13,158159058
14,363440407
15,864678153
16,23210446
17,663547074
18,215118111
19,109834083
20,305495906
21,490077176
22,28588894
23,611076182
24,594454317
25,646867521
26,761298891
27,359103372
28,219208867
29,41369564
30,286715061
31,55198148
32,644777232
33,610116460
34,46134371
35,178314347
36,657869673
37,8652071
38,153626341
39,510700138
40,767114747
41,714009022
42,407458293
43,3058145
44,229038273
45,629427874
46,165051314
47,545206914
48,961686641
49,880248124
50,634963685
51,610157936
52,654857901
53,500670359
54,521122667
55,197206203
56,401286271
57,101872562
58,283971914
59,654427117
60,382679195
61,719849834
62,396673400
63,988897821
64,637367412
65,763697249
66,110718512
67,124821742
68,407576220
69,344534567
70,39779520
71,258968048
72,980951145
73,575777233
74,913522207
75,323115603
76,358069094
77,237310334
78,917235800
79,963972616
80,881429902
81,210921759
82,218108319
83,2506827
84,988622676
85,759717394
86,987691608
87,169508598
88,411797378
89,472896558
90,33256855
91,350661999
92,7450599
93,142736896
94,712598170
95,885557652
96,153679400
97,441795475
98,907656530
99,539053638
100,315711406
101,201244794
102,762637430
103,321199328
104,848318052
105,991964866
106,187157503
107,783022199
108,312234478
109,745841801
110,561579206
111,356286577
112,442935754
113,371600633
114,744998126
115,590313867
116,947142636
117,778344783
118,755993876
119,398934368
120,311774004
121,833345729
122,922777519
123,602844294
124,164619690
125,686807740
126,231728900
127,823392544
128,630820507
129,572236939
130,110839627
131,317375743
132,639886109
133,634484281
134,412329156
135,469996519
136,713070178
137,960455198
138,462193448
139,864492635
140,916030352
141,880142887
142,143927474
143,333463006
144,167242460
145,535112805
146,677580768
147,491108228
148,247669999
149,533857558
150,723506626
151,438382116
152,369888137
153,375353130
154,713117705
155,661495932
156,168801062
157,388107217
158,417977570
159,175387540
160,16948985
161,461370205
162,915015011
163,544288401
164,931757880
165,868155857
166,551684058
167,315421769
168,392219606
169,485461757
170,123263673
171,609634476
172,258787182
173,835900669
174,920016233
175,227025720
176,654295666
177,950169043
178,542316551
179,134629375
180,969659659
181,847940414
182,423595599
183,261538614
184,733268390
185,858631065
186,818017783
187,985631144
188,78149995
189,41514503
190,730206706
191,427626369
192,462037215
193,52169369
194,549628548
195,708131245
196,564835443
197,883503558
198,445941308
199,939142895
200,858271475
201,260995271
202,384513752
203,753958899
204,801354423
205,313176731
206,112974993
207,132236982
208,602646377
209,922801069
210,949516861
211,35479711
212,22371635
213,460416506
214,982830601
215,906193744
216,599719523
217,708133347
218,858204202
219,192935247
220,773156088
221,443891295
222,159875444
223,774706793
224,412163703
225,630992931
226,253595181
227,468737327
228,553990657
229,284244815
230,606001876
231,471212343
232,850696406
233,565943013
234,622520735
235,448870977
236,45469748
237,265248744
238,556293401
239,467720721
240,875171557
241,398345859
242,163945809
243,29490395
244,875617935
245,726854297
246,597779058
247,697847534
248,828944072
249,493311323
250,175039397
251,545762055
252,579968859
253,31310507
254,928536336
255,308391316
256,222938238
257,572740140
258,968958594
259,777929206
260,743123612
261,921108527
262,194400379
263,87783562
264,184071539
265,163489060
266,588157219
267,366964470
268,502476664
269,724950595
270,261457035
271,846596896
272,756379267
273,365098207
274,967491548
275,965469770
276,364601500
277,825298465
278,938835166
279,554356044
280,740753244
281,717204097
282,116993977
283,622621812
284,614581998
285,85270393
286,579478749
287,440014098
288,291679101
289,884488459
290,755025272
291,590237577
292,621836272
293,358250622
294,540420613
295,177016125
296,341439348
297,112391075
298,959335385
299,115913661
300,436737988
301,653471915
302,70440714
303,383920860
304,188670700
305,326035592
306,681958559
307,383474938
308,361745968
309,36761430
310,552720379
311,259975349
312,848267043
313,249893871
314,843969273
315,698548039
316,133340807
317,381988724
318,198641723
319,601735079
320,358107727
321,39817425
322,29294343
323,854264347
324,648079036
325,921221212
326,602104287
327,962269524
328,59923633
329,304098938
330,468613418
331,367328227
332,962448976
333,777600652
334,323189699
335,624997677
336,647552310
337,405095061
338,321840220
339,362891767
340,239011224
341,960436018
342,633553059
343,496945261
344,650420795
345,438779010
346,871533913
347,590974733
348,758304265
349,858039066
350,694681646
351,690968075
352,261653204
353,592132853
354,34557033
355,441549048
356,567008596
357,207779239
358,392529342
359,146943662
360,797994957
361,783111868
362,795842323
363,854346143
364,793175187
365,267394426
366,56091928
367,998247755
368,942324588
369,924011847
370,778454067
371,227520475
372,76329103
373,920585553
374,271597099
375,662983048
376,620250535
377,587490303
378,568152097
379,825648416
380,859075843
381,971902883
382,393810268
383,460590236
384,891939548
385,322408840
386,103581781
387,858213132
388,648616899
389,278058121
390,444482160
391,651946981
392,435716608
393,738521384
394,923389601
395,401894344
396,861123056
397,598160249
398,615012293
399,866566293
400,159200222
401,806599391
402,422565255
403,266443373
404,368622590
405,314474993
406,970019087
407,308710186
408,297749780
409,717332994
410,188455098
411,978599263
412,420073565
413,112997624
414,207709184
415,435951467
416,872550905
417,198053417
418,230920811
419,38177185
420,29452062
421,329194851
422,82166981
423,897389742
424,608592982
425,737049680
426,767311481
427,916152879
428,452901010
429,168261664
430,295335833
431,389396493
432,538064298
433,537151218
434,765874639
435,227219428
436,432729067
437,959481443
438,9791541
439,725306545
440,322673221
441,743682181
442,409925819
443,766580957
444,694324275
445,714223729
446,676655342
447,965588867
448,280797228
449,342788381
450,550116214
451,521090636
452,59056798
453,868167978
454,889457554
455,651398070
456,386385697
457,32845490
458,40841140
459,334613770
460,570107460
461,649247451
462,300171823
463,153628334
464,524538653
465,583445548
466,423963139
467,95013633
468,692322404
469,440309557
470,89448071
471,9399503
472,668020790
473,764157175
474,398234498
475,321139296
476,422963547
477,202348091
478,638148027
479,502431188
480,620807239
481,572435859
482,593457984
483,221108986
484,887086832
485,223889973
486,266249390
487,940486566
488,6454270
489,559381041
490,238035412
491,175260977
492,587584304
493,649528181
494,744942149
495,982574309
496,407145261
497,247685935
498,359629820
499,435163743
500,40028774
501,665734051
502,267321125
503,94568250
504,940507170
505,801313119
506,718466286
507,927313682
508,611199227
509,945026349
510,234812959
511,757955111
512,750846014
513,885176384
514,141513826
515,457476319
516,820552397
517,515938310
518,821502081
519,334707361
520,226526505
521,65432105
522,555843515
523,786546411
524,28442625
525,837850186
526,231821469
527,519506114
528,838889379
529,641303898
530,782205002
531,190414426
532,150756071
533,477310066
534,481631127
535,705915267
536,79342410
537,847739260
538,29826259
539,897546659
540,399810742
541,51235992
542,748982239
543,768873944
544,85164617
545,904363753
546,194163543
547,527985520
548,745599799
549,6721738
550,961849043
551,783681933
552,751447877
553,705640287
554,835029551
555,225246874
556,521424327
557,501438194
558,224745714
559,500732990
560,235055056
561,659061488
562,641054636
563,875039110
564,345921549
565,988801887
566,595723453
567,900003508
568,136215846
569,15156821
570,874812521
571,654873115
572,534568328
573,731043671
574,519816064
575,692063011
576,970742016
577,626936970
578,580320923
579,409286854
580,284958987
581,525979512
582,70399868
583,56148057
584,487435730
585,79592838
586,33545160
587,418198325
588,380751111
589,929961933
590,300291035
591,235806433
592,247713131
593,591867493
594,110579238
595,818722827
596,756234434
597,713953235
598,578660436
599,916283046
600,747623668
601,972699513
602,53566233
603,136216647
604,579471013
605,37525683
606,908386756
607,106000829
608,540729625
609,577613514
610,790017748
611,317526019
612,242957549
613,791677909
614,916867780
615,553407860
616,312416023
617,864639583
618,155638888
619,631322895
620,269832271
621,32919152
622,939625074
623,894773879
624,145624585
625,84767046
626,421552749
627,177389294
628,612284137
629,454111493
630,511900789
631,576553258
632,997407268
633,515593386
634,163905883
635,720337737
636,164326181
637,646847171
638,402134706
639,724912695
640,842835989
641,879635605
642,313092068
643,285679967
644,590119233
645,821904223
646,944992012
647,626055696
648,883486682
649,391394097
650,31271684
651,760193402
652,685654551
653,979725577
654,399094728
655,927246704
656,436691985
657,546053160
658,382079535
659,66773684
660,500896574
661,784573683
662,441829281
663,19313091
664,99083406
665,359936143
666,480322881
667,23837854
668,174936768
669,32797883
670,837778812
671,918263470
672,798596524
673,549350675
674,535479895
675,941857445
676,442816579
677,253693982
678,744512794
679,914724441
680,719365013
681,243972531
682,386182192
683,660862536
684,317011966
685,473622631
686,458606263
687,104399618
688,861898936
689,331951129
690,141101282
691,710230905
692,23210385
693,330084167
694,889748367
695,616728735
696,598071833
697,154562741
698,168925872
699,391781905
700,133107884
701,510411706
702,680215084
703,272984025
704,102754519
705,5360299
706,90545509
707,142377693
708,120936952
709,810644531
710,862165483
711,360831920
712,114214205
713,222160899
714,398323800
715,553092266
716,107791428
717,684369820
718,530908424
719,627053073
720,605419445
721,670225629
722,345149474
723,197649074
724,889649991
725,346148572
726,905186482
727,312013668
728,68342262
729,898727472
730,921180870
731,921904405
732,202639733
733,882469787
734,617677517
735,230051640
736,594677625
737,263975775
738,700039083
739,761424629
740,90084617
741,963791183
742,261227293
743,40893652
744,802712483
745,819249599
746,651848776
747,664023255
748,354166209
749,148297459
750,59531197
751,277587069
752,383603157
753,294919860
754,34422494
755,194798106
756,989257930
757,95698553
758,225396816
759,775587176
760,717954771
761,458282027
762,638031416
763,755146371
764,261036039
765,900520965
766,539280647
767,366914861
768,907599835
769,146395341
770,325128822
771,945484163
772,131527774
773,415413886
774,151640776
775,519629705
776,506549562
777,457473911
778,932040788
779,362092195
780,565970725
781,939454095
782,823381436
783,306701860
784,867986870
785,721073759
786,663970337
787,300037151
788,168422174
789,540502328
790,813561708
791,862024715
792,115918617
793,47348130
794,253747985
795,804611739
796,217439318
797,369485795
798,341451043
799,695455195
800,279251747
801,465191858
802,234004852
803,824002881
804,778537880
805,752649488
806,953715883
807,798019179
808,167725545
809,143295605
810,966518169
811,16050882
812,352690071
813,791576396
814,728859032
815,790866933
816,80631275
817,981242676
818,22884832
819,22037625
820,545757476
821,492164489
822,360482852
823,226427785
824,482304075
825,301593614
826,807542888
827,95869989
828,385963234
829,598285779
830,320216184
831,564583049
832,920943696
833,510478603
834,937929154
835,638861757
836,122488203
837,336136709
838,24322844
839,867232893
840,195061551
841,593115962
842,166477640
843,426004748
844,528301473
845,102976210
846,444674041
847,394594548
848,531556183
849,879954757
850,670575830
851,959062329
852,653767904
853,606641019
854,758602115
855,764887579
856,906154095
857,571364392
858,904343386
859,977284041
860,392312071
861,6043833
862,914597536
863,155992158
864,632557035
865,11465061
866,604986877
867,453000508
868,220962715
869,756487062
870,165078458
871,533547283
872,386902953
873,896944853
874,650275311
875,465547385
876,454146599
877,723232409
878,8955802
879,878185098
880,156141130
881,643379248
882,374096589
883,426850146
884,935421965
885,89728986
886,897212768
887,251574170
888,651766664
889,615411236
890,617624385
891,931170978
892,909987846
893,373760638
894,227499521
895,658490446
896,296557336
897,987361587
898,182657704
899,864135651
900,147807582
901,400148817
902,484036701
903,146909132
904,780787235
905,736517968
906,997314240
907,859539885
908,492064718
909,271781370
910,916908085
911,224384063
912,816165150
913,38650737
914,745992082
915,287658002
916,52440162
917,874789662
918,715127282
919,41551580
920,870451153
921,727216573
922,681506960
923,187719362
924,489050868
925,779416910
926,650277907
927,459705268
928,218697195
929,871592836
930,801769753
931,611147928
932,256926468
933,703809435
934,985621681
935,120013453
936,380998248
937,395175341
938,399016634
939,299462803
940,764976861
941,487349058
942,510047593
943,901289534
944,677528586
945,604849263
946,730379653
947,989008593
948,372942794
949,251320480
950,524415889
951,391889528
952,893465835
953,29565469
954,516961693
955,136035796
956,959823304
957,916355040
958,60996382
959,744784616
960,63491688
961,543591222
962,216210887
963,852704440
964,354881616
965,727648161
966,450583517
967,760767057
968,896939572
969,813567241
970,808054653
971,543561110
972,292518439
973,848889601
974,945990933
975,102515009
976,309491329
977,925073389
978,472891042
979,988718589
980,511315222
981,465791712
982,731823494
983,573931194
984,316766178
985,555433594
986,280847746
987,329776751
988,471357715
989,317401355
990,680626971
991,205909521
992,668940904
993,500033117
994,953135403
995,516400784
996,624780433
997,999196580
998,515713777
999,616354777
1000,382256556
1001,641215287
1002,618551078
1003,882320179
1004,678592009
1005,575932456
1006,315526150
1007,513706824
1008,267308211
1009,939596555
1010,686782775
1011,137537403
1012,127523446
1013,817177429
1014,608636895
1015,489184844
1016,835326916
1017,893825001
1018,360771640
1019,836222674
1020,942144371
1021,430968916
1022,992327656
1023,871282757
1024,89189228
1025,56792844
1026,645142452
1027,862776557
1028,786148662
1029,956233690
1030,687065869
1031,696034815
1032,369916725
1033,479482714
1034,578479547
1035,468834242
1036,406880082
1037,583856239
1038,718377633
1039,642746768
1040,384971522
1041,574054202
1042,869058305
1043,108844482
1044,623384468
1045,590318149
1046,160001318
1047,955454943
1048,903789981
1049,496184330
1050,82646791
1051,239171418
1052,706501549
1053,45179539
1054,528167618
1055,835092837
1056,18089359
1057,596260469
1058,145604492
1059,209843610
1060,866621607
1061,913316563
1062,503550534
1063,123976343
1064,318980475
1065,24668535
1066,23084096
1067,796571701
1068,445366274
1069,945635421
1070,546818925
1071,403782612
1072,181458056
1073,993423765
1074,525447075
1075,72008175
1076,324871182
1077,433285045
1078,819455801
1079,373680987
1080,760844551
1081,990307943
1082,296815155
1083,813973189
1084,20603599
1085,172811231
1086,880550926
1087,377229658
1088,411427588
1089,521271753
1090,463156501
1091,396599300
1092,888995319
1093,709922565
1094,618939996
1095,500624753
1096,213877424
1097,714218367
1098,421814994
1099,43360663
1100,639388236
1101,780161043
1102,522859661
1103,203444872
1104,217382239
1105,5290630
1106,316477804
1107,926863617
1108,866141299
1109,290038935
1110,818533826
1111,516919620
1112,865852680
1113,658797717
1114,611912256
1115,198117426
1116,625151173
1117,444645644
1118,138625363
1119,478450922
1120,205201621
1121,685767630
1122,843593960
1123,999332890
1124,92774687
1125,470740804
1126,343300847
1127,696814358
1128,234925339
1129,596881793
1130,336185704
1131,19120902
1132,465668091
1133,271876038
1134,67430915
1135,255039769
1136,861673598
1137,759438494
1138,777597950
1139,529016591
1140,650957711
1141,312669198
1142,33387993
1143,80795107
1144,78883456
1145,709682343
1146,374734030
1147,618966812
1148,292282982
1149,619207447
1150,643183729
1151,175857476
1152,203926873
1153,771376457
1154,823447898
1155,423371126
1156,39074991
1157,437809155
1158,317948762
1159,875236368
1160,704971763
1161,667979758
1162,973813164
1163,438557256
1164,749445113
1165,501167771
1166,875472123
1167,451138835
1168,128693464
1169,311140221
1170,592825703
1171,459277165
1172,156866130
1173,5605730
1174,951024022
1175,951383556
1176,666026473
1177,398942638
1178,559615321
1179,21122225
1180,823155057
1181,368646901
1182,718824837
1183,516603428
1184,96243104
1185,305593839
1186,989794536
1187,959458229
1188,500576578
1189,253308035
1190,148048716
1191,600938174
1192,815008451
1193,120989036
1194,77684928
1195,747639203
1196,870044757
1197,666583030
1198,721796874
1199,71761152
1200,698176992
1201,456461040
1202,544376574
1203,903969703
1204,733652427
1205,506119491
1206,539157189
1207,982013693
1208,462063526
1209,272065463
1210,799544801
1211,972247583
1212,305118626
1213,391773330
1214,859989027
1215,714535762
1216,659938156
1217,47507275
1218,227973448
1219,296444023
1220,993182736
1221,836748829
1222,576528426
1223,949408284
1224,301420430
1225,540191487
1226,137136481
1227,820464797
1228,198488355
1229,971508060
1230,824981382
1231,258844076
1232,174095485
1233,237398318
1234,325132009
1235,442378532
1236,775112424
1237,989791283
1238,536124630
1239,561606490
1240,437310519
1241,849453706
1242,485055628
1243,272551145
1244,564968428
1245,87217619
1246,823935145
1247,100447139
1248,710401844
1249,696222103
1250,291850897
1251,843389236
1252,996711596
1253,455008948
1254,989526161
1255,365451414
1256,964437737
1257,578635942
1258,726794558
1259,367420399
1260,205402612
1261,626672549
1262,742140006
1263,724921506
1264,198194962
1265,556562768
1266,836261754
1267,970414047
1268,592663015
1269,111913518
1270,628118254
1271,535716650
1272,302111807
1273,701120453
1274,849165098
1275,804436400
1276,847620606
1277,134043372
1278,473237078
1279,946479228
1280,649309530
1281,35095453
1282,616852376
1283,261671631
1284,845935708
1285,264366208
1286,293206517
1287,977564827
1288,343139266
1289,636992295
1290,614864394
1291,523152730
1292,545958327
1293,479513383
1294,749454549
1295,154745815
1296,844601881
1297,100520967
1298,296938912
1299,607313824
1300,376412236
1301,767380776
1302,274407852
1303,633189008
1304,839606009
1305,464367296
1306,521580522
1307,373353814
1308,714039973
1309,603819629
1310,164733546
1311,27704496
1312,685899349
1313,544446668
1314,622752851
1315,808442407
1316,604272215
1317,361732226
1318,898538130
1319,34517661
1320,976371447
1321,559678492
1322,62028066
1323,533895952
1324,409168549
1325,514376120
1326,368486963
1327,451588595
1328,903169244
1329,268043237
1330,555161234
1331,587996391
1332,715201323
1333,680334386
1334,877626445
1335,17609826
1336,39040598
1337,218837515
1338,30331258
1339,936835345
1340,717336541
1341,117656725
1342,760453358
1343,370863783
1344,864508595
1345,86776884
1346,20287612
1347,429373689
1348,230027505
1349,832101799
1350,63366467
1351,533094780
1352,970971089
1353,806902022
1354,545279666
1355,184221784
1356,82346664
1357,782340703
1358,96156140
1359,222253536
1360,212885748
1361,225290718
1362,7772207
1363,280766079
1364,687737656
1365,402490022
1366,202313915
1367,766747479
1368,985688892
1369,547095758
1370,697184885
1371,454232371
1372,108118020
1373,837713570
1374,879522292
1375,233669965
1376,877096804
1377,118903935
1378,559887166
1379,718546591
1380,743289587
1381,550931096
1382,689130544
1383,264447051
1384,866854717
1385,404474168
1386,620943688
1387,891307836
1388,765573818
1389,938709374
1390,42195354
1391,57822501
1392,299056025
1393,675094362
1394,190632696
1395,796396564
1396,241405930
1397,753373757
1398,148678273
1399,172439256
1400,685203221
1401,625205569
1402,965983474
1403,698031573
1404,240656146
1405,371149297
1406,960121195
1407,755973649
1408,878038832
1409,285525155
1410,412606326
1411,559146677
1412,416865481
1413,733809831
1414,474609931
1415,406915568
1416,408431240
1417,910356172
1418,579783427
1419,198336174
1420,616565776
1421,238565654
1422,403326047
1423,7906931
1424,259100698
1425,111381152
1426,193376814
1427,233925132
1428,465990037
1429,879047209
1430,448182164
1431,164071182
1432,524701820
1433,428901049
1434,479447284
1435,619690084
1436,119170723
1437,514821443
1438,135186507
1439,124950408
1440,692142636
1441,110814640
1442,287299576
1443,746275146
1444,589671191
1445,911014828
1446,155337761
1447,215511074
1448,983454596
1449,368675361
1450,464171897
1451,666855148
1452,443092788
1453,746632230
1454,100170648
1455,737974773
1456,303303798
1457,220753319
1458,486310616
1459,901854611
1460,32252271
1461,91949857
1462,374579217
1463,181812770
1464,214148339
1465,846187570
1466,838147643
1467,189620937
1468,768172786
1469,848986290
1470,90515186
1471,507791567
1472,6897473
1473,700460411
1474,560680539
1475,111698343
1476,569447663
1477,662486676
1478,790331633
1479,91283977
1480,427968583
1481,512647917
1482,479684931
1483,602713674
1484,159763236
1485,117515298
1486,137341203
1487,18319574
1488,955521374
1489,936912875
1490,326248888
1491,92745954
1492,722613743
1493,291994856
1494,608651810
1495,280929469
1496,433802586
1497,606957099
1498,683827223
1499,479533454
1500,283261563
1501,137499252
1502,394679979
1503,634595913
1504,651601937
1505,96677167
1506,418512053
1507,327635549
1508,255727930
1509,64618872
1510,947133956
1511,482526434
1512,639825450
1513,225442245
1514,89401028
1515,350250081
1516,343363711
1517,5194786
1518,48404696
1519,494357854
1520,23125316
1521,869559607
1522,645712995
1523,816216572
1524,346423620
1525,918174240
1526,223475097
1527,763749309
1528,991556107
1529,502475760
1530,992005523
1531,599371996
1532,416118050
1533,343903035
1534,792996901
1535,309463746
1536,895632915
1537,498302974
1538,932679934
1539,481799387
1540,720390320
1541,752841393
1542,959470381
1543,582136182
1544,915880040
1545,339529847
1546,728517528
1547,783146186
1548,382447584
1549,635121119
1550,331084474
1551,173541498
1552,228365674
1553,667882889
1554,510187727
1555,247175227
1556,379546655
1557,310069482
1558,124779385
1559,962325436
1560,931511042
1561,567958001
1562,922539016
1563,536262815
1564,367826067
1565,383667424
1566,270630837
1567,381151542
1568,821693963
1569,571179997
1570,953814793
1571,883706145
1572,500969280
1573,665821151
1574,715851699
1575,785705142
1576,564471360
1577,994238665
1578,474561936
1579,225935089
1580,745254960
1581,506775600
1582,23468907
1583,254018525
1584,592759257
1585,697016304
1586,622823000
1587,548569104
1588,376157725
1589,177124668
1590,998640525
1591,636431836
1592,320500638
1593,106578706
1594,566486977
1595,661117238
1596,388786553
1597,716850992
1598,185603351
1599,427248851
1600,922443337
1601,927164268
1602,308981445
1603,935604723
1604,356040044
1605,437766233
1606,461841614
1607,289279931
1608,359967490
1609,526921846
1610,671239446
1611,708535290
1612,102281146
1613,885505086
1614,895844562
1615,493970849
1616,804250716
1617,945867957
1618,205989939
1619,183332794
1620,496001367
1621,578960552
1622,692877858
1623,720087598
1624,868449612
1625,197575428
1626,781859045
1627,368947772
1628,250547811
1629,630648179
1630,645778249
1631,282687993
1632,394693274
1633,268080898
1634,611697418
1635,984933547
1636,275277738
1637,997178295
1638,918665381
1639,651544391
1640,511385911
1641,639450132
1642,422611433
1643,474279842
1644,356643029
1645,289763784
1646,479101714
1647,188970017
1648,862989277
1649,855892839
1650,330838956
1651,402549063
1652,626517683
1653,375505468
1654,431527478
1655,225096017
1656,498766925
1657,104826238
1658,951055945
1659,538562174
1660,43050306
1661,130918148
1662,267971673
1663,371464393
1664,688055173
1665,538691181
1666,776658613
1667,49566380
1668,786169805
1669,498562387
1670,91937221
1671,615546151
1672,980074825
1673,207391676
1674,805178065
1675,511106637
1676,546484663
1677,979475766
1678,396817142
1679,917510910
1680,931517809
1681,624540116
1682,846294120
1683,244448274
1684,190588994
1685,547649985
1686,918362384
1687,737699409
1688,315821457
1689,409601353
1690,864148161
1691,689293785
1692,678774012
1693,485987543
1694,875911917
1695,113452315
1696,754275848
1697,821631440
1698,932770324
1699,751174404
1700,22188655
1701,438795117
1702,397770829
1703,777754939
1704,83510560
1705,297861547
1706,449944244
1707,250015473
1708,311130074
1709,469018179
1710,842193650
1711,409214754
1712,538342934
1713,801581974
1714,576813911
1715,262154369
1716,385813359
1717,906323176
1718,719626659
1719,992866380
1720,144229619
1721,36378902
1722,490574947
1723,956880869
1724,126955199
1725,606212811
1726,696573430
1727,8230140
1728,670943055
1729,371894309
1730,170788034
1731,862915810
1732,962971186
1733,396622094
1734,864334447
1735,730948391
1736,385471470
1737,58017526
1738,141287676
1739,364042548
1740,224433746
1741,833186148
1742,744846636
1743,918281368
1744,298254802
1745,588326585
1746,248882875
1747,748504519
1748,153661579
1749,710972442
1750,29855627
1751,146932797
1752,515128708
1753,684504383
1754,838558100
1755,231681750
1756,329952032
1757,9629311
1758,940424537
1759,93335093
1760,132890027
1761,473493241
1762,987470834
1763,868049814
1764,270759155
1765,827130697
1766,414384753
1767,770913614
1768,369029886
1769,659613387
1770,391524570
1771,126414979
1772,239997330
1773,321840934
1774,743019869
1775,77381873
1776,775602232
1777,933954770
1778,960320491
1779,894704868
1780,179092717
1781,534691731
1782,553062470
1783,410611493
1784,511436444
1785,756710385
1786,676171872
1787,305380435
1788,520909268
1789,141269221
1790,760844263
1791,584372858
1792,369355535
1793,166076094
1794,411982032
1795,145685094
1796,386915671
1797,940520259
1798,976852468
1799,125788931
1800,36578796
1801,639494496
1802,611691505
1803,868377660
1804,539560435
1805,349932623
1806,499394472
1807,880561965
1808,92426550
1809,311186946
1810,246621093
1811,203404622
1812,856146502
1813,234457579
1814,22777334
1815,670964186
1816,379621074
1817,364330876
1818,786292250
1819,303538497
1820,761400158
1821,63063020
1822,299433303
1823,735476469
1824,982658306
1825,206694080
1826,144288901
1827,729991160
1828,411174111
1829,143321979
1830,169689756
1831,367555647
1832,413503410
1833,746105618
1834,135956228
1835,207399514
1836,576110498
1837,816147417
1838,171508800
1839,683166207
1840,319278114
1841,52703399
1842,282203288
1843,963898792
1844,640565082
1845,772378256
1846,899777226
1847,686423414
1848,939325691
1849,393840576
1850,806350266
1851,805698220
1852,150958411
1853,504147405
1854,918937852
1855,38760221
1856,39336158
1857,644687142
1858,782100997
1859,3006097
1860,18731665
1861,452779490
1862,783234820
1863,206205566
1864,344281854
1865,903581355
1866,671892325
1867,892632654
1868,811719365
1869,696332701
1870,921861250
1871,966890540
1872,645404497
1873,380467707
1874,200862657
1875,297037595
1876,810485396
1877,342398463
1878,516376359
1879,646628468
1880,745082322
1881,163354948
1882,962050537
1883,184980844
1884,793299699
1885,833317503
1886,407097855
1887,877022348
1888,438226743
1889,721273885
1890,513828892
1891,470097166
1892,907408089
1893,113109622
1894,66228330
1895,906717278
1896,60520295
1897,59582605
1898,166187513
1899,695430928
1900,992381287
1901,965636872
1902,186678241
1903,337117256
1904,819651484
1905,261087292
1906,596818476
1907,626403122
1908,445898250
1909,368818480
1910,379029272
1911,156180369
1912,284534562
1913,289165444
1914,780048017
1915,724428467
1916,398615600
1917,758517818
1918,724029349
1919,354477320
1920,630945822
1921,603978746
1922,598382145
1923,288630896
1924,890073452
1925,500693097
1926,596413919
1927,795366076
1928,473546210
1929,960562839
1930,911038820
1931,690463008
1932,798974687
1933,332203207
1934,73177174
1935,593378270
1936,145174666
1937,183019179
1938,42536831
1939,882717859
1940,472490535
1941,948212494
1942,753643738
1943,904409795
1944,372588593
1945,957673966
1946,80148813
1947,597088176
1948,504639226
1949,589207903
1950,621324809
1951,396170887
1952,857513860
1953,181716197
1954,615314105
1955,790487667
1956,695863617
1957,558008940
1958,425209760
1959,380813119
1960,951832763
1961,820292806
1962,455889374
1963,575330119
1964,699339472
1965,262670974
1966,227268317
1967,286891338
1968,919709852
1969,107029315
1970,66277123
1971,420439787
1972,183691175
1973,42706496
1974,202386869
1975,103230336
1976,420535772
1977,959921843
1978,599942012
1979,886397301
1980,611106024
1981,883397435
1982,341599379
1983,314383312
1984,878033874
1985,332717296
1986,829219121
1987,659213369
1988,708385197
1989,815782518
1990,860626482
1991,211218486
1992,719666771
1993,273552863
1994,237429926
1995,432866933
1996,660001718
1997,942360072
1998,802216791
1999,248812747
2000,403475605
2001,426654199
2002,32408915
2003,660361793
2004,565541411
2005,63616758
2006,488467812
2007,671205780
2008,528974199
2009,525729973
2010,474448272
2011,685665108
2012,444789897
2013,994237593
2014,564444465
2015,848425522
2016,625617443
2017,687272064
2018,519822101
2019,767166751
2020,536387218
2021,857729807
2022,89652008
2023,153893902
2024,893684882
2025,652655325
2026,540341792
2027,751795221
2028,724732434
2029,704022831
2030,747384320
2031,141529745
2032,800693138
2033,676718757
2034,442616731
2035,571093228
2036,739711675
2037,433297032
2038,499770993
2039,895779731
2040,394115539
2041,669111924
2042,44768160
2043,715158727
2044,578946975
2045,51444927
2046,916712858
2047,698023755
2048,539442714
2049,12374638
2050,654379759
2051,765966283
2052,618206734
2053,520645138
2054,681430344
2055,97178258
2056,423001800
2057,622020893
2058,420204338
2059,543476062
2060,504647880
2061,686782666
2062,42655817
2063,781283828
2064,392126231
2065,5156908
2066,290754826
2067,193235147
2068,365855306
2069,856378514
2070,711706496
2071,960982053
2072,240337888
2073,247722290
2074,579460090
2075,930725785
2076,665914133
2077,651524603
2078,334806400
2079,898654942
2080,179690232
2081,63752402
2082,178641697
2083,914387235
2084,864531809
2085,706955181
2086,617766465
2087,466799667
2088,702752330
2089,556150405
2090,234864485
2091,27880284
2092,135742228
2093,592669273
2094,455105824
2095,455661929
2096,650332499
2097,159520408
2098,300382316
2099,371935450
2100,712637080
2101,625725109
2102,871844703
2103,391934858
2104,439844010
2105,433721741
2106,253346280
2107,387990908
2108,379990946
2109,260094872
2110,392197643
2111,991903480
2112,520457404
2113,488816515
2114,954157088
2115,783917239
2116,794053073
2117,809340447
2118,174619036
2119,861067368
2120,65208304
2121,734488050
2122,954254639
2123,356491011
2124,44584608
2125,177612516
2126,69479221
2127,606246799
2128,612581442
2129,884197175
2130,764596758
2131,926188560
2132,518823330
2133,967024999
2134,824259971
2135,401966538
2136,570168466
2137,946681166
2138,752192839
2139,191194769
2140,713294467
2141,668764710
2142,179434961
2143,767859950
2144,578263449
2145,380696649
2146,179559719
2147,1823798
2148,455239000
2149,550120228
2150,134923663
2151,395992630
2152,260257450
2153,386753491
2154,753515445
2155,431754983
2156,621988191
2157,47866743
2158,621871158
2159,957541445
2160,67719649
2161,197519116
2162,58799091
2163,501122629
2164,893165466
2165,316618657
2166,371815811
2167,952731813
2168,781957920
2169,254896175
2170,234525083
2171,143961800
2172,782610546
2173,922163881
2174,864463754
2175,522464864
2176,829507594
2177,413606705
2178,56137900
2179,801400448
2180,709189845
2181,115946046
2182,601082815
2183,175064487
2184,114476980
2185,198327470
2186,382983361
2187,776231018
2188,821963693
2189,897551039
2190,108442097
2191,118789702
2192,297217937
2193,443586382
2194,538288481
2195,599354563
2196,334793410
2197,109447470
2198,183992558
2199,420146432
2200,876416838
2201,223961748
2202,444564765
2203,536057586
2204,980288514
2205,248137250
2206,96885973
2207,447373170
2208,885556063
2209,818207291
2210,993305060
2211,338298599
2212,311046656
2213,784910057
2214,306124772
2215,398782511
2216,206083430
2217,110991624
2218,1954652
2219,912613056
2220,97700385
2221,48162090
2222,766737150
2223,877241938
2224,791425079
2225,775676469
2226,407922223
2227,626535894
2228,803290481
2229,648889518
2230,207060479
2231,891383510
2232,239379188
2233,807641921
2234,67789566
2235,679425340
2236,378257650
2237,326373421
2238,630219485
2239,937639824
2240,815107140
2241,797384548
2242,227793172
2243,774369522
2244,684093067
2245,342022650
2246,28852303
2247,145050991
2248,151058553
2249,105092687
2250,947197963
2251,452405148
2252,996123420
2253,934353520
2254,496960376
2255,196683233
2256,229388416
2257,558190326
2258,877758360
2259,251965462
2260,530357497
2261,25215803
2262,346266414
2263,609823410
2264,335602571
2265,169380392
2266,646724933
2267,701233515
2268,664734480
2269,454996707
2270,170576305
2271,872138060
2272,401400799
2273,549703827
2274,316198195
2275,959376854
2276,866002868
2277,886823345
2278,605021874
2279,252024744
2280,200379952
2281,199023889
2282,906406358
2283,813496931
2284,730530053
2285,675807631
2286,846332225
2287,394024309
2288,412124409
2289,824248274
2290,884891769
2291,22086266
2292,650112430
2293,183352164
2294,185880837
2295,242131626
2296,253976989
2297,516078377
2298,829764279
2299,680398999
2300,867179005
2301,511601093
2302,365402455
2303,736349702
2304,27091868
2305,172589545
2306,365802941
2307,302352336
2308,36759318
2309,871717488
2310,113274385
2311,10410193
2312,867361973
2313,59718913
2314,68563118
2315,59964740
2316,322765306
2317,453636444
2318,625964494
2319,513594356
2320,406603764
2321,27197014
2322,637378673
2323,98637465
2324,859956290
2325,676847899
2326,963840812
2327,209216894
2328,518684954
2329,535658647
2330,616563947
2331,260102810
2332,110950577
2333,398103000
2334,315864718
2335,662474767
2336,711588004
2337,710581509
2338,560807512
2339,998837366
2340,973807405
2341,91980711
2342,796049135
2343,500710673
2344,179173921
2345,148753141
2346,370853987
2347,795338047
2348,7752906
2349,422012438
2350,246671413
2351,635591723
2352,565975655
2353,412033887
2354,151930859
2355,976099223
2356,671967345
2357,426256074
2358,227000711
2359,333854533
2360,924528820
2361,869296138
2362,647310462
2363,75348583
2364,251002234
2365,57227539
2366,569749868
2367,158130589
2368,92086080
2369,96947849
2370,838394399
2371,832956269
2372,565665835
2373,770495261
2374,593971247
2375,796032939
2376,892328720
2377,813964913
2378,774568881
2379,210530594
2380,601998810
2381,130657756
2382,568269525
2383,555032883
2384,377480420
2385,232827119
2386,72145333
2387,275800306
2388,417681509
2389,461521460
2390,698318239
2391,451363762
2392,620790898
2393,973265879
2394,53191209
2395,707883077
2396,642210969
2397,341082831
2398,297423641
2399,333896544
2400,730314423
2401,155733885
2402,880035490
2403,379503609
2404,394256123
2405,740645071
2406,316688924
2407,905265646
2408,84530880
2409,430935856
2410,351451391
2411,731482065
2412,862766208
2413,534143340
2414,25655745
2415,942329763
2416,155728130
2417,314354747
2418,549364093
2419,152865006
2420,585975290
2421,74359755
2422,484410835
2423,388253128
2424,580128032
2425,924513057
2426,730134506
2427,479160767
2428,770169224
2429,511602970
2430,971361398
2431,24314603
2432,869729106
2433,547948213
2434,956171916
2435,213067191
2436,85352799
2437,38528043
2438,291359154
2439,202680875
2440,439159726
2441,59411051
2442,60737787
2443,95470639
2444,856717372
2445,640721500
2446,150870105
2447,908875749
2448,828133324
2449,259683525
2450,78654972
2451,10524305
2452,657448519
2453,457382013
2454,780651638
2455,267170371
2456,7469790
2457,959750807
2458,656302014
2459,869016597
2460,637552962
2461,142848801
2462,457550329
2463,657645694
2464,977517658
2465,933143582
2466,917457736
2467,587307087
2468,592229172
2469,840482258
2470,705422175
2471,519524804
2472,811060446
2473,105891213
2474,245260943
2475,516533126
2476,195816198
2477,874589174
2478,289466437
2479,220004030
2480,79936077
2481,58999325
2482,380640515
2483,388590971
2484,146631431
2485,454749516
2486,170059541
2487,386070698
2488,792411706
2489,350294203
2490,24320099
2491,435879687
2492,563255633
2493,388455052
2494,56500444
2495,580963588
2496,548595877
2497,637097885
2498,470984985
2499,758367400
2500,625499645
2501,551627530
2502,676074663
2503,166524440
2504,4700176
2505,343184969
2506,125981999
2507,933542892
2508,521887461
2509,111678120
2510,504381548
2511,393010917
2512,633896077
2513,390638707
2514,654947497
2515,499353295
2516,909814435
2517,219939349
2518,400212085
2519,503982944
2520,245364306
2521,823410568
2522,93046521
2523,485443153
2524,510402695
2525,491259486
2526,537257336
2527,79561103
2528,960478537
2529,102005003
2530,592165345
2531,8021096
2532,376272291
2533,587128126
2534,856854204
2535,948731881
2536,976926777
2537,724956100
2538,762978870
2539,581398232
2540,821996411
2541,223099646
2542,972448654
2543,53586995
2544,231023793
2545,81541241
2546,498885361
2547,494968762
2548,20333114
2549,215484200
2550,922647469
2551,434671066
2552,416025958
2553,612879016
2554,522387119
2555,279730420
2556,653238085
2557,481418462
2558,495916290
2559,95426054
2560,520993580
2561,599422040
2562,355874645
2563,673208360
2564,111375903
2565,581990079
2566,188737838
2567,476499529
2568,570763119
2569,813336881
2570,312268975
2571,131820947
2572,31302800
2573,898281500
2574,849191972
2575,528920600
2576,685100770
2577,845863860
2578,112179712
2579,758226357
2580,183458987
2581,773091465
2582,740180125
2583,999626859
2584,427458237
2585,465582796
2586,714763017
2587,409505047
2588,489678570
2589,889366213
2590,565914570
2591,702676021
2592,975488373
2593,146743235
2594,687930493
2595,493177222
2596,631925622
2597,932102045
2598,114080397
2599,235385434
2600,599027915
2601,605508128
2602,192775345
2603,207878735
2604,960296786
2605,33066961
2606,630815101
2607,245615448
2608,250016984
2609,289628685
2610,599883907
2611,685711401
2612,294098280
2613,283237657
2614,630574753
2615,746691862
2616,211259487
2617,393740048
2618,848422796
2619,533568430
2620,247880423
2621,408918392
2622,568468686
2623,820116184
2624,171481027
2625,116481790
2626,830307286
2627,566539304
2628,262840166
2629,318965095
2630,509730601
2631,363065589
2632,742096610
2633,21346487
2634,474049851
2635,919122653
2636,351643396
2637,51584659
2638,483821331
2639,634979231
2640,577374457
2641,356878608
2642,78658179
2643,535172208
2644,482490167
2645,689160625
2646,41463416
2647,696875139
2648,21334679
2649,388204136
2650,677478937
2651,415893334
2652,213494305
2653,776317404
2654,215243199
2655,48940274
2656,823740282
2657,241073147
2658,15198517
2659,40666826
2660,806884090
2661,876308997
2662,600680051
2663,205661558
2664,636861125
2665,495135454
2666,604796726
2667,184073935
2668,110612024
2669,773492675
2670,744524027
2671,307585835
2672,926036580
2673,69393348
2674,218412058
2675,184867900
2676,749681927
2677,621834964
2678,160934888
2679,761071514
2680,795852857
2681,302422910
2682,604389048
2683,777654726
2684,110545318
2685,21828903
2686,320543997
2687,592459687
2688,693679606
2689,657412841
2690,20384329
2691,727645807
2692,577993063
2693,35555909
2694,857282992
2695,585144880
2696,225121144
2697,984051607
2698,155957590
2699,757512104
2700,766495540
2701,985372688
2702,376465487
2703,974431714
2704,204111331
2705,731602513
2706,962827639
2707,617121751
2708,663642226
2709,596848347
2710,376377998
2711,443177668
2712,237961961
2713,516278189
2714,568871097
2715,237170024
2716,91199293
2717,83435809
2718,589405541
2719,170401320
2720,514809323
2721,334073228
2722,487448401
2723,627220373
2724,219530217
2725,429764189
2726,578699248
2727,906875394
2728,663764889
2729,569390845
2730,403581628
2731,621311978
2732,202043091
2733,341379701
2734,97890870
2735,251618886
2736,880685964
2737,220772210
2738,610958120
2739,729444129
2740,335160677
2741,222500075
2742,944490940
2743,35269145
2744,684165662
2745,693214122
2746,776591668
2747,366089072
2748,967493501
2749,629429035
2750,109519653
2751,982394712
2752,650744306
2753,904758995
2754,460049850
2755,73687594
2756,664955252
2757,631088424
2758,150441780
2759,747006886
2760,714553099
2761,640412203
2762,707231667
2763,948177098
2764,315186391
2765,811064422
2766,580116447
2767,119408069
2768,418266392
2769,599057753
2770,672098873
2771,461496524
2772,185362888
2773,266914408
2774,456236436
2775,627880395
2776,929618348
2777,108729621
2778,462722869
2779,645109916
2780,62776685
2781,499795773
2782,343635983
2783,267267709
2784,796022448
2785,912890828
2786,891766163
2787,132107580
2788,861756400
2789,47488584
2790,425280226
2791,837457714
2792,600753007
2793,545660565
2794,801182299
2795,319496992
2796,99065114
2797,594114169
2798,192715596
2799,44882972
2800,199009173
2801,623111371
2802,643462182
2803,78916611
2804,864520657
2805,568919449
2806,301373973
2807,432509674
2808,431154555
2809,440282219
2810,577684606
2811,385410256
2812,697083529
2813,366836186
2814,873173299
2815,559306897
2816,258855115
2817,899331580
2818,925266813
2819,775071758
2820,367183356
2821,127422386
2822,777506033
2823,556977805
2824,480355387
2825,954957034
2826,891302286
2827,18960113
2828,445417917
2829,678418904
2830,617122277
2831,554279724
2832,460584225
2833,577652240
2834,559130069
2835,936596975
2836,858539262
2837,210648928
2838,573532871
2839,87057165
2840,785316253
2841,929272039
2842,883340909
2843,780022235
2844,845505152
2845,695530270
2846,87419324
2847,311559205
2848,854827702
2849,532644371
2850,933337496
2851,635356859
2852,641622783
2853,942269280
2854,463944395
2855,444655262
2856,277711835
2857,5918714
2858,461723983
2859,23737914
2860,564204435
2861,450312408
2862,948448509
2863,642928791
2864,658693288
2865,964302645
2866,250639830
2867,300576483
2868,748515291
2869,772754881
2870,152232560
2871,206812871
2872,793515514
2873,211201548
2874,699696946
2875,30833903
2876,307572079
2877,362608921
2878,969997624
2879,829523577
2880,852159870
2881,661249726
2882,766428346
2883,842070372
2884,465977336
2885,955366902
2886,381775774
2887,954456873
2888,682475924
2889,195596139
2890,611663261
2891,418254819
2892,849969441
2893,998557048
2894,106566099
2895,448200991
2896,188740369
2897,499758433
2898,403714851
2899,116616909
2900,48676748
2901,173794386
2902,976766235
2903,316795074
2904,794721856
2905,158883859
2906,748302374
2907,416887558
2908,177212234
2909,389503186
2910,86352947
2911,779184238
2912,321137890
2913,885944814
2914,405780229
2915,875853113
2916,518350873
2917,339979186
2918,625329203
2919,59833293
2920,775933112
2921,458950818
2922,279783501
2923,965127267
2924,275042494
2925,853723600
2926,965859979
2927,894372681
2928,919911722
2929,689186491
2930,673131518
2931,389834748
2932,253849894
2933,872180190
2934,693236932
2935,630355458
2936,382054220
2937,561693880
2938,464821143
2939,825291631
2940,483712882
2941,740592018
2942,405470516
2943,741480358
2944,393734826
2945,558516798
2946,676253633
2947,79202536
2948,143194541
2949,70420960
2950,515943169
2951,73066634
2952,849095048
2953,198084203
2954,706189410
2955,508561408
2956,551657647
2957,397383119
2958,519680905
2959,590085525
2960,685936920
2961,989045448
2962,75611722
2963,971142824
2964,603014561
2965,110476509
2966,934938909
2967,10299390
2968,382644040
2969,307960446
2970,178344980
2971,681278251
2972,611400048
2973,402568426
2974,420975734
2975,41618759
2976,745826804
2977,143261991
2978,671878516
2979,179334320
2980,241138853
2981,998425533
2982,976660443
2983,606186717
2984,145080048
2985,821356483
2986,149508994
2987,394607219
2988,378193290
2989,7173546
2990,730451956
2991,88431010
2992,590640518
2993,117568938
2994,591098766
2995,754512795
2996,671982970
2997,596705483
2998,53009358
2999,27108639
3000,453772857
3001,841324894
3002,881143557
3003,666282495
3004,300008789
3005,666093516
3006,236972738
3007,751184082
3008,364932238
3009,888919761
3010,458880146
3011,875565480
3012,183357152
3013,434189538
3014,798189207
3015,400160054
3016,17623317
3017,689751399
3018,978275464
3019,154094367
3020,403479302
3021,581449974
3022,111043578
3023,661577087
3024,623330060
3025,676413568
3026,162021884
3027,76744325
3028,994669037
3029,159351445
3030,58548396
3031,42711407
3032,968593808
3033,96322650
3034,140707191
3035,666330581
3036,52943972
3037,828200975
3038,562141190
3039,622605717
3040,740655138
3041,192475763
3042,598805604
3043,15243129
3044,77243416
3045,145451697
3046,829450686
3047,264338914
3048,603224690
3049,503851794
3050,301215467
3051,927759617
3052,142069920
3053,331991451
3054,898181350
3055,491002960
3056,330783278
3057,822883040
3058,522774704
3059,371085283
3060,871499073
3061,992723061
3062,301310041
3063,193891195
3064,582246601
3065,169500231
3066,622648958
3067,768011806
3068,185044239
3069,226870583
3070,432850051
3071,736386232
3072,196095022
3073,687964390
3074,572813885
3075,15080567
3076,474218320
3077,344790865
3078,86840889
3079,771719161
3080,119407672
3081,484487399
3082,185487325
3083,905341333
3084,31356397
3085,415644605
3086,698074127
3087,79652726
3088,462708573
3089,713392389
3090,939169465
3091,207615468
3092,198920951
3093,60121864
3094,788040401
3095,339397776
3096,69315417
3097,813207331
3098,922610991
3099,25971610
3100,693445577
3101,134801736
3102,402556245
3103,280140803
3104,645912106
3105,451421461
3106,794843406
3107,782633039
3108,706440699
3109,307000704
3110,121650095
3111,173152172
3112,912367689
3113,812367975
3114,671655497
3115,527179316
3116,945630846
3117,911781377
3118,815307036
3119,706962517
3120,821507530
3121,211457309
3122,457568930
3123,719419992
3124,116655206
3125,494014937
3126,746191277
3127,41337124
3128,191621189
3129,128369403
3130,597958290
3131,381094544
3132,82161883
3133,268182290
3134,675655644
3135,641342051
3136,585660494
3137,715270191
3138,354836515
3139,715102765
3140,682638787
3141,159121131
3142,23697688
3143,383255700
3144,728570018
3145,836047739
3146,426413923
3147,649349452
3148,684146462
3149,426406111
3150,160182148
3151,246554108
3152,21975953
3153,879156810
3154,206185327
3155,359426186
3156,848564843
3157,209907365
3158,70841615
3159,220841765
3160,29370322
3161,500363495
3162,221199996
3163,57213937
3164,611602343
3165,948556873
3166,88313305
3167,16530312
3168,572302939
3169,798304032
3170,773178961
3171,16340604
3172,385959815
3173,165151111
3174,97015005
3175,797870326
3176,471068676
3177,380459624
3178,205031433
3179,169796334
3180,94117315
3181,917765024
3182,565744943
3183,130738198
3184,734300562
3185,339410552
3186,151825634
3187,369079073
3188,906186630
3189,835588805
3190,800470655
3191,818469641
3192,621641012
3193,197561420
3194,458544169
3195,945234354
3196,543632398
3197,296626758
3198,784695038
3199,367150154
3200,707477729
3201,728191399
3202,94402427
3203,903136098
3204,44455478
3205,300734148
3206,368110738
3207,768693649
3208,756353075
3209,716952893
3210,959909951
3211,839918942
3212,729375399
3213,746418756
3214,46718358
3215,499100624
3216,921525752
3217,515707127
3218,544939467
3219,201388555
3220,846403357
3221,194196366
3222,553882986
3223,947669783
3224,149320007
3225,200686804
3226,662651813
3227,931767104
3228,918919859
3229,897722593
3230,553056094
3231,807339485
3232,488519847
3233,787868900
3234,298602569
3235,323915744
3236,350918282
3237,540928359
3238,229353111
3239,280666021
3240,847771918
3241,792304707
3242,470786733
3243,239110412
3244,236802072
3245,444239104
3246,973475752
3247,640110058
3248,600080116
3249,808895146
3250,320351673
3251,360421095
3252,606992994
3253,159580635
3254,164498573
3255,350434496
3256,125264924
3257,84770158
3258,673365957
3259,223123879
3260,928296282
3261,32097930
3262,475516047
3263,822274108
3264,561647762
3265,528302968
3266,378179416
3267,899643120
3268,381955623
3269,922327529
3270,247117437
3271,199697564
3272,473675017
3273,681106497
3274,771459879
3275,883695112
3276,187598868
3277,689568611
3278,170330391
3279,705736472
3280,544776555
3281,775742101
3282,991696820
3283,388462016
3284,894964103
3285,601169725
3286,195076546
3287,156396964
3288,574635035
3289,645381158
3290,463360318
3291,94871360
3292,718110855
3293,538298898
3294,593563805
3295,105619450
3296,864376902
3297,283903448
3298,250005681
3299,56098807
3300,953325164
3301,254516545
3302,354271272
3303,166153957
3304,75064256
3305,488453328
3306,89210653
3307,4294834
3308,349453855
3309,418582569
3310,562574512
3311,730746643
3312,497655838
3313,664741026
3314,811255025
3315,239907531
3316,740094506
3317,377650453
3318,945982525
3319,665226689
3320,93552184
3321,894518174
3322,655894157
3323,516537624
3324,846165481
3325,599578171
3326,168634851
3327,388779558
3328,432849161
3329,625831761
3330,633433059
3331,691841637
3332,251072062
3333,100745748
3334,593244338
3335,577560717
3336,634846090
3337,261794189
3338,210318076
3339,191450008
3340,308429805
3341,68224020
3342,976431293
3343,82897101
3344,910607848
3345,94456958
3346,960784272
3347,649379325
3348,554140283
3349,89111104
3350,992533416
3351,726264272
3352,850683591
3353,287098523
3354,883070258
3355,510950353
3356,700775778
3357,371324977
3358,376920597
3359,751549797
3360,978269716
3361,17353567
3362,246657065
3363,432502042
3364,693071640
3365,126331008
3366,718732002
3367,60626069
3368,745781407
3369,373900714
3370,517820758
3371,583385539
3372,412471975
3373,849567672
3374,774708041
3375,275454323
3376,913919764
3377,690411686
3378,889428938
3379,521249222
3380,884429417
3381,397391327
3382,404961337
3383,128567405
3384,379179787
3385,430705701
3386,691373551
3387,431511289
3388,170565149
3389,119922976
3390,736981983
3391,684309604
3392,431499145
3393,147051988
3394,909816539
3395,530922653
3396,324750086
3397,275569479
3398,295014407
3399,791791826
3400,439260210
3401,678862332
3402,380044903
3403,389500567
3404,123559572
3405,521803082
3406,787236830
3407,308685601
3408,195077572
3409,275209209
3410,932232030
3411,97545596
3412,230188864
3413,820854037
3414,396342510
3415,251482541
3416,47386351
3417,600934584
3418,764161420
3419,679567237
3420,413466565
3421,704043762
3422,436571042
3423,397673030
3424,302528460
3425,736570193
3426,292878053
3427,687939923
3428,77393051
3429,979541450
3430,56566186
3431,91978501
3432,844154755
3433,744194847
3434,87115129
3435,72824210
3436,463488363
3437,754443213
3438,577539047
3439,543062435
3440,550248568
3441,120028151
3442,94568428
3443,500590262
3444,925917396
3445,407275911
3446,88739293
3447,47985787
3448,399260653
3449,432604594
3450,385698997
3451,698193172
3452,285257126
3453,973859859
3454,336285695
3455,149377871
3456,181838696
3457,31212449
3458,228111841
3459,574607064
3460,227020759
3461,607521798
3462,824347498
3463,986194385
3464,747245200
3465,964567358
3466,685639656
3467,487547841
3468,154958287
3469,32436980
3470,528499310
3471,944122560
3472,861103075
3473,613798632
3474,464839168
3475,849841205
3476,304979924
3477,7786176
3478,194661853
3479,878741836
3480,875859777
3481,554188443
3482,584293687
3483,960386158
3484,753333294
3485,481539372
3486,637516893
3487,471507130
3488,714275121
3489,322922825
3490,927061710
3491,132319774
3492,270919718
3493,464737693
3494,986246645
3495,56933045
3496,201361218
3497,82945297
3498,53045210
3499,102753974
3500,565975967
3501,38023541
3502,22243963
3503,930288501
3504,809545486
3505,42591043
3506,139515746
3507,175364530
3508,792259092
3509,421606815
3510,359055204
3511,957310679
3512,127979283
3513,566534283
3514,892885347
3515,944925074
3516,475622857
3517,573581911
3518,168243525
3519,68833951
3520,914601468
3521,582257926
3522,662887492
3523,844004185
3524,500902554
3525,621807002
3526,753338081
3527,725274050
3528,219992250
3529,639405180
3530,118267193
3531,523979011
3532,573830447
3533,504367815
3534,134630507
3535,391268336
3536,680393308
3537,125366883
3538,560619722
3539,413444610
3540,45784707
3541,995844192
3542,100003085
3543,133279112
3544,944316123
3545,49627164
3546,708915497
3547,43553349
3548,210567085
3549,326055082
3550,769692966
3551,355608065
3552,840704054
3553,969526715
3554,734776195
3555,866426302
3556,692162623
3557,596666239
3558,554190906
3559,452411668
3560,456233133
3561,342242035
3562,154388465
3563,462322112
3564,117207760
3565,456452573
3566,913753598
3567,320912675
3568,503530246
3569,464406100
3570,115242087
3571,559166644
3572,43557900
3573,274773898
3574,717251658
3575,697013808
3576,710461969
3577,23261611
3578,101204584
3579,668485774
3580,398024619
3581,270008621
3582,669149941
3583,426232601
3584,937727470
3585,387438951
3586,86158339
3587,744009962
3588,435062735
3589,679094905
3590,533589697
3591,684016335
3592,913148167
3593,633521449
3594,671942103
3595,114610528
3596,230927238
3597,538792479
3598,789425146
3599,394169069
3600,56991281
3601,865518904
3602,680309981
3603,635431973
3604,757267496
3605,657864873
3606,692340728
3607,969025617
3608,40686618
3609,677131161
3610,382452393
3611,695390149
3612,894410770
3613,947650607
3614,609678054
3615,719266707
3616,828004237
3617,141641910
3618,224407385
3619,17549750
3620,447765662
3621,408678449
3622,379905744
3623,153398330
3624,581710198
3625,348808622
3626,814546357
3627,93787521
3628,399526520
3629,96769843
3630,418334703
3631,373864484
3632,1926950
3633,386102381
3634,46049220
3635,465161352
3636,238498022
3637,978751869
3638,575406190
3639,454851487
3640,971372424
3641,636444932
3642,3651401
3643,960615095
3644,699308958
3645,83151509
3646,941150735
3647,776468441
3648,772780942
3649,809106603
3650,606020608
3651,884765475
3652,22319274
3653,630561274
3654,428264486
3655,27453712
3656,382381880
3657,159422785
3658,652758476
3659,84170421
3660,58080253
3661,791755004
3662,546292317
3663,381401267
3664,772197599
3665,473301170
3666,817462774
3667,358379162
3668,656640454
3669,639041143
3670,165857616
3671,310163445
3672,800256021
3673,684317667
3674,540078131
3675,188722154
3676,491860504
3677,545815003
3678,836215029
3679,360611315
3680,595336356
3681,497689564
3682,192910464
3683,593150297
3684,824295062
3685,154554865
3686,131075476
3687,759270655
3688,42352954
3689,167223432
3690,572184100
3691,797903826
3692,167214812
3693,622936249
3694,984150924
3695,901965458
3696,119948981
3697,260893512
3698,479927483
3699,667885287
3700,963352567
3701,45364156
3702,592784934
3703,309482257
3704,499813097
3705,355647202
3706,703010020
3707,621080112
3708,953925258
3709,251053270
3710,388409923
3711,387030414
3712,651135791
3713,517326352
3714,984241253
3715,72129210
3716,58043930
3717,382610373
3718,864815849
3719,30822847
3720,112088404
3721,676758942
3722,260401487
3723,298205852
3724,751046984
3725,458663365
3726,979022109
3727,632871764
3728,993992961
3729,404478663
3730,42641209
3731,348071791
3732,899976474
3733,914640183
3734,940266716
3735,724390199
3736,100129091
3737,201034535
3738,210584577
3739,998582290
3740,697352689
3741,399992937
3742,538790191
3743,69613085
3744,607686780
3745,702104418
3746,583517415
3747,605049261
3748,952720741
3749,41213803
3750,967938198
3751,366601660
3752,727250264
3753,136315985
3754,597678522
3755,672810715
3756,136105521
3757,937413101
3758,33216700
3759,840426095
3760,6197765
3761,338960311
3762,167342393
3763,887332486
3764,584900572
3765,322747795
3766,508236043
3767,186860199
3768,784201197
3769,387943061
3770,679071087
3771,763317455
3772,683469630
3773,437691230
3774,205500154
3775,963216246
3776,942405312
3777,670030632
3778,471832330
3779,836994739
3780,741435596
3781,479627658
3782,599133150
3783,494875007
3784,935629860
3785,818389205
3786,2367625
3787,796994307
3788,643030116
3789,904989720
3790,446112839
3791,393648294
3792,730642745
3793,179572351
3794,942072358
3795,648900711
3796,772565492
3797,81042
3798,131255645
3799,946412548
3800,722241065
3801,954040787
3802,270455662
3803,747173017
3804,485820152
3805,294440675
3806,22324836
3807,968697148
3808,175211545
3809,752029472
3810,952381026
3811,395842622
3812,360824237
3813,68587278
3814,995969220
3815,23503811
3816,469239371
3817,756762140
3818,803586050
3819,396902108
3820,66063924
3821,251007581
3822,192611900
3823,643027508
3824,920430275
3825,796051218
3826,821604484
3827,459441932
3828,888289699
3829,173115660
3830,759860799
3831,90796909
3832,135368154
3833,626029060
3834,393607719
3835,886418679
3836,544703357
3837,964582800
3838,64274369
3839,376697694
3840,266874394
3841,449477693
3842,346194408
3843,434781701
3844,177917233
3845,408379836
3846,13192875
3847,849789436
3848,80727701
3849,889036635
3850,824771817
3851,714032999
3852,571892529
3853,74900753
3854,306396587
3855,524074839
3856,713354795
3857,280830643
3858,718000302
3859,824661016
3860,198645738
3861,195387176
3862,947343845
3863,391701508
3864,941118996
3865,789759292
3866,87238048
3867,995306885
3868,500975720
3869,845114900
3870,596029699
3871,268421340
3872,274755216
3873,811160689
3874,160659098
3875,182881852
3876,551616553
3877,624181723
3878,228200405
3879,768923675
3880,46448695
3881,796474621
3882,759448089
3883,583000824
3884,991035093
3885,55674798
3886,495355793
3887,14088387
3888,49847503
3889,4577777
3890,281696561
3891,379827480
3892,717163634
3893,813336990
3894,53556641
3895,426619999
3896,990839240
3897,91132088
3898,552250473
3899,982428344
3900,806049700
3901,645181818
3902,780737334
3903,246613556
3904,739548346
3905,940767421
3906,230186221
3907,407895589
3908,165497571
3909,59840612
3910,887377017
3911,842023439
3912,367355618
3913,785064188
3914,650053994
3915,109270887
3916,357051484
3917,498901192
3918,57223017
3919,666662161
3920,878176498
3921,356230612
3922,24648506
3923,487055097
3924,567505776
3925,888165665
3926,890080434
3927,219976996
3928,294343239
3929,169099845
3930,963326234
3931,45132993
3932,497187095
3933,645467740
3934,962489475
3935,714933040
3936,771261680
3937,828075823
3938,488874439
3939,134480131
3940,887054066
3941,707877498
3942,666531152
3943,597320282
3944,790462072
3945,176985283
3946,61753754
3947,894359299
3948,307609875
3949,393962542
3950,106664593
3951,110966982
3952,361194297
3953,598152014
3954,773020349
3955,975347234
3956,753543799
3957,218161311
3958,262153207
3959,919690006
3960,267925623
3961,290038256
3962,782142250
3963,447365436
3964,603804480
3965,186448066
3966,1971477
3967,821853375
3968,396552188
3969,797070521
3970,733260535
3971,96467663
3972,848622767
3973,927449441
3974,112774526
3975,626609499
3976,748685019
3977,986719084
3978,957615809
3979,156326118
3980,520665256
3981,634350666
3982,731298844
3983,947749620
3984,416136840
3985,240690069
3986,32154742
3987,948964222
3988,700880313
3989,15137018
3990,431456799
3991,861113869
3992,748567017
3993,889523420
3994,666271805
3995,503141066
3996,996499364
3997,426792488
3998,950287349
3999,446987558
4000,588938703
4001,914739242
4002,695635857
4003,659964179
4004,997615391
4005,174058694
4006,882853479
4007,755311746
4008,7019199
4009,566272811
4010,79022527
4011,746499848
4012,188061866
4013,704312089
4014,144177857
4015,540855006
4016,724990616
4017,382045243
4018,334434100
4019,59105753
4020,620558606
4021,779718540
4022,453002005
4023,811257745
4024,103607086
4025,673586187
4026,273226632
4027,753674846
4028,725951596
4029,735100019
4030,105712807
4031,104041447
4032,344846645
4033,838830752
4034,623569359
4035,349364511
4036,802175888
4037,70066208
4038,851469951
4039,224572757
4040,715952708
4041,419609941
4042,136627748
4043,570671827
4044,181281337
4045,681708221
4046,860591012
4047,396956271
4048,76081640
4049,103071231
4050,631734380
4051,934864244
4052,969455309
4053,876847696
4054,85743845
4055,62667663
4056,277151057
4057,144001755
4058,307716604
4059,946517208
4060,830549705
4061,453363634
4062,735455466
4063,25493733
4064,531404139
4065,833553257
4066,730137537
4067,488349424
4068,473339357
4069,333732560
4070,370735520
4071,40812355
4072,942888802
4073,36736374
4074,439972027
4075,135816428
4076,288800027
4077,790122380
4078,663375886
4079,540834282
4080,806150745
4081,166386487
4082,761674686
4083,999726529
4084,236529474
4085,413488731
4086,731807655
4087,869927640
4088,515033169
4089,144908967
4090,611700429
4091,332172079
4092,416971341
4093,580577015
4094,509200724
4095,66988492
4096,638111702
4097,989804542
4098,74974644
4099,370389433
4100,951086037
4101,687088641
4102,666275612
4103,469553022
4104,452921177
4105,865000215
4106,802051364
4107,704760604
4108,864231153
4109,564977604
4110,735226801
4111,305170099
4112,705235939
4113,426370256
4114,216238234
4115,79233012
4116,299514267
4117,585916338
4118,462951337
4119,934224509
4120,302153468
4121,682740571
4122,331950551
4123,390225094
4124,57517221
4125,175429242
4126,250767469
4127,605860584
4128,548260741
4129,565148090
4130,7777252
4131,512232373
4132,529049267
4133,775297060
4134,769760245
4135,840153489
4136,24637382
4137,233898637
4138,651866868
4139,784230440
4140,379115014
4141,492909324
4142,619078084
4143,641656620
4144,837886823
4145,20364144
4146,162382610
4147,21487918
4148,260604019
4149,977157902
4150,529752722
4151,9173508
4152,797829329
4153,502795896
4154,690616122
4155,733298723
4156,863271307
4157,623236815
4158,281834174
4159,463755159
4160,451299731
4161,134894176
4162,841672574
4163,792158793
4164,138653924
4165,425783113
4166,252594500
4167,589883571
4168,824899561
4169,799468447
4170,685031215
4171,989951806
4172,850563574
4173,872346551
4174,167391852
4175,47606553
4176,868099695
4177,882972312
4178,901248059
4179,446546334
4180,176063689
4181,339973973
4182,700960729
4183,948212561
4184,926040452
4185,594536144
4186,217237805
4187,956195366
4188,474364704
4189,41958784
4190,72203701
4191,528709408
4192,460307002
4193,158215123
4194,454212206
4195,83109710
4196,902746472
4197,61969443
4198,90061583
4199,463945441
4200,14401886
4201,996828441
4202,94899622
4203,880207508
4204,362636932
4205,309301100
4206,59367474
4207,625887593
4208,353580307
4209,383171562
4210,782333802
4211,864256914
4212,974566426
4213,453012293
4214,147187676
4215,135509352
4216,931832769
4217,736292749
4218,581178761
4219,700128828
4220,946064655
4221,946720788
4222,517217169
4223,348855622
4224,291860901
4225,305160220
4226,691306464
4227,59861052
4228,702893209
4229,409943395
4230,91983700
4231,647221607
4232,532688793
4233,427320885
4234,869646244
4235,234447048
4236,863565293
4237,294462989
4238,619330510
4239,387448244
4240,70774735
4241,104408562
4242,898417514
4243,981920806
4244,131433205
4245,317131698
4246,305163779
4247,828483283
4248,640072482
4249,403148769
4250,868089470
4251,513125071
4252,737093143
4253,949538340
4254,365427260
4255,774053514
4256,562172814
4257,181091506
4258,998089612
4259,788509995
4260,337706531
4261,60203567
4262,210144686
4263,110921040
4264,96914633
4265,439654409
4266,591213758
4267,251062390
4268,815064005
4269,522611832
4270,370839756
4271,934738923
4272,374904216
4273,330502844
4274,311841982
4275,230074843
4276,73072566
4277,741662650
4278,188040942
4279,26591241
4280,608099904
4281,895562903
4282,482678386
4283,92602865
4284,474392915
4285,146019047
4286,133104369
4287,294406958
4288,161132631
4289,752340659
4290,106445886
4291,418061093
4292,931548560
4293,887999869
4294,731934368
4295,264237988
4296,536755099
4297,560457931
4298,310693166
4299,851745660
4300,540293640
4301,521128407
4302,7360926
4303,549746335
4304,336653288
4305,597653251
4306,972467186
4307,819575247
4308,514948385
4309,32183983
4310,490523169
4311,576518542
4312,543453390
4313,402525415
4314,232545352
4315,896595835
4316,75047564
4317,245156889
4318,155177004
4319,57240469
4320,407717699
4321,282708113
4322,943538597
4323,359090654
4324,211024003
4325,415718284
4326,737272483
4327,823988190
4328,593714437
4329,922891139
4330,886680983
4331,411171699
4332,933100336
4333,253859140
4334,344188037
4335,237602404
4336,352496755
4337,779018877
4338,336701785
4339,253196210
4340,388391236
4341,345387219
4342,993133061
4343,786138609
4344,561308995
4345,243086256
4346,665680911
4347,143117727
4348,362694142
4349,598648996
4350,538728366
4351,675679674
4352,631255421
4353,47517118
4354,923576221
4355,940443903
4356,504030704
4357,887271219
4358,221806892
4359,281180699
4360,924753696
4361,206765890
4362,878168044
4363,231055386
4364,465506029
4365,511441734
4366,24127671
4367,908308591
4368,972179846
4369,578571906
4370,730830679
4371,524562194
4372,154945700
4373,533983767
4374,104091228
4375,505987591
4376,573911407
4377,15011983
4378,432581636
4379,580132136
4380,171381894
4381,559111747
4382,870564178
4383,760041699
4384,774097905
4385,139417233
4386,117965084
4387,861361321
4388,240821199
4389,833124199
4390,227613548
4391,974174776
4392,966716290
4393,553935856
4394,398913312
4395,84056810
4396,800812405
4397,90147757
4398,802962465
4399,701583633
4400,774469123
4401,134244265
4402,794961088
4403,885458852
4404,492106767
4405,298841161
4406,104154306
4407,155504028
4408,964151619
4409,238205726
4410,126471498
4411,775063989
4412,839291520
4413,644470598
4414,568325477
4415,339402871
4416,970609218
4417,441840536
4418,40471377
4419,982680767
4420,90724884
4421,837003097
4422,284844346
4423,701476067
4424,187005709
4425,726364150
4426,614419704
4427,105155821
4428,693294440
4429,911230755
4430,553817155
4431,689378550
4432,338308053
4433,62422665
4434,76995700
4435,873064145
4436,98120293
4437,873106035
4438,419898636
4439,967869109
4440,603320847
4441,363866919
4442,644933365
4443,570939134
4444,610765597
4445,63911096
4446,992730686
4447,838094780
4448,240890704
4449,834621098
4450,368997631
4451,712869180
4452,450912467
4453,630690116
4454,735703882
4455,194243038
4456,909110686
4457,449249270
4458,310692424
4459,626073566
4460,796705197
4461,57215802
4462,234147383
4463,392854888
4464,188785621
4465,993803387
4466,238792953
4467,644752808
4468,681792009
4469,714861210
4470,380883189
4471,718268838
4472,86607420
4473,747632551
4474,162002466
4475,337531489
4476,325425377
4477,768888927
4478,986239919
4479,969732680
4480,961778838
4481,426075861
4482,874192591
4483,566377645
4484,636622695
4485,556204769
4486,46877879
4487,156576130
4488,887688957
4489,177833495
4490,602133227
4491,365790562
4492,143345503
4493,942922339
4494,712773513
4495,69100493
4496,135033857
4497,22474223
4498,157141903
4499,761952776
4500,445270858
4501,249510579
4502,545968441
4503,612825788
4504,40046590
4505,373689865
4506,881716484
4507,8538647
4508,703646874
4509,860722277
4510,403490508
4511,276260732
4512,72753675
4513,725347918
4514,909629951
4515,375763489
4516,38358808
4517,472751959
4518,139464965
4519,966715244
4520,343625566
4521,663225868
4522,464797386
4523,853103041
4524,361037450
4525,411586661
4526,808100731
4527,398824337
4528,506554226
4529,883994007
4530,795926139
4531,409503344
4532,871283902
4533,516744014
4534,674511511
4535,668807522
4536,752548374
4537,147048935
4538,612000044
4539,8440110
4540,866825976
4541,538102764
4542,900656904
4543,419860026
4544,25464391
4545,492166679
4546,931785323
4547,304476023
4548,98408910
4549,292898086
4550,481991409
4551,602506786
4552,754560461
4553,436437914
4554,831054621
4555,94946860
4556,366639670
4557,327475142
4558,612090270
4559,21275656
4560,142377337
4561,804931499
4562,356848286
4563,500110699
4564,184223054
4565,411308837
4566,957753187
4567,804687787
4568,782487652
4569,73934657
4570,607163865
4571,447866835
4572,251559245
4573,134365050
4574,340212544
4575,779360266
4576,338621325
4577,57569765
4578,322195400
4579,74500508
4580,841645975
4581,471120670
4582,476469608
4583,771919272
4584,96381874
4585,81292986
4586,817591700
4587,935487203
4588,769134108
4589,348909417
4590,480015421
4591,2853049
4592,794121168
4593,407172638
4594,318722490
4595,637404247
4596,628764051
4597,389060325
4598,573132743
4599,664075222
4600,436793363
4601,63279452
4602,38005205
4603,740008450
4604,162010173
4605,342191846
4606,358412740
4607,935875976
4608,155382868
4609,544355941
4610,647264729
4611,133494104
4612,698430302
4613,752994848
4614,733277705
4615,49204420
4616,494910601
4617,283055900
4618,645472086
4619,814940979
4620,973957835
4621,199259705
4622,664620842
4623,290872691
4624,192590835
4625,224879670
4626,428656586
4627,99031388
4628,824562886
4629,862003432
4630,455363200
4631,510141570
4632,509849320
4633,906613794
4634,576898145
4635,196463465
4636,60364288
4637,139937248
4638,82538820
4639,82520385
4640,16576152
4641,263284641
4642,317187954
4643,867441465
4644,699947435
4645,682554955
4646,409976003
4647,563401021
4648,875371726
4649,508763752
4650,785025818
4651,486680422
4652,335681066
4653,610637640
4654,116342564
4655,967653352
4656,584799753
4657,274567648
4658,462786129
4659,442319595
4660,840341870
4661,368108826
4662,392080472
4663,501084735
4664,868413768
4665,592961637
4666,689010167
4667,598391669
4668,92785130
4669,537980145
4670,909067584
4671,103800384
4672,798997867
4673,603245488
4674,973214571
4675,567176714
4676,393926632
4677,818261361
4678,158463587
4679,306980170
4680,517208950
4681,306710216
4682,358329758
4683,543452488
4684,555305585
4685,825669397
4686,522496978
4687,509944398
4688,124205994
4689,947841244
4690,948814407
4691,360927077
4692,216387046
4693,84407855
4694,163003643
4695,479030401
4696,189849655
4697,974721545
4698,622487055
4699,322728336
4700,926501298
4701,689505940
4702,461183365
4703,823504436
4704,127571800
4705,413211836
4706,646349993
4707,873260941
4708,990674403
4709,996339172
4710,30329398
4711,962600417
4712,77271404
4713,366597006
4714,983674688
4715,891779877
4716,203181779
4717,175305346
4718,193251791
4719,299231052
4720,7692381
4721,291532589
4722,474680667
4723,698202331
4724,95004222
4725,641455129
4726,269187045
4727,829077669
4728,693009346
4729,127488785
4730,71582872
4731,6869609
4732,556933469
4733,914974499
4734,626556830
4735,812917526
4736,968037836
4737,813705379
4738,385953708
4739,514399580
4740,204190442
4741,154650440
4742,476852164
4743,141938777
4744,26710145
4745,980565503
4746,120829454
4747,411802603
4748,944857836
4749,605861778
4750,471483536
4751,213360658
4752,814991120
4753,542019370
4754,780846052
4755,474145527
4756,405365999
4757,799098534
4758,900248070
4759,882387912
4760,50701310
4761,706823389
4762,393769732
4763,936382849
4764,882850626
4765,550476262
4766,65599243
4767,427519548
4768,104032262
4769,712454094
4770,850730595
4771,78483547
4772,715003035
4773,40130278
4774,200967167
4775,845527264
4776,7902392
4777,635993612
4778,888574232
4779,877577210
4780,490451693
4781,951309223
4782,828417704
4783,740585744
4784,231737534
4785,847900264
4786,906881709
4787,735205788
4788,956755852
4789,36073733
4790,35993487
4791,492543107
4792,196902246
4793,801688229
4794,5130981
4795,903263442
4796,829070560
4797,23710309
4798,227081351
4799,931940329
4800,950418789
4801,287120616
4802,145095488
4803,444972456
4804,371057146
4805,907285568
4806,888555278
4807,451474433
4808,420294503
4809,428817295
4810,872040724
4811,28463126
4812,980599008
4813,752092234
4814,880855167
4815,589400840
4816,104529687
4817,487964615
4818,930259303
4819,434633618
4820,903317796
4821,40139527
4822,94586739
4823,991708069
4824,241859651
4825,588375223
4826,58513040
4827,338610307
4828,90881126
4829,637876095
4830,695206267
4831,725186880
4832,693553300
4833,482413784
4834,614353471
4835,371607709
4836,786776231
4837,752270685
4838,856526709
4839,46632889
4840,978751324
4841,617459080
4842,479841909
4843,946840018
4844,806166146
4845,569063716
4846,751501332
4847,239108739
4848,629394229
4849,414435807
4850,225743094
4851,466080577
4852,475266608
4853,880158966
4854,886197660
4855,75412640
4856,220415668
4857,75938245
4858,283175045
4859,800788661
4860,155762490
4861,915990863
4862,941001430
4863,87029067
4864,669237320
4865,826455950
4866,23470383
4867,344381726
4868,540621672
4869,247002333
4870,692142509
4871,812908784
4872,872374005
4873,255088792
4874,819486462
4875,677741247
4876,544253248
4877,903698917
4878,963272195
4879,908674428
4880,797946181
4881,182920761
4882,168145030
4883,890746476
4884,370298210
4885,181634113
4886,303753083
4887,325893573
4888,298125738
4889,321312081
4890,460175901
4891,620494235
4892,413885335
4893,545313309
4894,603562655
4895,409938687
4896,342267829
4897,491418604
4898,39296034
4899,950985100
4900,968341898
4901,894963357
4902,90693493
4903,389324051
4904,967835123
4905,266970474
4906,126069398
4907,899799708
4908,546545960
4909,723171154
4910,757513210
4911,732533944
4912,714659946
4913,409667047
4914,623265879
4915,707249353
4916,359947157
4917,679037358
4918,12333581
4919,435479871
4920,912729504
4921,134857277
4922,979452812
4923,68480736
4924,499488871
4925,585339029
4926,811376991
4927,519056894
4928,208531546
4929,910152864
4930,361514643
4931,672921224
4932,43756282
4933,905868184
4934,318620514
4935,791700712
4936,832112488
4937,482614587
4938,243770199
4939,434686286
4940,72887841
4941,127212657
4942,44374899
4943,186606171
4944,175595164
4945,286433956
4946,480989697
4947,363867470
4948,850609289
4949,864262115
4950,633763688
4951,17802555
4952,386495462
4953,969589930
4954,682759317
4955,384472539
4956,467688222
4957,115039072
4958,229787506
4959,252611410
4960,462260902
4961,320707141
4962,807193559
4963,610914992
4964,260343474
4965,474471807
4966,711222845
4967,756955865
4968,114250908
4969,100805267
4970,239748878
4971,718988020
4972,893519212
4973,621698297
4974,859201141
4975,130887659
4976,665506860
4977,155904631
4978,997316375
4979,332084491
4980,581915682
4981,311664961
4982,657652996
4983,878515943
4984,106907602
4985,503598504
4986,317712895
4987,885749637
4988,9873417
4989,790792008
4990,471764819
4991,245113287
4992,903645938
4993,23734651
4994,147858219
4995,562845889
4996,267554797
4997,778872844
4998,200092081
4999,600189744
5000,160182773
5001,236531267
5002,861826351
5003,989974834
5004,641067369
5005,821385711
5006,318722460
5007,29921540
5008,502498569
5009,446087288
5010,815837226
5011,587771211
5012,755534267
5013,876768481
5014,65762908
5015,321507454
5016,438619362
5017,352312495
5018,108900332
5019,835294955
5020,172480383
5021,856618900
5022,459240961
5023,393635572
5024,645092067
5025,392864469
5026,608504761
5027,604628377
5028,578157579
5029,720778369
5030,245700899
5031,268863917
5032,41924157
5033,866347925
5034,685787580
5035,307645018
5036,317307878
5037,265808814
5038,694003298
5039,351275949
5040,688059492
5041,179496393
5042,441141205
5043,169548452
5044,195745039
5045,927790625
5046,269519732
5047,681703477
5048,800513329
5049,15321643
5050,84356302
5051,449426742
5052,549523414
5053,985119621
5054,32556235
5055,165932228
5056,563143021
5057,591065039
5058,644267977
5059,779795757
5060,851577684
5061,334269505
5062,576841926
5063,785500339
5064,585467215
5065,357894946
5066,880855816
5067,976299173
5068,559194483
5069,497042010
5070,337870510
5071,675403876
5072,360733072
5073,196744068
5074,79581229
5075,352829710
5076,63387561
5077,657477274
5078,301201533
5079,720842940
5080,94214720
5081,71404599
5082,792730303
5083,137959076
5084,259319352
5085,74310055
5086,638974341
5087,975058833
5088,970152928
5089,506257598
5090,371180668
5091,223041718
5092,769945601
5093,372126583
5094,335731700
5095,297696440
5096,834021718
5097,976523142
5098,761167938
5099,699153813
5100,899403308
5101,48435817
5102,544416418
5103,411513921
5104,883887579
5105,69243820
5106,783710250
5107,621247438
5108,480285105
5109,18657092
5110,398386935
5111,607426001
5112,608782388
5113,324570839
5114,636179280
5115,822786276
5116,651829147
5117,886293510
5118,157186828
5119,645281238
5120,694796471
5121,981884553
5122,949809136
5123,9265172
5124,373196964
5125,200888617
5126,989429576
5127,640178409
5128,791117589
5129,234355861
5130,572457103
5131,238953567
5132,189866539
5133,738452134
5134,720951059
5135,911480998
5136,613304244
5137,271200854
5138,27356617
5139,920138523
5140,693798741
5141,267243602
5142,234008620
5143,855246954
5144,704733194
5145,603443494
5146,537760535
5147,905779342
5148,511692497
5149,945307856
5150,697135322
5151,269524179
5152,539699316
5153,638596100
5154,721394184
5155,921415800
5156,587888437
5157,10335340
5158,69325356
5159,695402932
5160,899808833
5161,92451234
5162,676076781
5163,646193440
5164,816637999
5165,544931215
5166,329419158
5167,315410407
5168,912085978
5169,594523019
5170,192630781
5171,97003334
5172,123019630
5173,3216632
5174,481195708
5175,14657710
5176,890815114
5177,897910960
5178,779773308
5179,872098744
5180,462389867
5181,704910889
5182,154119264
5183,530993295
5184,294686423
5185,643301556
5186,379790393
5187,753475218
5188,693407800
5189,90935834
5190,883922034
5191,265919627
5192,984018125
5193,207818046
5194,363774479
5195,329292456
5196,365077234
5197,44488284
5198,922090821
5199,287880178
5200,18316307
5201,676405472
5202,746007530
5203,912288852
5204,217358793
5205,819345758
5206,710598326
5207,693702979
5208,510454272
5209,123493387
5210,858993385
5211,631849448
5212,848743375
5213,276046343
5214,183700661
5215,298766811
5216,781112967
5217,862437535
5218,130962963
5219,572935238
5220,123699218
5221,703387029
5222,219370669
5223,577344894
5224,603839562
5225,618695854
5226,921539621
5227,945988120
5228,539785624
5229,504273926
5230,641112175
5231,335187129
5232,992266965
5233,879420510
5234,428935591
5235,869133623
5236,92377174
5237,152418615
5238,255412479
5239,936026291
5240,747466784
5241,314543725
5242,899273312
5243,18774248
5244,212259287
5245,173642864
5246,787288956
5247,686075139
5248,179103044
5249,112196432
5250,928606352
5251,393028768
5252,793323274
5253,450991987
5254,778495606
5255,906817255
5256,546615686
5257,330539988
5258,227233181
5259,11029910
5260,151036164
5261,796012423
5262,605181008
5263,423651433
5264,851937909
5265,319008659
5266,603091083
5267,931524911
5268,922433420
5269,49659486
5270,307070664
5271,798326675
5272,328620679
5273,91892544
5274,984806697
5275,831782744
5276,994588642
5277,833448163
5278,500640141
5279,621792686
5280,709412601
5281,122234745
5282,624145839
5283,125543771
5284,757084734
5285,458037005
5286,726935101
5287,631138069
5288,686469062
5289,603626264
5290,505418726
5291,622964182
5292,89559675
5293,494441968
5294,210709558
5295,642304693
5296,146125821
5297,487245685
5298,688540662
5299,201907699
5300,966438224
5301,383113359
5302,139097381
5303,358004027
5304,763934545
5305,643355564
5306,271762469
5307,93519521
5308,786391898
5309,391544183
5310,438120171
5311,238722423
5312,956876864
5313,979680197
5314,293741263
5315,14474216
5316,524584834
5317,46195767
5318,360958583
5319,808388669
5320,834233389
5321,730645414
5322,437712706
5323,333600459
5324,792509325
5325,968739251
5326,177540172
5327,79053481
5328,42432158
5329,560472693
5330,967913269
5331,283267518
5332,852705333
5333,381725274
5334,197624903
5335,700246474
5336,690373988
5337,448287435
5338,203104391
5339,144656368
5340,396891789
5341,105235746
5342,856929101
5343,484632277
5344,574678439
5345,774072599
5346,431522335
5347,459935779
5348,734792704
5349,634509388
5350,954527234
5351,958180700
5352,191554722
5353,232569832
5354,495943615
5355,539519196
5356,378489189
5357,458602139
5358,527674102
5359,616649156
5360,287941862
5361,603886054
5362,533615415
5363,517132587
5364,603453024
5365,358925063
5366,361260882
5367,364471451
5368,473844656
5369,690838797
5370,401645767
5371,937014338
5372,777389997
5373,298331121
5374,850115197
5375,480306168
5376,963671928
5377,265105145
5378,686461201
5379,424311846
5380,247932847
5381,268493474
5382,975415062
5383,571440262
5384,448440133
5385,428222977
5386,413039955
5387,457861822
5388,617651910
5389,779931608
5390,132597783
5391,480631686
5392,893042215
5393,928402701
5394,113180038
5395,312404463
5396,494951169
5397,925648918
5398,355506320
5399,174186826
5400,265202415
5401,581388233
5402,438337086
5403,943466541
5404,298282251
5405,859666535
5406,904009745
5407,199651076
5408,237492266
5409,732170020
5410,994517450
5411,101717262
5412,795959703
5413,708491081
5414,405755734
5415,684326716
5416,154500138
5417,979688372
5418,902367713
5419,377070351
5420,45893263
5421,42638689
5422,261278001
5423,437551912
5424,623264680
5425,651538508
5426,576338597
5427,977397585
5428,976410628
5429,443363043
5430,692367166
5431,663097889
5432,816057319
5433,595114350
5434,832752144
5435,815635787
5436,677120963
5437,185928570
5438,238441959
5439,444210302
5440,815673887
5441,824623323
5442,792762822
5443,824249642
5444,884147106
5445,348414454
5446,535338920
5447,693122867
5448,703091666
5449,225580205
5450,928126793
5451,703392307
5452,612804092
5453,480840795
5454,953372555
5455,669217959
5456,102377059
5457,720953128
5458,754303903
5459,646172800
5460,414801947
5461,577012693
5462,456827899
5463,478503507
5464,562735120
5465,542628163
5466,999792696
5467,736388283
5468,292985055
5469,80527291
5470,19209830
5471,73336680
5472,884844108
5473,110288979
5474,536518034
5475,717951272
5476,293834171
5477,332190012
5478,587278048
5479,570889846
5480,999363296
5481,394403714
5482,576473971
5483,208044441
5484,901304106
5485,649019381
5486,775535646
5487,363438022
5488,996877520
5489,352087833
5490,210504343
5491,846596185
5492,202532578
5493,439788047
5494,862589080
5495,782748823
5496,537310493
5497,21633126
5498,386428455
5499,919150505
5500,984026499
5501,261458083
5502,678190856
5503,649027264
5504,650377196
5505,933243226
5506,40650852
5507,534351239
5508,235454337
5509,793518949
5510,162736708
5511,496023650
5512,900672546
5513,94869964
5514,745191536
5515,735559620
5516,46711534
5517,880837872
5518,992566851
5519,413310780
5520,329410550
5521,886531621
5522,925451838
5523,483106883
5524,313615539
5525,610633999
5526,307830439
5527,575166151
5528,973175757
5529,161481374
5530,465292455
5531,426055842
5532,622395407
5533,834948593
5534,475079851
5535,993146238
5536,699136376
5537,851091801
5538,278694965
5539,118714751
5540,284423724
5541,706877284
5542,343647005
5543,5217047
5544,73243975
5545,207211555
5546,892116960
5547,415019423
5548,597018201
5549,42166616
5550,227539030
5551,348997637
5552,266964054
5553,952522446
5554,795593852
5555,969203063
5556,617435007
5557,647821770
5558,272787007
5559,411140441
5560,82520057
5561,912046429
5562,274622288
5563,577704949
5564,63375272
5565,904697405
5566,486569264
5567,546753713
5568,162471707
5569,877639964
5570,118383624
5571,283745984
5572,365048781
5573,112693030
5574,443001996
5575,506911815
5576,676759994
5577,352690454
5578,827808537
5579,583348243
5580,758006020
5581,967695740
5582,295556690
5583,120111830
5584,2353143
5585,309154441
5586,206530588
5587,664082330
5588,938517624
5589,864157190
5590,660397584
5591,960584137
5592,762729746
5593,245110518
5594,452404932
5595,718062538
5596,408070424
5597,48829895
5598,917462607
5599,189705115
5600,769660178
5601,562812601
5602,25003295
5603,340057024
5604,584028800
5605,180362605
5606,876142212
5607,721612829
5608,551014127
5609,641768605
5610,907732606
5611,47083570
5612,112239966
5613,872974210
5614,607644255
5615,718985770
5616,714174113
5617,515927496
5618,746167337
5619,586274110
5620,36462442
5621,389828438
5622,97010515
5623,210646230
5624,571412862
5625,290299702
5626,286142127
5627,448895294
5628,736925737
5629,330372671
5630,376939050
5631,929049116
5632,881361923
5633,52409489
5634,923311209
5635,394002302
5636,627270006
5637,228096937
5638,151726814
5639,411507768
5640,653000058
5641,146611950
5642,806774951
5643,898088973
5644,808547785
5645,114084264
5646,827513110
5647,921366643
5648,83664324
5649,6160220
5650,101374620
5651,233264593
5652,125145136
5653,631183834
5654,836271035
5655,817109525
5656,206450717
5657,592565684
5658,993925878
5659,690153753
5660,512349254
5661,524109232
5662,897967194
5663,328960166
5664,228134428
5665,143620006
5666,531082928
5667,411128177
5668,594942887
5669,466284549
5670,885856232
5671,182537344
5672,394073427
5673,86994360
5674,951685920
5675,998558833
5676,620729347
5677,944514678
5678,590698415
5679,722939078
5680,234990247
5681,293149182
5682,709732173
5683,780792847
5684,895852200
5685,176381405
5686,79823376
5687,470982164
5688,198240065
5689,643347664
5690,975827838
5691,283904091
5692,631043133
5693,321370441
5694,549943221
5695,926209638
5696,171740738
5697,595385421
5698,246074140
5699,359565485
5700,260692666
5701,265506623
5702,525630026
5703,238367112
5704,384727580
5705,533282502
5706,24999798
5707,916288364
5708,140962314
5709,780032143
5710,330169236
5711,144159381
5712,727365331
5713,989862167
5714,537295621
5715,301368302
5716,471009747
5717,885682934
5718,683746690
5719,517630281
5720,654714630
5721,768249491
5722,920825639
5723,266194449
5724,184035603
5725,642330230
5726,153102644
5727,4964037
5728,932021245
5729,960195216
5730,74489753
5731,691490893
5732,613052183
5733,743388030
5734,123957806
5735,576774271
5736,730899278
5737,82398170
5738,221771222
5739,698526679
5740,468914603
5741,863602606
5742,59231069
5743,46913625
5744,17026130
5745,825323570
5746,760985691
5747,402466801
5748,497050366
5749,284106828
5750,646631352
5751,16904185
5752,3084585
5753,741628355
5754,230843835
5755,51662453
5756,562630078
5757,554435755
5758,390177409
5759,585675202
5760,300035537
5761,76754014
5762,647316100
5763,329482375
5764,270032639
5765,820573201
5766,264953792
5767,530101483
5768,41431772
5769,157933964
5770,598448015
5771,644820288
5772,385618687
5773,233357303
5774,307952137
5775,914475198
5776,664422028
5777,789078782
5778,655271075
5779,621846328
5780,944168406
5781,97738267
5782,621904940
5783,632694647
5784,360580659
5785,576910883
5786,954864658
5787,608785021
5788,56758406
5789,95570227
5790,593440041
5791,881478534
5792,442937374
5793,240567316
5794,790475751
5795,351905744
5796,538523042
5797,111217832
5798,700785400
5799,536184515
5800,473202027
5801,795880788
5802,791252259
5803,749295279
5804,807743532
5805,644799311
5806,327868161
5807,520750662
5808,372109704
5809,388436234
5810,151064683
5811,872663275
5812,762558485
5813,951089032
5814,4252276
5815,759756568
5816,837214962
5817,986598615
5818,633047610
5819,679328796
5820,717920656
5821,238983026
5822,6171175
5823,232784175
5824,953826102
5825,738782905
5826,468270001
5827,97962242
5828,659027037
5829,492933444
5830,990597538
5831,829966345
5832,803741414
5833,434334068
5834,766736021
5835,759601091
5836,647614966
5837,957948839
5838,42358966
5839,889694883
5840,813640376
5841,37388013
5842,406080361
5843,63228884
5844,210427676
5845,405005916
5846,935035419
5847,101005091
5848,641768089
5849,575869601
5850,230514276
5851,659044420
5852,231880102
5853,670507538
5854,532865925
5855,972496976
5856,83895468
5857,121519061
5858,821483681
5859,668756579
5860,519348201
5861,269248738
5862,113913154
5863,372739859
5864,716481137
5865,757442011
5866,702517859
5867,107537384
5868,218249082
5869,862833266
5870,98673092
5871,846423005
5872,141697071
5873,659913407
5874,354368355
5875,229233953
5876,760365917
5877,655499571
5878,702896883
5879,123215663
5880,163981113
5881,736112723
5882,359768624
5883,854858115
5884,840702107
5885,115420100
5886,669213728
5887,558577459
5888,259358382
5889,283384144
5890,753627710
5891,294715674
5892,971294185
5893,301129295
5894,815139996
5895,735405145
5896,465728313
5897,162084217
5898,588885153
5899,785863517
5900,452588660
5901,487662639
5902,626342508
5903,456408242
5904,763385637
5905,959079704
5906,239749967
5907,106715776
5908,299689182
5909,50722112
5910,729878845
5911,231027192
5912,426632004
5913,593954091
5914,456703259
5915,289065667
5916,820440975
5917,832061752
5918,47406974
5919,319452488
5920,804230439
5921,761679941
5922,603573473
5923,867777354
5924,170105708
5925,984902191
5926,786890842
5927,337087238
5928,826115561
5929,451439699
5930,551770671
5931,227546928
5932,334553605
5933,986144986
5934,93749316
5935,44714202
5936,850401274
5937,799469024
5938,531106401
5939,87678038
5940,452920754
5941,193818896
5942,716324001
5943,3435414
5944,971190517
5945,782213686
5946,607713723
5947,275451896
5948,744461442
5949,961398652
5950,890949091
5951,634866182
5952,990322192
5953,945346484
5954,342724122
5955,719497270
5956,412479616
5957,335245951
5958,922587681
5959,602073562
5960,312591672
5961,252458155
5962,422970176
5963,721710682
5964,485988077
5965,991810556
5966,567434450
5967,639045260
5968,393391538
5969,275285662
5970,264807032
5971,423224112
5972,8058194
5973,764377498
5974,589932344
5975,16909338
5976,49558848
5977,100246014
5978,346816038
5979,425288358
5980,913426466
5981,409995136
5982,64686345
5983,632438178
5984,431827486
5985,491928593
5986,176292052
5987,215926079
5988,254767274
5989,910625218
5990,817135855
5991,307301396
5992,169050267
5993,276978550
5994,25094542
5995,188941926
5996,297066046
5997,147743222
5998,360769273
5999,778333417
6000,896098393
6001,581102951
6002,942262059
6003,155151520
6004,929530526
6005,533130614
6006,732062297
6007,796604188
6008,700517444
6009,32253292
6010,80157549
6011,544647375
6012,238079014
6013,780466804
6014,518463888
6015,897646812
6016,153327980
6017,679548366
6018,295390682
6019,5281688
6020,986969391
6021,119898167
6022,205998271
6023,620843849
6024,118767032
6025,154450780
6026,623990937
6027,449042301
6028,627877544
6029,952891522
6030,72484712
6031,227573471
6032,999598955
6033,524804762
6034,671531310
6035,132310885
6036,169532211
6037,278651107
6038,315296515
6039,769185813
6040,18353615
6041,546190484
6042,157358841
6043,16238905
6044,217952781
6045,812078095
6046,85260238
6047,701325300
6048,524156088
6049,979270633
6050,355678327
6051,325567318
6052,21960814
6053,17867969
6054,274129456
6055,931909680
6056,40669310
6057,656944836
6058,409318819
6059,903201595
6060,599077320
6061,871643392
6062,499774552
6063,581200627
6064,358043501
6065,70475208
6066,107142155
6067,349564024
6068,348630159
6069,554643888
6070,868836335
6071,355036631
6072,131150321
6073,868024976
6074,808976275
6075,868862512
6076,540651242
6077,134469648
6078,272319054
6079,96279795
6080,207796913
6081,533428079
6082,643073798
6083,817914758
6084,994339742
6085,944504907
6086,972270663
6087,396040735
6088,69361160
6089,815612286
6090,237191040
6091,407372486
6092,854120199
6093,497113989
6094,962800610
6095,864880701
6096,200890104
6097,627538392
6098,283610238
6099,961512451
6100,559892219
6101,658258598
6102,688212661
6103,496609030
6104,405807987
6105,329634044
6106,501248481
6107,120542126
6108,258101368
6109,167329779
6110,460451966
6111,77548596
6112,881061075
6113,458584910
6114,972547633
6115,484557157
6116,710827451
6117,184998346
6118,328295139
6119,821190578
6120,824711121
6121,163932647
6122,548923494
6123,503324127
6124,55313076
6125,455740839
6126,876587413
6127,779774290
6128,745858644
6129,601766980
6130,212324648
6131,635036987
6132,960088565
6133,950572142
6134,177653186
6135,597738361
6136,730407813
6137,478302958
6138,142785957
6139,535580276
6140,311687394
6141,538720569
6142,1810606
6143,364380644
6144,334925275
6145,610174367
6146,330705234
6147,665355899
6148,287481939
6149,515140760
6150,337146236
6151,419781225
6152,267224317
6153,576750288
6154,94097914
6155,74574242
6156,655406413
6157,328947510
6158,139129568
6159,824744899
6160,438618055
6161,303564548
6162,749107234
6163,27643629
6164,90094056
6165,324698281
6166,680174332
6167,424531053
6168,528266527
6169,278244124
6170,442969250
6171,499465031
6172,627776017
6173,515335565
6174,458756928
6175,506514322
6176,83866616
6177,536724474
6178,278420622
6179,786921005
6180,980087233
6181,91025504
6182,921414010
6183,848381341
6184,335113701
6185,54614128
6186,161785906
6187,830447713
6188,514735492
6189,29374592
6190,957919786
6191,927516497
6192,860868458
6193,164832730
6194,851573950
6195,396999009
6196,2180155
6197,712476803
6198,646416630
6199,977997557
6200,243410210
6201,431812413
6202,199718457
6203,958478065
6204,30007558
6205,648213315
6206,902260318
6207,854882469
6208,942126361
6209,680158561
6210,344420491
6211,473938141
6212,673143969
6213,808842227
6214,834923635
6215,886673315
6216,76856509
6217,177250809
6218,991427145
6219,840351732
6220,768400083
6221,241780304
6222,685176248
6223,524561269
6224,305454774
6225,955962216
6226,28200663
6227,135611880
6228,765837851
6229,574120164
6230,973507877
6231,752307801
6232,901425404
6233,451936500
6234,169449572
6235,721845144
6236,550760451
6237,138950028
6238,307193302
6239,929381436
6240,310001485
6241,802427201
6242,622921327
6243,878117582
6244,414007625
6245,446966816
6246,706537371
6247,785005262
6248,176761270
6249,787329381
6250,412896837
6251,363113531
6252,697721703
6253,239964783
6254,975597471
6255,275715794
6256,708659399
6257,571639921
6258,165089414
6259,162580414
6260,522543795
6261,332907211
6262,659549892
6263,32817048
6264,376815030
6265,533135609
6266,941156261
6267,337557296
6268,161664663
6269,903509452
6270,716394593
6271,851364570
6272,365320881
6273,627505864
6274,908527113
6275,37027872
6276,933728265
6277,419946836
6278,409765920
6279,761536413
6280,681536390
6281,1311745
6282,140346668
6283,172602104
6284,78068939
6285,687087291
6286,37173122
6287,831967014
6288,398065686
6289,341487712
6290,56570249
6291,246284190
6292,783388442
6293,614169097
6294,861147019
6295,238644649
6296,254054216
6297,637456439
6298,516230936
6299,668747735
6300,898923942
6301,838559620
6302,817650023
6303,614572241
6304,372997792
6305,571089006
6306,108443753
6307,114203797
6308,616429985
6309,132172293
6310,421183670
6311,640543788
6312,202794986
6313,288978510
6314,87972627
6315,489549557
6316,268714064
6317,205628791
6318,527144929
6319,78314747
6320,756382629
6321,963312841
6322,319464511
6323,946505982
6324,976976334
6325,545339996
6326,767133651
6327,626185472
6328,681005641
6329,187767268
6330,489185885
6331,946274933
6332,816619611
6333,373236748
6334,702716095
6335,815245144
6336,853534295
6337,340841766
6338,347144461
6339,606103851
6340,269030964
6341,368236519
6342,66447482
6343,411811810
6344,6888017
6345,15504719
6346,111046800
6347,732772765
6348,413914398
6349,724545527
6350,105403948
6351,630281291
6352,817827038
6353,266452518
6354,284584906
6355,227707451
6356,585479086
6357,419766661
6358,639969189
6359,335090137
6360,705374396
6361,271777243
6362,157608148
6363,908467230
6364,337816897
6365,782161400
6366,528120965
6367,287419918
6368,828781453
6369,581844203
6370,924360559
6371,860169651
6372,810659153
6373,693720214
6374,983133090
6375,82558372
6376,706221568
6377,364976571
6378,876863407
6379,352796877
6380,184700674
6381,425991012
6382,531464804
6383,724314444
6384,229388129
6385,460706193
6386,116920108
6387,345649431
6388,793764849
6389,86260001
6390,252638272
6391,894415741
6392,27030632
6393,578113673
6394,289949279
6395,170195052
6396,70016254
6397,725775532
6398,453036317
6399,713835620
6400,149635985
6401,921914317
6402,13573818
6403,204245485
6404,734690939
6405,103906509
6406,963809739
6407,890679251
6408,439978394
6409,177000789
6410,197471790
6411,972600314
6412,876811403
6413,710992617
6414,515339507
6415,120425298
6416,87796772
6417,440129464
6418,912114686
6419,307585785
6420,876625128
6421,950393233
6422,412860150
6423,363636204
6424,653456656
6425,865353063
6426,819476415
6427,538262315
6428,989639687
6429,203427948
6430,232654022
6431,245911872
6432,510688313
6433,920274161
6434,244426447
6435,583563470
6436,400640642
6437,127974002
6438,425277230
6439,652899723
6440,367055252
6441,762072505
6442,320198913
6443,879514950
6444,716427311
6445,312836294
6446,661047511
6447,641536295
6448,271111121
6449,413206859
6450,186048612
6451,19977717
6452,443214620
6453,969214839
6454,138205317
6455,869772328
6456,158421213
6457,759390719
6458,894522290
6459,950384613
6460,657944589
6461,776898980
6462,412343854
6463,742135589
6464,31185701
6465,757582841
6466,148470484
6467,6634991
6468,592024429
6469,886888502
6470,568768718
6471,524828753
6472,101958476
6473,460467325
6474,534690041
6475,847566334
6476,773883733
6477,937579865
6478,536604703
6479,666531013
6480,319332422
6481,564995102
6482,729582488
6483,849722604
6484,196594596
6485,155144764
6486,843341093
6487,237177731
6488,783970963
6489,558167851
6490,697866857
6491,678334861
6492,990567779
6493,842150623
6494,244771285
6495,283696943
6496,592548879
6497,807318386
6498,476970358
6499,792658333
6500,459108856
6501,326417135
6502,194926408
6503,173183791
6504,647161962
6505,984982644
6506,135163884
6507,323483644
6508,175451439
6509,160003580
6510,489181852
6511,632854047
6512,269379827
6513,410888468
6514,245235804
6515,842096467
6516,283564812
6517,202745630
6518,681980565
6519,63508881
6520,194675140
6521,928786138
6522,725131361
6523,703093145
6524,726333563
6525,267339528
6526,148334303
6527,974078548
6528,235970997
6529,497734814
6530,333032020
6531,364655173
6532,568405094
6533,160102002
6534,658272378
6535,667740404
6536,816578729
6537,882348787
6538,603917873
6539,597569748
6540,133968264
6541,193074639
6542,485596416
6543,947801186
6544,996727466
6545,984462887
6546,402628939
6547,168485785
6548,154329732
6549,657940282
6550,11703538
6551,562564065
6552,970471043
6553,364994167
6554,403576354
6555,557301856
6556,892831819
6557,830307387
6558,530992490
6559,605888870
6560,791397678
6561,370451430
6562,564103259
6563,903350643
6564,147712535
6565,785475143
6566,435775080
6567,652064888
6568,697409390
6569,780773357
6570,449598283
6571,164739317
6572,611237489
6573,132357326
6574,336136254
6575,228185224
6576,121301944
6577,973568650
6578,832294363
6579,725273674
6580,455274027
6581,11830107
6582,353907964
6583,864807229
6584,94928297
6585,717506737
6586,72398892
6587,39174053
6588,158438690
6589,812291520
6590,946790842
6591,546269644
6592,932473456
6593,162612160
6594,656298089
6595,545644855
6596,114648469
6597,841814655
6598,534152611
6599,339168297
6600,295089088
6601,449716833
6602,327769304
6603,991657666
6604,594722002
6605,157107474
6606,266361958
6607,823728890
6608,101997187
6609,608123721
6610,216171699
6611,280547641
6612,836752339
6613,786676972
6614,971036200
6615,620018766
6616,305997960
6617,376431593
6618,649135128
6619,900863373
6620,274376763
6621,130499592
6622,143084723
6623,621708640
6624,703003316
6625,127664925
6626,851041832
6627,574215734
6628,949226873
6629,118679490
6630,226287686
6631,726406652
6632,227082758
6633,405026240
6634,164746271
6635,177494425
6636,106957388
6637,931935343
6638,740687969
6639,371976947
6640,511629329
6641,83791159
6642,226164407
6643,730685552
6644,587749531
6645,22399707
6646,840568986
6647,588373055
6648,656349877
6649,366581322
6650,104507823
6651,144498856
6652,292339114
6653,410457909
6654,967693385
6655,475583967
6656,507499097
6657,79265545
6658,147725391
6659,389030501
6660,818462517
6661,906941104
6662,366858060
6663,451758077
6664,188810681
6665,255271265
6666,534668783
6667,969038295
6668,885264023
6669,196561898
6670,931121745
6671,735393496
6672,941732979
6673,214543425
6674,364599685
6675,740407001
6676,105198156
6677,324758501
6678,787943237
6679,362581985
6680,729945760
6681,94914397
6682,346344151
6683,315642018
6684,817511737
6685,145186097
6686,752015070
6687,737325865
6688,388541944
6689,802359804
6690,662646729
6691,381315427
6692,486103070
6693,27850013
6694,800924572
6695,907324773
6696,117836651
6697,409410331
6698,961510595
6699,451099584
6700,253013411
6701,495820685
6702,587361816
6703,917985259
6704,277877783
6705,962987139
6706,266089343
6707,236462942
6708,570791616
6709,162768771
6710,492461954
6711,584839379
6712,633410556
6713,677517571
6714,942437676
6715,95299200
6716,308273334
6717,428581440
6718,429750427
6719,712093813
6720,41019602
6721,895451658
6722,760418457
6723,654620354
6724,795542557
6725,959082532
6726,695062906
6727,843082692
6728,23292045
6729,356981010
6730,640295675
6731,648335106
6732,952839563
6733,168286437
6734,544186048
6735,461324890
6736,274552199
6737,741668439
6738,511594989
6739,688326125
6740,161527317
6741,147389006
6742,418769436
6743,331823532
6744,157996967
6745,918031157
6746,689628334
6747,359752849
6748,330750052
6749,654208713
6750,960800923
6751,566321497
6752,73247076
6753,572998761
6754,615457704
6755,864533071
6756,587897585
6757,499997696
6758,508925319
6759,417852236
6760,203301431
6761,636514561
6762,161343693
6763,895784341
6764,439759392
6765,381736963
6766,354504979
6767,703100938
6768,408278696
6769,590361752
6770,948120093
6771,620925573
6772,796551927
6773,744408961
6774,435038015
6775,573251202
6776,205193003
6777,531830633
6778,282838745
6779,51965344
6780,496960766
6781,292240326
6782,217373290
6783,24831122
6784,537361262
6785,625569369
6786,61942417
6787,284854359
6788,891677284
6789,255618462
6790,923152344
6791,287650474
6792,349617497
6793,358848789
6794,144508708
6795,620746765
6796,552638595
6797,699138314
6798,382151256
6799,759929749
6800,268269791
6801,185376102
6802,341182883
6803,317550776
6804,263216998
6805,536259053
6806,812810586
6807,581108966
6808,224669732
6809,508355487
6810,792033056
6811,707191957
6812,961648596
6813,186468669
6814,855604863
6815,978001008
6816,946472124
6817,550079483
6818,887857983
6819,459734058
6820,693271640
6821,70063774
6822,817437430
6823,525859571
6824,328703945
6825,929038258
6826,289788617
6827,727847923
6828,420838109
6829,407255006
6830,764527108
6831,469182852
6832,135386575
6833,197410964
6834,831050795
6835,167125450
6836,678198873
6837,964004994
6838,545692937
6839,72706236
6840,460321854
6841,183388612
6842,203107029
6843,219707941
6844,468048143
6845,710591901
6846,388819083
6847,811296563
6848,766292232
6849,352115827
6850,110598086
6851,632708696
6852,115979826
6853,981810359
6854,208473015
6855,75688901
6856,181498483
6857,933952600
6858,222501466
6859,669369623
6860,84979069
6861,583106618
6862,675447018
6863,800444747
6864,200210288
6865,105990821
6866,252467609
6867,840201009
6868,691892612
6869,902261819
6870,269883900
6871,370760073
6872,614072951
6873,777414547
6874,340545587
6875,894744182
6876,401820019
6877,52831370
6878,551067653
6879,493892521
6880,152862477
6881,798379674
6882,208945393
6883,524691318
6884,376329882
6885,996901616
6886,335531799
6887,982506396
6888,948141080
6889,155818596
6890,656982953
6891,536372308
6892,953228952
6893,223037778
6894,344416569
6895,772249579
6896,324042954
6897,428336344
6898,786114075
6899,719404929
6900,598202897
6901,975265110
6902,438594282
6903,808901207
6904,784719003
6905,831415419
6906,84848919
6907,376504818
6908,608427372
6909,63983862
6910,256621080
6911,248388405
6912,145526876
6913,769424368
6914,360819803
6915,96674584
6916,598412901
6917,120854007
6918,318047422
6919,981895418
6920,487376860
6921,717720069
6922,779595940
6923,961956450
6924,588243095
6925,614679904
6926,540615082
6927,306169203
6928,184596175
6929,178270060
6930,748066572
6931,492890794
6932,369207841
6933,156137715
6934,951147530
6935,496506868
6936,706371184
6937,328525466
6938,63963686
6939,573170416
6940,657344699
6941,91522717
6942,757461194
6943,699099820
6944,603511268
6945,369721089
6946,153272162
6947,271304418
6948,108692717
6949,255058632
6950,129040202
6951,312037315
6952,556111851
6953,803119568
6954,959366300
6955,571610619
6956,638984748
6957,283396761
6958,862365121
6959,781872850
6960,111194081
6961,22443198
6962,218337412
6963,107923202
6964,146673922
6965,516696581
6966,472687902
6967,744512718
6968,101321154
6969,897167642
6970,991489626
6971,905212620
6972,708359510
6973,797431283
6974,840506824
6975,325099288
6976,587394130
6977,386354231
6978,758662334
6979,292841656
6980,279273362
6981,344533736
6982,286947694
6983,697021705
6984,289774310
6985,514418402
6986,887250366
6987,158750509
6988,735150507
6989,57221614
6990,738937578
6991,141033068
6992,493653002
6993,467939713
6994,673362907
6995,275202224
6996,314358578
6997,638471886
6998,39488601
6999,468066182
7000,105687274
7001,514591383
7002,621118846
7003,129100322
7004,349005917
7005,140058812
7006,398611227
7007,308740741
7008,993039315
7009,201631096
7010,771583116
7011,465896689
7012,538966896
7013,314497419
7014,215080553
7015,532675296
7016,337591268
7017,734942796
7018,806982908
7019,276224473
7020,3572294
7021,760511422
7022,891937037
7023,257541856
7024,149238313
7025,256233471
7026,504799549
7027,822943013
7028,205184569
7029,365452907
7030,65151844
7031,860355463
7032,920536428
7033,444031293
7034,980506074
7035,470349133
7036,508217895
7037,555665108
7038,519008041
7039,296547863
7040,247531649
7041,830431298
7042,973613597
7043,282129627
7044,580915932
7045,451705860
7046,605054289
7047,987376192
7048,240083751
7049,179454120
7050,342898656
7051,972961228
7052,425696578
7053,486723142
7054,414050510
7055,974970345
7056,215728019
7057,906818168
7058,848315547
7059,143171303
7060,524681801
7061,774228619
7062,489161854
7063,126517163
7064,587487616
7065,399032046
7066,46504772
7067,732771691
7068,13165074
7069,345552759
7070,340092887
7071,854938143
7072,44418728
7073,259829713
7074,99828735
7075,631839093
7076,201492520
7077,106673467
7078,237789365
7079,905970504
7080,282669230
7081,5375306
7082,864929543
7083,279584742
7084,778380091
7085,803798337
7086,624291204
7087,921967500
7088,157864034
7089,546496114
7090,967292801
7091,485349020
7092,132765691
7093,317924316
7094,673061237
7095,880054868
7096,289633844
7097,934087763
7098,716136330
7099,1389169
7100,911653429
7101,968328756
7102,279929973
7103,901229648
7104,696003967
7105,635287969
7106,298038714
7107,474234102
7108,936461136
7109,449414459
7110,265391332
7111,240388210
7112,284371497
7113,685248360
7114,768130754
7115,488432496
7116,314016405
7117,618747199
7118,354389375
7119,428221943
7120,390667366
7121,280280175
7122,500457965
7123,183026197
7124,430411886
7125,219138469
7126,189203733
7127,819004583
7128,593861788
7129,41160629
7130,428109432
7131,392534869
7132,773987464
7133,51050164
7134,413845393
7135,180539211
7136,862551732
7137,637991765
7138,890571381
7139,158862624
7140,664612668
7141,195437513
7142,366025959
7143,141679096
7144,625471682
7145,957306605
7146,447744343
7147,292482707
7148,308621459
7149,143011579
7150,453509913
7151,346053805
7152,441181005
7153,719384023
7154,609185953
7155,835448856
7156,26452435
7157,714249671
7158,334749783
7159,557050858
7160,843332098
7161,806146968
7162,648354089
7163,174026493
7164,522876495
7165,968476736
7166,100445990
7167,398172361
7168,411012139
7169,934275272
7170,810424325
7171,850264435
7172,114949709
7173,379181544
7174,42979763
7175,923115645
7176,315816627
7177,48530711
7178,892270728
7179,169213064
7180,940387523
7181,760061301
7182,78749114
7183,411860911
7184,119124408
7185,591134055
7186,356993403
7187,781127794
7188,801245396
7189,483331067
7190,685115981
7191,351251689
7192,871194392
7193,987863416
7194,170031496
7195,493428423
7196,641927272
7197,129246953
7198,584152028
7199,254090918
7200,747892787
7201,47313483
7202,412745354
7203,995536951
7204,262556069
7205,968497308
7206,590268947
7207,808756311
7208,136307025
7209,846022420
7210,793995677
7211,96265178
7212,672374518
7213,291578878
7214,472957890
7215,812625521
7216,632174494
7217,209280631
7218,418537612
7219,443422631
7220,406727594
7221,594364176
7222,514807191
7223,752974452
7224,297414296
7225,238270213
7226,470969304
7227,938161781
7228,745775545
7229,591330620
7230,666595374
7231,488921107
7232,853511843
7233,939047130
7234,990733910
7235,796896061
7236,348409502
7237,895717367
7238,980829822
7239,802614952
7240,343082758
7241,498727302
7242,493776669
7243,374325244
7244,844454871
7245,600818281
7246,64684606
7247,776872862
7248,605411500
7249,156983525
7250,857458249
7251,914929852
7252,449169111
7253,901676011
7254,573526543
7255,37730748
7256,289807133
7257,317711667
7258,725747308
7259,799719319
7260,150681872
7261,630609817
7262,9998929
7263,720605942
7264,477421817
7265,331815153
7266,266112583
7267,808195368
7268,413761686
7269,9302691
7270,873718738
7271,179843628
7272,924191100
7273,506369287
7274,868260062
7275,229973878
7276,14359683
7277,810517122
7278,352814485
7279,826985252
7280,434221449
7281,976374877
7282,648297494
7283,612643100
7284,610092927
7285,928007469
7286,229096705
7287,606057983
7288,463706589
7289,778558950
7290,241027451
7291,606476495
7292,336219152
7293,922835270
7294,795585444
7295,846626626
7296,748743284
7297,61155637
7298,2334066
7299,818817871
7300,46154995
7301,158107410
7302,651575702
7303,831120497
7304,138084158
7305,515123604
7306,74304055
7307,848136028
7308,837150499
7309,356181671
7310,785969081
7311,827461781
7312,571701923
7313,898694315
7314,817453039
7315,477607138
7316,567177763
7317,448096623
7318,472681441
7319,910785063
7320,791922403
7321,219074952
7322,874563594
7323,228657376
7324,243250077
7325,259485138
7326,77665217
7327,965230778
7328,753524800
7329,274860786
7330,539905770
7331,254357840
7332,447778349
7333,196350872
7334,702742038
7335,905909418
7336,825355899
7337,429528791
7338,876118886
7339,389192184
7340,886652345
7341,409501678
7342,300730647
7343,28668703
7344,548294851
7345,468529586
7346,311534116
7347,605253819
7348,46724700
7349,248614649
7350,859903883
7351,426509217
7352,963710249
7353,762698890
7354,136221931
7355,315196084
7356,72686981
7357,50018161
7358,526971629
7359,161494907
7360,114561952
7361,445444711
7362,350247090
7363,591925077
7364,246215146
7365,982329780
7366,99551698
7367,164973436
7368,910410438
7369,852943277
7370,272618658
7371,800522361
7372,173874618
7373,541926146
7374,574475819
7375,481884601
7376,885438270
7377,405057866
7378,668378901
7379,625290746
7380,367009153
7381,447614223
7382,669175126
7383,421820667
7384,514719330
7385,353836930
7386,655443198
7387,275360737
7388,257902842
7389,908532784
7390,893432530
7391,307062441
7392,285308125
7393,121829724
7394,741287723
7395,112883630
7396,792238060
7397,530459218
7398,340394770
7399,34876457
7400,826867373
7401,273068710
7402,894960854
7403,92672404
7404,249187340
7405,683779087
7406,396317628
7407,390028674
7408,89060759
7409,110531511
7410,1604968
7411,408654103
7412,484803262
7413,358020017
7414,274996006
7415,658809377
7416,653516075
7417,813006613
7418,294127984
7419,614648942
7420,922738764
7421,443660081
7422,740580310
7423,892970454
7424,738454718
7425,882372614
7426,305607532
7427,648501301
7428,528688272
7429,911894330
7430,569474586
7431,611540385
7432,125754539
7433,94989786
7434,579118087
7435,69274940
7436,588160054
7437,284791272
7438,576219551
7439,937222586
7440,20369592
7441,235600014
7442,836345117
7443,123433326
7444,382776808
7445,82847024
7446,881351338
7447,244589441
7448,982562138
7449,699511950
7450,730901700
7451,625697667
7452,899344074
7453,29666783
7454,339278292
7455,956231800
7456,562747343
7457,598723316
7458,960093192
7459,452163978
7460,770566402
7461,485802612
7462,362885582
7463,246168269
7464,619759508
7465,577554089
7466,891464258
7467,148441618
7468,112553138
7469,470704767
7470,410921997
7471,916658734
7472,768435529
7473,249741281
7474,55385349
7475,971097031
7476,716666711
7477,750108501
7478,806192791
7479,610600035
7480,974292095
7481,527593961
7482,893991132
7483,784223500
7484,865737055
7485,696570035
7486,53119156
7487,32503436
7488,253440390
7489,823526421
7490,352142230
7491,922998342
7492,773437472
7493,718965998
7494,702306509
7495,882467278
7496,602466718
7497,475107820
7498,794624135
7499,800601390
7500,952666701
7501,950780014
7502,440408509
7503,584774321
7504,803759566
7505,525831028
7506,191632409
7507,475440976
7508,428115543
7509,416602021
7510,570179676
7511,27390051
7512,850612883
7513,945916294
7514,480848159
7515,357445904
7516,728359172
7517,410470251
7518,153933937
7519,673532019
7520,196681085
7521,16666740
7522,24504539
7523,964885606
7524,498102853
7525,870923625
7526,959069099
7527,323457466
7528,807915420
7529,375112415
7530,479454130
7531,619386253
7532,171594312
7533,741359868
7534,645803859
7535,346866708
7536,141519080
7537,467318482
7538,441083791
7539,734830891
7540,144731615
7541,8838318
7542,302173182
7543,84028670
7544,81894182
7545,344345616
7546,501640923
7547,441898949
7548,726627852
7549,512774731
7550,112808321
7551,979397562
7552,385073358
7553,61029665
7554,765096332
7555,87017111
7556,209534508
7557,699201519
7558,720293621
7559,935074021
7560,562374424
7561,939051625
7562,177443091
7563,332199932
7564,478210618
7565,318834778
7566,456170997
7567,416764832
7568,471677941
7569,26344691
7570,510792964
7571,942725374
7572,344867580
7573,249742224
7574,798435613
7575,381854200
7576,373315453
7577,970550796
7578,773962360
7579,23954423
7580,691673578
7581,664231038
7582,17582631
7583,175939000
7584,207084572
7585,417861677
7586,525608766
7587,860977719
7588,937016082
7589,21610551
7590,791203719
7591,652625371
7592,310068633
7593,682960521
7594,608972421
7595,779550827
7596,174975313
7597,332038092
7598,513038886
7599,476305806
7600,719262389
7601,638039287
7602,219719548
7603,843839098
7604,722389640
7605,598580864
7606,273530224
7607,356176327
7608,917415120
7609,996217022
7610,881939349
7611,171021943
7612,783130173
7613,35963288
7614,431947966
7615,94113993
7616,334959419
7617,365588598
7618,814182293
7619,659606990
7620,335378060
7621,248665705
7622,922560298
7623,685391440
7624,923829359
7625,644611833
7626,376822646
7627,340187158
7628,534001780
7629,957968902
7630,754795253
7631,269709422
7632,207176573
7633,469893887
7634,324521644
7635,856755017
7636,736541290
7637,736684339
7638,463474145
7639,622743402
7640,243891089
7641,199915293
7642,784138676
7643,161085129
7644,507110412
7645,621261630
7646,933529512
7647,291279722
7648,573513735
7649,794992896
7650,391934015
7651,642506382
7652,201752242
7653,978185608
7654,488764742
7655,105220674
7656,281322743
7657,457425227
7658,899385591
7659,344520869
7660,514461593
7661,353370636
7662,444414143
7663,924550659
7664,359025992
7665,635563220
7666,807142644
7667,373847808
7668,409343017
7669,106322287
7670,24459379
7671,355758574
7672,55044279
7673,132918457
7674,17353663
7675,682744248
7676,20854817
7677,941473083
7678,716016836
7679,5554263
7680,302510132
7681,868628520
7682,169609866
7683,640774631
7684,984037042
7685,856408477
7686,483898853
7687,856158137
7688,915545870
7689,202722236
7690,367523935
7691,476342493
7692,360985521
7693,628388098
7694,797339557
7695,795416563
7696,220976908
7697,182505835
7698,992898592
7699,202973556
7700,284808699
7701,707901485
7702,473031609
7703,454716061
7704,227343561
7705,803219254
7706,407810796
7707,724300632
7708,686598823
7709,857542620
7710,937989414
7711,754213125
7712,464477095
7713,463615021
7714,443029181
7715,331583861
7716,813232462
7717,72765164
7718,627427061
7719,565343596
7720,249418429
7721,33496261
7722,644770135
7723,214553156
7724,398929310
7725,292115828
7726,736174263
7727,987209205
7728,984929638
7729,809567071
7730,984717507
7731,763004924
7732,356853461
7733,98103249
7734,419575137
7735,528947687
7736,536897014
7737,421310162
7738,119350711
7739,465708816
7740,23030580
7741,248621988
7742,624569325
7743,843162641
7744,828515695
7745,970681221
7746,943625569
7747,73236528
7748,758509592
7749,117341282
7750,628930124
7751,958387556
7752,599258226
7753,325578816
7754,905822322
7755,989203890
7756,371987542
7757,308972728
7758,941692623
7759,161637570
7760,373148224
7761,150244023
7762,999568265
7763,19521463
7764,495866898
7765,234080234
7766,793062113
7767,88533223
7768,440567263
7769,738201450
7770,82182171
7771,828233107
7772,60233841
7773,886173204
7774,567133068
7775,563947074
7776,735164497
7777,56599241
7778,715908766
7779,220236526
7780,967286966
7781,859164997
7782,775680914
7783,624576260
7784,51250563
7785,515472497
7786,305554946
7787,397015101
7788,234685330
7789,928197886
7790,784076853
7791,718677557
7792,972576924
7793,218988476
7794,945513416
7795,436807797
7796,627903129
7797,477136325
7798,857691744
7799,718620667
7800,925080407
7801,718242955
7802,724212823
7803,192195057
7804,239995791
7805,83591241
7806,875107364
7807,649029631
7808,298563448
7809,592794019
7810,694409657
7811,686429433
7812,22146210
7813,488587177
7814,83503889
7815,511100944
7816,661574853
7817,114676423
7818,277555921
7819,760956844
7820,535016429
7821,918384916
7822,71998846
7823,538141138
7824,151607586
7825,13960955
7826,366154990
7827,477929968
7828,814586588
7829,386879208
7830,882179782
7831,577963994
7832,114273149
7833,133615763
7834,998756264
7835,415219368
7836,304485343
7837,443309389
7838,335616153
7839,613224324
7840,365374773
7841,655784019
7842,478439838
7843,482325650
7844,208007383
7845,678301205
7846,419146209
7847,910906604
7848,644961602
7849,229907220
7850,62778543
7851,446061514
7852,671442671
7853,16790765
7854,841320283
7855,381338347
7856,341845382
7857,307893814
7858,654383564
7859,69901553
7860,713451031
7861,78365351
7862,796199535
7863,409283334
7864,761896232
7865,810247266
7866,508696232
7867,31649795
7868,122080199
7869,565069196
7870,996251659
7871,315435005
7872,357366636
7873,360437375
7874,180613847
7875,644524072
7876,493557719
7877,766259514
7878,465354150
7879,367004729
7880,36388603
7881,501491812
7882,588903761
7883,211990862
7884,681020121
7885,722061588
7886,826410953
7887,144464912
7888,662103926
7889,970864026
7890,129404808
7891,277560730
7892,325491246
7893,722819635
7894,202050455
7895,342241583
7896,856883745
7897,708333351
7898,452133851
7899,106086228
7900,800893789
7901,288781956
7902,383628096
7903,444215417
7904,791066472
7905,303198259
7906,609447031
7907,571266237
7908,146348185
7909,641026141
7910,308821478
7911,121263184
7912,544751486
7913,34543325
7914,351979307
7915,455562754
7916,373185392
7917,574544039
7918,680709675
7919,153814016
7920,924731451
7921,895419128
7922,660081091
7923,860619217
7924,771961094
7925,707128714
7926,603108374
7927,620853259
7928,356036389
7929,520169480
7930,985098818
7931,365594696
7932,158617327
7933,68548704
7934,492447254
7935,925956287
7936,743304244
7937,626615638
7938,357196415
7939,247251705
7940,796445075
7941,976373523
7942,169845322
7943,540771928
7944,695220510
7945,704858164
7946,408077658
7947,624664374
7948,879055426
7949,72212216
7950,682931154
7951,580795306
7952,399069228
7953,513776565
7954,667890532
7955,765775989
7956,982030532
7957,617038950
7958,86127941
7959,926218078
7960,994238663
7961,93203349
7962,411035923
7963,67830711
7964,377661486
7965,680307110
7966,419369016
7967,791142719
7968,651399742
7969,961142951
7970,42346118
7971,832407749
7972,869662340
7973,420318881
7974,430625590
7975,924674661
7976,31437205
7977,820144972
7978,48385581
7979,365354465
7980,730357786
7981,768727574
7982,593296690
7983,844111581
7984,775205940
7985,524073003
7986,137876269
7987,135198446
7988,783889560
7989,113011737
7990,125681605
7991,281628486
7992,328313627
7993,784334935
7994,425977690
7995,512181685
7996,521695454
7997,764692482
7998,493722740
7999,26786832
8000,425830022
8001,387115846
8002,635426551
8003,507898696
8004,485266418
8005,881039778
8006,660055908
8007,853829492
8008,613398695
8009,159698526
8010,782877246
8011,211464366
8012,135211989
8013,395854154
8014,889807656
8015,52354271
8016,714971786
8017,234153761
8018,707353842
8019,544924929
8020,504940468
8021,290910861
8022,964463849
8023,825441375
8024,202161115
8025,26167521
8026,558167471
8027,114922553
8028,504891179
8029,850746034
8030,278752134
8031,687727205
8032,372791598
8033,663333424
8034,73638369
8035,627301316
8036,990464886
8037,276972430
8038,925015567
8039,560427841
8040,184653977
8041,686540857
8042,908278454
8043,920761167
8044,62181499
8045,379517422
8046,552213799
8047,727765345
8048,217471494
8049,309519895
8050,678027307
8051,295096290
8052,568878426
8053,238063982
8054,469774703
8055,80396239
8056,476884326
8057,902790660
8058,853739231
8059,845747840
8060,852866503
8061,529162615
8062,573757386
8063,665781506
8064,274479959
8065,963712968
8066,287226198
8067,996949262
8068,625864715
8069,73167110
8070,72563918
8071,916999135
8072,406781936
8073,186493907
8074,238532241
8075,2741684
8076,70092945
8077,609451251
8078,540294939
8079,132016093
8080,949442379
8081,297838230
8082,320523999
8083,458818939
8084,486478675
8085,946846637
8086,56661114
8087,325661412
8088,401435472
8089,472627974
8090,26643281
8091,319670886
8092,357269548
8093,944424234
8094,87289597
8095,534341523
8096,473795554
8097,538696807
8098,642997852
8099,276069207
8100,791550437
8101,752541348
8102,98773958
8103,757682923
8104,321407691
8105,202760910
8106,504269648
8107,969090208
8108,182859918
8109,131421030
8110,31095326
8111,356674913
8112,808206799
8113,929958397
8114,393832705
8115,710198424
8116,588211394
8117,346321255
8118,151373414
8119,407411203
8120,523445275
8121,826173894
8122,783833874
8123,323875776
8124,453407357
8125,40225455
8126,5980684
8127,4081868
8128,315868404
8129,157005572
8130,707050212
8131,547454798
8132,971286098
8133,237658523
8134,707328477
8135,668187798
8136,83078555
8137,357356219
8138,415449480
8139,451922467
8140,375796662
8141,490542588
8142,460215681
8143,389716897
8144,825551495
8145,756644476
8146,510168950
8147,476059961
8148,493063819
8149,315204327
8150,50646324
8151,974158962
8152,423978868
8153,112426487
8154,132007000
8155,972861700
8156,363555214
8157,364988501
8158,899013300
8159,616033134
8160,917844722
8161,951437142
8162,192486991
8163,125474114
8164,57252285
8165,79997941
8166,186702253
8167,447499042
8168,796340959
8169,957272668
8170,309206073
8171,18217622
8172,210216004
8173,447288362
8174,230619431
8175,100088669
8176,268456769
8177,17905202
8178,484236815
8179,582208057
8180,715449976
8181,310443359
8182,39276257
8183,132920190
8184,669144472
8185,79920151
8186,53634602
8187,586129335
8188,478923332
8189,729426462
8190,877217594
8191,242565738
8192,722371399
8193,790105560
8194,368333326
8195,91289534
8196,792398946
8197,737158497
8198,935210816
8199,465045504
8200,255532035
8201,406641452
8202,146078990
8203,536295666
8204,890587543
8205,468717456
8206,631925728
8207,461028650
8208,975284407
8209,909224988
8210,840638875
8211,399989511
8212,233848092
8213,689927346
8214,809769002
8215,127347038
8216,752988862
8217,717373555
8218,904379697
8219,857719748
8220,343185426
8221,890760209
8222,124476012
8223,185953959
8224,224585115
8225,50505037
8226,475086032
8227,153759310
8228,145542167
8229,296868533
8230,193129786
8231,583037885
8232,451069333
8233,973713186
8234,141255770
8235,848066636
8236,582090810
8237,327417035
8238,123556948
8239,124329831
8240,470731156
8241,735588991
8242,535975188
8243,890513583
8244,690901367
8245,34233883
8246,939150357
8247,236035498
8248,42880132
8249,264875161
8250,929396299
8251,59764730
8252,998728450
8253,293523711
8254,105282501
8255,560930050
8256,400020076
8257,980005191
8258,676280703
8259,630857979
8260,859422456
8261,128169913
8262,731817054
8263,860049223
8264,265700353
8265,487395868
8266,172758414
8267,861067834
8268,640233727
8269,919858777
8270,424281911
8271,148772038
8272,416812748
8273,539249712
8274,584604214
8275,807941845
8276,813273730
8277,2359765
8278,367524656
8279,494192809
8280,253003248
8281,308199318
8282,499853434
8283,666167435
8284,68864298
8285,166559554
8286,183613235
8287,280252844
8288,508528204
8289,113393896
8290,669662702
8291,985915870
8292,496957769
8293,799618445
8294,495589414
8295,863815120
8296,860656329
8297,262301310
8298,971037649
8299,863531258
8300,483957369
8301,361465328
8302,625856586
8303,353461451
8304,100534470
8305,756696364
8306,540224274
8307,813925442
8308,907606423
8309,929406700
8310,294308521
8311,545600737
8312,800770541
8313,27770711
8314,807907887
8315,471157751
8316,805754780
8317,415581208
8318,688792284
8319,245497774
8320,289447772
8321,386160837
8322,795761729
8323,695915759
8324,226332154
8325,786695936
8326,951062854
8327,504855144
8328,397144662
8329,900376420
8330,998834439
8331,761371868
8332,266972717
8333,280429539
8334,154298780
8335,242625622
8336,792087710
8337,422462639
8338,418221499
8339,905350622
8340,405562297
8341,320910286
8342,250502124
8343,722368089
8344,613195087
8345,283609678
8346,651272640
8347,232348026
8348,965140102
8349,909188945
8350,987274635
8351,66531170
8352,645020885
8353,59752297
8354,375505367
8355,385466155
8356,209978732
8357,824974710
8358,785330549
8359,813209604
8360,856427318
8361,694553511
8362,317149138
8363,298802138
8364,888791995
8365,278650706
8366,877421987
8367,396966389
8368,374847882
8369,140262207
8370,629447082
8371,455344165
8372,99337374
8373,522280495
8374,790864059
8375,899248788
8376,880937923
8377,686576128
8378,864026245
8379,709919322
8380,166697684
8381,804290048
8382,78547736
8383,646560084
8384,780909492
8385,585315757
8386,779763427
8387,493481909
8388,55580837
8389,337654816
8390,969105868
8391,847413459
8392,521208935
8393,866322063
8394,2104483
8395,584175413
8396,633205025
8397,219513567
8398,854418740
8399,5067221
8400,341095711
8401,667282154
8402,289811535
8403,759158017
8404,966253
8405,753343693
8406,609036911
8407,249125151
8408,230830232
8409,57967159
8410,380717241
8411,538795504
8412,12114904
8413,582773516
8414,261763835
8415,484775999
8416,941594836
8417,799484468
8418,451061230
8419,833032910
8420,796333969
8421,118859746
8422,810580781
8423,390471090
8424,9338913
8425,280591020
8426,19821110
8427,236519608
8428,677491440
8429,779899332
8430,314155107
8431,538812502
8432,333990031
8433,14290162
8434,453596816
8435,954367999
8436,444563643
8437,856940082
8438,715386236
8439,365129437
8440,580242099
8441,569856835
8442,365092838
8443,692148476
8444,477606482
8445,868144680
8446,74933535
8447,315427422
8448,28170549
8449,726669675
8450,982676463
8451,381011508
8452,149372162
8453,973152214
8454,120919559
8455,593977731
8456,776197463
8457,395491895
8458,761106675
8459,804865237
8460,57578980
8461,91333802
8462,728076249
8463,382151582
8464,360498099
8465,642601517
8466,78410279
8467,345409133
8468,298840481
8469,781871430
8470,437781810
8471,437833762
8472,137695893
8473,964792325
8474,507931184
8475,179515650
8476,829825586
8477,659304071
8478,208405394
8479,309233593
8480,461983220
8481,597879679
8482,629019963
8483,756567253
8484,598114361
8485,421399129
8486,684152781
8487,400479829
8488,71877339
8489,442819093
8490,119524794
8491,820816448
8492,817128127
8493,620303391
8494,291828510
8495,502259037
8496,870571260
8497,748150470
8498,471820586
8499,934798385
8500,581118290
8501,374099995
8502,25809310
8503,89793431
8504,750550554
8505,378101950
8506,582421464
8507,555059480
8508,442024189
8509,501470177
8510,829387039
8511,339018583
8512,836834826
8513,612325835
8514,625479992
8515,980898879
8516,757614342
8517,484774768
8518,537392184
8519,528880999
8520,932093160
8521,956753632
8522,406298757
8523,464736410
8524,266506584
8525,736534034
8526,366287977
8527,139092191
8528,127075249
8529,18283459
8530,345873000
8531,934946365
8532,922526014
8533,463757231
8534,922384521
8535,233289888
8536,532932812
8537,958222330
8538,922290186
8539,504203277
8540,382646931
8541,449851344
8542,507527477
8543,979481415
8544,161000204
8545,173967835
8546,281670638
8547,953354827
8548,683670694
8549,683221831
8550,235440767
8551,945443221
8552,89994043
8553,576265182
8554,579093596
8555,841073094
8556,340950104
8557,753187002
8558,211846087
8559,208187478
8560,667056821
8561,731108296
8562,450983468
8563,557180817
8564,789450021
8565,427717309
8566,379775947
8567,2433800
8568,188880206
8569,411432454
8570,789342615
8571,873608999
8572,405718635
8573,140088575
8574,64892412
8575,983506226
8576,996293935
8577,374903797
8578,419597999
8579,502389421
8580,973605607
8581,337209019
8582,444786323
8583,65320082
8584,464548962
8585,983753189
8586,611650520
8587,642800197
8588,792578246
8589,931957083
8590,959064865
8591,99584923
8592,888288632
8593,796600956
8594,97615977
8595,176814038
8596,245472064
8597,316028173
8598,258533402
8599,451365729
8600,192439993
8601,355074340
8602,317234259
8603,383687266
8604,92905656
8605,233080366
8606,809896286
8607,808400801
8608,417862093
8609,871993800
8610,514628714
8611,850915976
8612,351231189
8613,542147332
8614,815412250
8615,411445602
8616,926624488
8617,81251212
8618,730422503
8619,843849391
8620,574178919
8621,678451004
8622,169985241
8623,668185208
8624,621544220
8625,514491583
8626,177159838
8627,232092671
8628,598812763
8629,597319693
8630,423402597
8631,824165947
8632,391014894
8633,92266150
8634,920268149
8635,576371438
8636,970532096
8637,834064852
8638,538340755
8639,267774250
8640,786869942
8641,357009042
8642,378140786
8643,467251036
8644,405833908
8645,506021236
8646,460972728
8647,56521091
8648,565650321
8649,761791634
8650,383754381
8651,563947810
8652,212663713
8653,281321181
8654,138137080
8655,454322978
8656,74120613
8657,619040371
8658,631502806
8659,51454317
8660,712757478
8661,136477196
8662,446644104
8663,85220051
8664,256327142
8665,898965431
8666,715688865
8667,9104116
8668,306715713
8669,65674409
8670,317096142
8671,146630696
8672,197230869
8673,916661975
8674,267377130
8675,360397717
8676,871411920
8677,827848878
8678,903221238
8679,926994661
8680,459689148
8681,377626749
8682,220620280
8683,934984975
8684,826405666
8685,75991591
8686,562726243
8687,345748871
8688,867891464
8689,240870886
8690,59115984
8691,496803753
8692,93924505
8693,846839809
8694,86042230
8695,462377249
8696,757022139
8697,808228277
8698,925878855
8699,80949195
8700,677377177
8701,64868168
8702,60591429
8703,826533853
8704,70218934
8705,519520261
8706,1331118
8707,933116636
8708,850628344
8709,881011890
8710,674303374
8711,588720468
8712,657715215
8713,419591598
8714,264301128
8715,699473229
8716,671078583
8717,289395173
8718,230533789
8719,391983564
8720,489971342
8721,3931368
8722,784136530
8723,332143692
8724,30971242
8725,182690320
8726,332082877
8727,192866439
8728,481773366
8729,478426038
8730,217411847
8731,3262037
8732,559713601
8733,887456234
8734,83919302
8735,80728880
8736,209466687
8737,553241577
8738,438628858
8739,863084458
8740,967118431
8741,399863720
8742,187170031
8743,829172170
8744,141634315
8745,906581662
8746,471214863
8747,787131512
8748,317869354
8749,676500311
8750,883623957
8751,3440461
8752,231062343
8753,29642338
8754,901582161
8755,363862377
8756,398567473
8757,933820937
8758,97289429
8759,967864557
8760,868813169
8761,27999968
8762,806461295
8763,11002151
8764,870910950
8765,255185518
8766,461446516
8767,635461283
8768,634504198
8769,265896930
8770,170216228
8771,14486201
8772,805103489
8773,638430550
8774,770039175
8775,50422001
8776,972135174
8777,533323177
8778,638380583
8779,985488789
8780,430546393
8781,344410409
8782,866956542
8783,503524899
8784,723408888
8785,375691179
8786,549377182
8787,108784297
8788,702758006
8789,735866924
8790,305658437
8791,861884408
8792,165289243
8793,83319299
8794,202272100
8795,298553238
8796,468634655
8797,116063634
8798,767341376
8799,310392115
8800,704778237
8801,473248882
8802,394099349
8803,435699953
8804,507917643
8805,52283263
8806,849129259
8807,232046566
8808,52655423
8809,994949822
8810,585748058
8811,777486100
8812,162130180
8813,56519861
8814,447338310
8815,885338142
8816,28706507
8817,73674172
8818,206340919
8819,233589180
8820,721343798
8821,747665144
8822,559340985
8823,761890350
8824,7393349
8825,713244613
8826,930456193
8827,340456491
8828,32854984
8829,331656885
8830,269839361
8831,25176088
8832,369076296
8833,844801040
8834,777494825
8835,249352535
8836,549245636
8837,391251980
8838,78118090
8839,770286206
8840,445598689
8841,921628654
8842,309340360
8843,241171483
8844,553383020
8845,458781482
8846,789696325
8847,836468613
8848,834227765
8849,865967596
8850,501693329
8851,360793114
8852,721758568
8853,753715296
8854,408136047
8855,789086483
8856,326462935
8857,215835725
8858,645134185
8859,874507507
8860,523917792
8861,50543550
8862,819712815
8863,565956810
8864,158089214
8865,804334606
8866,360063554
8867,698955536
8868,516152031
8869,893011427
8870,578362681
8871,111510976
8872,137125433
8873,53982628
8874,471910893
8875,743238111
8876,204478403
8877,455533247
8878,973484682
8879,89673797
8880,792009765
8881,275712056
8882,235560824
8883,937562203
8884,51697808
8885,198239828
8886,763895368
8887,111874181
8888,734081887
8889,813064376
8890,151813642
8891,192760867
8892,106728012
8893,73974263
8894,83506767
8895,279370024
8896,401059041
8897,531217930
8898,213687295
8899,269988737
8900,7330446
8901,420133141
8902,73389177
8903,433413971
8904,143401694
8905,420762676
8906,641990539
8907,776263989
8908,785840421
8909,923947669
8910,17006445
8911,165944807
8912,880698959
8913,505588286
8914,124086046
8915,787169108
8916,399799741
8917,296559819
8918,610997189
8919,930129597
8920,521221807
8921,126679536
8922,75743034
8923,247212854
8924,315570706
8925,966180643
8926,569713201
8927,34242304
8928,961489703
8929,350324905
8930,964523964
8931,943485988
8932,688381109
8933,904107533
8934,3989562
8935,188264620
8936,654055707
8937,294484189
8938,311736414
8939,458477193
8940,90752682
8941,539946726
8942,670509393
8943,912343116
8944,600719043
8945,469466306
8946,363498737
8947,347081176
8948,902451873
8949,451302018
8950,352260374
8951,826549387
8952,786120700
8953,872591438
8954,796676076
8955,827251137
8956,809321552
8957,872018068
8958,714624261
8959,586785635
8960,851016821
8961,354760483
8962,376954644
8963,869291871
8964,388189109
8965,583906245
8966,489754667
8967,671577903
8968,787018470
8969,671572538
8970,254042750
8971,706680998
8972,484650137
8973,209009280
8974,752835258
8975,474991948
8976,626103836
8977,582326351
8978,777905472
8979,171879107
8980,175224342
8981,248577693
8982,283382596
8983,142038972
8984,833268936
8985,800209417
8986,619589245
8987,875329206
8988,214935417
8989,287166847
8990,3059656
8991,655262386
8992,619024233
8993,542946325
8994,19506648
8995,624429671
8996,997235456
8997,462808786
8998,941345522
8999,266438410
9000,582856443
9001,814585408
9002,718742987
9003,70806150
9004,299824086
9005,899683415
9006,891721589
9007,752868334
9008,642148009
9009,318216442
9010,802060709
9011,469975127
9012,591871599
9013,756645027
9014,139272680
9015,761573143
9016,992510370
9017,928626989
9018,308440906
9019,424160982
9020,111382375
9021,275817787
9022,64004007
9023,884626849
9024,480136271
9025,105106028
9026,998775790
9027,170839794
9028,446604082
9029,236079998
9030,852757803
9031,932935224
9032,531113556
9033,205197878
9034,291992145
9035,637675436
9036,833782939
9037,729136619
9038,122403217
9039,774029220
9040,520654588
9041,715305040
9042,735863888
9043,539158540
9044,652804421
9045,596312917
9046,827422011
9047,147862792
9048,976798919
9049,583345152
9050,506016992
9051,327636127
9052,141058966
9053,892239233
9054,767119325
9055,539420902
9056,87000625
9057,771437943
9058,912014254
9059,443555696
9060,493196349
9061,827624254
9062,223360417
9063,135803658
9064,387827292
9065,90813882
9066,426323562
9067,237282414
9068,870278904
9069,595524157
9070,6274039
9071,597179368
9072,105874343
9073,73071106
9074,283303576
9075,763538873
9076,240981572
9077,12388683
9078,186851501
9079,268972728
9080,96201629
9081,570358746
9082,453274049
9083,40036051
9084,268736758
9085,916741152
9086,98650240
9087,947438273
9088,395309888
9089,144467716
9090,65211847
9091,911115269
9092,629879850
9093,822779421
9094,810783089
9095,708250521
9096,157173118
9097,413676456
9098,206245443
9099,853481283
9100,820874370
9101,241701934
9102,401683287
9103,283080910
9104,537939753
9105,815676328
9106,554505768
9107,848969056
9108,530483670
9109,966278792
9110,933031589
9111,958817825
9112,776875026
9113,673934155
9114,767968326
9115,934681170
9116,183923890
9117,511789929
9118,408219931
9119,912227435
9120,196592749
9121,170317985
9122,79348997
9123,982006986
9124,1207275
9125,637732714
9126,534948122
9127,4696336
9128,136775832
9129,912456198
9130,635870131
9131,574032860
9132,531206987
9133,11483621
9134,201869471
9135,429073357
9136,901993788
9137,191816952
9138,743244658
9139,79591893
9140,651780031
9141,169314153
9142,516287009
9143,58689138
9144,377767219
9145,320327653
9146,433039102
9147,241427588
9148,669670066
9149,137165640
9150,653846698
9151,583834153
9152,660726371
9153,171172080
9154,560924244
9155,60077453
9156,34615917
9157,350302527
9158,21718978
9159,282378003
9160,203821840
9161,202006848
9162,356127886
9163,11427927
9164,143820215
9165,848737625
9166,220772188
9167,13835278
9168,578889317
9169,531262228
9170,965459859
9171,408531607
9172,66373806
9173,375240524
9174,71024905
9175,982986612
9176,546144917
9177,910122889
9178,495349101
9179,188966113
9180,538736893
9181,258612964
9182,669592235
9183,427931172
9184,340565965
9185,52875618
9186,82630728
9187,404247503
9188,697276720
9189,487100196
9190,222085039
9191,400907840
9192,493116146
9193,293242314
9194,429638922
9195,719698043
9196,742309427
9197,430800067
9198,841738896
9199,444244568
9200,220969766
9201,858325216
9202,558991143
9203,456379557
9204,745080438
9205,88854636
9206,776833809
9207,840387021
9208,558979829
9209,310777476
9210,336488634
9211,185677885
9212,598773826
9213,145377097
9214,398356690
9215,889999630
9216,139972561
9217,941822713
9218,878335106
9219,779207568
9220,250033596
9221,390364265
9222,529311349
9223,779062329
9224,67186140
9225,974408271
9226,522221685
9227,49764305
9228,867772432
9229,847385580
9230,786676232
9231,975386578
9232,545115645
9233,946547733
9234,719848982
9235,174511522
9236,241033911
9237,93214210
9238,13318513
9239,693466648
9240,511065376
9241,695897418
9242,176608656
9243,367629569
9244,560560032
9245,67977445
9246,180405068
9247,876651475
9248,486292187
9249,790583997
9250,859385473
9251,707398233
9252,871440042
9253,223607538
9254,36591292
9255,33716698
9256,893752236
9257,686568122
9258,111010728
9259,832031117
9260,114055207
9261,15679538
9262,507605040
9263,124579061
9264,445165617
9265,709217596
9266,781350105
9267,295599726
9268,816628084
9269,25422612
9270,483731050
9271,218764721
9272,762992289
9273,984697873
9274,118773616
9275,683739183
9276,575132061
9277,318049578
9278,583664331
9279,564797405
9280,207545962
9281,539611683
9282,861781482
9283,507349078
9284,862007889
9285,240534058
9286,17099067
9287,98671590
9288,741184584
9289,361685255
9290,646991119
9291,109508020
9292,933324439
9293,460174993
9294,233855567
9295,350534318
9296,57883578
9297,282275027
9298,309777294
9299,97060015
9300,994163473
9301,642142680
9302,312781933
9303,971938972
9304,121737086
9305,761814479
9306,338918400
9307,352926070
9308,538679810
9309,437922054
9310,8584760
9311,222981295
9312,351394853
9313,316322006
9314,169017513
9315,215315931
9316,815666381
9317,762677786
9318,569538299
9319,384418085
9320,559463302
9321,85320584
9322,338531716
9323,362000049
9324,560768275
9325,231590347
9326,926312592
9327,65197072
9328,842534124
9329,568560854
9330,752743811
9331,695220757
9332,651033966
9333,223412507
9334,578608887
9335,953113169
9336,298857271
9337,229314527
9338,32060029
9339,147345946
9340,574715095
9341,29959962
9342,839670082
9343,186000345
9344,24506706
9345,886653359
9346,946780777
9347,577377541
9348,302728688
9349,244274106
9350,871777353
9351,496408527
9352,801388535
9353,669870089
9354,464239053
9355,784606470
9356,39822068
9357,976772245
9358,448428674
9359,398703481
9360,324616006
9361,427810401
9362,58458688
9363,772091523
9364,856221905
9365,110511967
9366,81687852
9367,223398159
9368,173817559
9369,533223629
9370,418268228
9371,580109018
9372,396344899
9373,919250532
9374,749253138
9375,398969430
9376,914773169
9377,390231820
9378,924031075
9379,187619718
9380,510238547
9381,868763868
9382,697710509
9383,880039665
9384,352932784
9385,882692541
9386,108173348
9387,738430714
9388,670288681
9389,656925743
9390,413830131
9391,483649695
9392,838949710
9393,295636670
9394,870980666
9395,797241010
9396,680404838
9397,63613940
9398,167771666
9399,528205666
9400,856954142
9401,130316615
9402,578077866
9403,942307611
9404,784857344
9405,150210108
9406,971691798
9407,358399724
9408,787680311
9409,918122886
9410,942051647
9411,626222701
9412,677582897
9413,91010572
9414,143394197
9415,527245740
9416,463070479
9417,259507561
9418,261666090
9419,202314484
9420,548563458
9421,768215886
9422,738488693
9423,476904679
9424,686924490
9425,883801796
9426,618582924
9427,126260065
9428,453168661
9429,995071660
9430,621292548
9431,532609535
9432,943180633
9433,145437969
9434,284936201
9435,504815702
9436,383147700
9437,446133499
9438,609150714
9439,341500964
9440,338175500
9441,4811882
9442,783412554
9443,3431944
9444,939187143
9445,978066893
9446,301546299
9447,951135818
9448,540804688
9449,716322188
9450,921891101
9451,634638539
9452,842991422
9453,704429112
9454,968193284
9455,689593022
9456,698114953
9457,200321536
9458,806201856
9459,885447020
9460,185650080
9461,936833484
9462,181725251
9463,486819236
9464,96308187
9465,893714879
9466,33229169
9467,594223267
9468,650534441
9469,623226662
9470,237727609
9471,919258338
9472,130939482
9473,806954119
9474,439435263
9475,888436383
9476,863884448
9477,808324879
9478,245678066
9479,775906542
9480,498286787
9481,727406100
9482,218184776
9483,80322156
9484,677723296
9485,684656353
9486,720818389
9487,989344784
9488,813351494
9489,199256682
9490,280305679
9491,788075189
9492,739978425
9493,427061794
9494,952125499
9495,851714674
9496,968627293
9497,826136723
9498,773278486
9499,115949938
9500,883278147
9501,272893354
9502,847212947
9503,332031717
9504,987451069
9505,475879239
9506,709793872
9507,710134279
9508,112661951
9509,416964928
9510,282942277
9511,337029125
9512,262356785
9513,21005244
9514,126883070
9515,431424823
9516,310544694
9517,67935554
9518,77314430
9519,828012478
9520,14778875
9521,946324748
9522,87872055
9523,320208673
9524,762038829
9525,783350367
9526,673962800
9527,771428160
9528,803115966
9529,526906072
9530,380724393
9531,472533954
9532,821395624
9533,436647348
9534,625916097
9535,780731524
9536,636355442
9537,462961479
9538,747338780
9539,42884927
9540,212788068
9541,608163124
9542,432762179
9543,673009527
9544,121657858
9545,534574950
9546,801828412
9547,720670757
9548,672136032
9549,19443570
9550,301840922
9551,334040690
9552,131962451
9553,859872412
9554,520493664
9555,724901310
9556,212052770
9557,114454818
9558,590356519
9559,512153075
9560,879041537
9561,907585664
9562,852387066
9563,991982897
9564,720649475
9565,579286876
9566,694029342
9567,557002781
9568,672462943
9569,721080085
9570,486184526
9571,614531420
9572,981485532
9573,658628183
9574,139574482
9575,873709152
9576,612897638
9577,722354099
9578,705189548
9579,310867150
9580,935965568
9581,321317279
9582,762472949
9583,934135780
9584,381422705
9585,898216210
9586,925842023
9587,973588076
9588,458158843
9589,421755722
9590,726931115
9591,678055487
9592,464623932
9593,518921126
9594,67825645
9595,452292241
9596,263021254
9597,435534847
9598,675303850
9599,440578292
9600,190896121
9601,373677545
9602,153355463
9603,473992593
9604,470107173
9605,610840396
9606,514099737
9607,961022525
9608,508059725
9609,677842923
9610,48906469
9611,55716289
9612,329180065
9613,859982175
9614,867029153
9615,341266920
9616,748163044
9617,215977614
9618,887177314
9619,39708615
9620,593991862
9621,228010272
9622,556534377
9623,358909930
9624,386559789
9625,52505773
9626,926221089
9627,245092850
9628,762743811
9629,685307226
9630,211843013
9631,85302512
9632,596722403
9633,60109789
9634,538851019
9635,330825944
9636,326030086
9637,791113032
9638,368197786
9639,199699327
9640,582761598
9641,897788089
9642,738226192
9643,119129649
9644,936701421
9645,583104900
9646,565072980
9647,457870931
9648,817340316
9649,924129002
9650,219039620
9651,683220823
9652,252089257
9653,206875899
9654,810468992
9655,922269236
9656,895909152
9657,801112412
9658,754127777
9659,253863797
9660,283621480
9661,117125465
9662,527564240
9663,453966801
9664,245013793
9665,859202604
9666,77796919
9667,881005125
9668,937963283
9669,604997069
9670,751677988
9671,227381600
9672,423038351
9673,52674214
9674,724858673
9675,208233715
9676,117528986
9677,800993989
9678,588155369
9679,724202394
9680,380164892
9681,180691324
9682,580279342
9683,348220011
9684,746474592
9685,711814115
9686,839130954
9687,601981359
9688,470412930
9689,714340421
9690,371501369
9691,900413332
9692,779293084
9693,780982051
9694,525178135
9695,686229718
9696,763218196
9697,5366320
9698,952856092
9699,760848021
9700,355482468
9701,906099209
9702,958303553
9703,864370018
9704,643699154
9705,483042254
9706,637920701
9707,106535778
9708,170193241
9709,596986280
9710,358024576
9711,142545520
9712,278847997
9713,904488486
9714,559832730
9715,326450328
9716,755495052
9717,765474716
9718,634154991
9719,164167591
9720,121743392
9721,51691287
9722,565236094
9723,821824184
9724,831595078
9725,519297539
9726,270183004
9727,469485165
9728,938305275
9729,142704037
9730,893554183
9731,997671028
9732,109647958
9733,693251539
9734,76615876
9735,912052492
9736,574813397
9737,80602230
9738,964448261
9739,976107612
9740,303020766
9741,390276214
9742,218242036
9743,535891788
9744,393137747
9745,611588726
9746,299181033
9747,168152953
9748,978165082
9749,484790435
9750,589984434
9751,246928217
9752,726755389
9753,380468385
9754,479736595
9755,898711918
9756,851321912
9757,337735571
9758,174739155
9759,240548276
9760,144222180
9761,678937276
9762,855001396
9763,225802266
9764,683804806
9765,841293856
9766,333518895
9767,650155430
9768,410365039
9769,705151343
9770,667916951
9771,969525764
9772,594669923
9773,458482721
9774,325182277
9775,880359048
9776,725656239
9777,220219612
9778,962187
9779,464521894
9780,243403761
9781,905745530
9782,844326535
9783,459527511
9784,418826477
9785,667628797
9786,619947123
9787,691161636
9788,996834557
9789,407645433
9790,246849640
9791,171813905
9792,587550198
9793,149896977
9794,540511672
9795,486185854
9796,188380499
9797,86264374
9798,733182640
9799,439563972
9800,17290752
9801,478932924
9802,314489107
9803,490696611
9804,475581204
9805,504433545
9806,105016065
9807,619022189
9808,718998621
9809,599941978
9810,863972987
9811,830559063
9812,75622656
9813,697532988
9814,58520651
9815,140470964
9816,39439101
9817,709583386
9818,785846806
9819,680047475
9820,566355068
9821,211209321
9822,321960446
9823,849345488
9824,779809617
9825,178920029
9826,190664146
9827,757099073
9828,995245323
9829,946195974
9830,461983967
9831,940988168
9832,36891332
9833,115033212
9834,169163657
9835,375357215
9836,105251548
9837,577339467
9838,554484490
9839,149540409
9840,930098477
9841,657034851
9842,743257226
9843,116570433
9844,489604787
9845,633339377
9846,648700488
9847,328731250
9848,943432165
9849,51067863
9850,563600299
9851,874819431
9852,18632964
9853,648704831
9854,158436867
9855,525489050
9856,490494897
9857,226891526
9858,177710478
9859,617255881
9860,408795624
9861,465276219
9862,851382738
9863,764924567
9864,246578292
9865,541735438
9866,798664253
9867,241920258
9868,3544834
9869,994622005
9870,250399396
9871,577359800
9872,610809674
9873,841987107
9874,491193379
9875,883892554
9876,975576299
9877,620012624
9878,974670947
9879,19144278
9880,687374403
9881,278982403
9882,460469035
9883,157450855
9884,694733826
9885,482313686
9886,985333531
9887,77614814
9888,432261027
9889,141001253
9890,775540009
9891,95243992
9892,467936002
9893,193337307
9894,194074778
9895,448923175
9896,727699505
9897,977921312
9898,813174476
9899,556680868
9900,263653279
9901,823325558
9902,253117510
9903,583698668
9904,825299157
9905,942718463
9906,979601855
9907,501807326
9908,848222807
9909,293229539
9910,712068924
9911,797913838
9912,786477317
9913,247411708
9914,860324062
9915,813965666
9916,618796745
9917,907366577
9918,372595262
9919,189667751
9920,211191679
9921,862557248
9922,930885918
9923,754342906
9924,307161541
9925,984840769
9926,362604879
9927,938549444
9928,243334643
9929,760604164
9930,689777030
9931,140881588
9932,938287932
9933,532816550
9934,686470484
9935,264847464
9936,435707258
9937,700520272
9938,396216625
9939,319604297
9940,140172190
9941,622670648
9942,765967065
9943,140069356
9944,561631610
9945,47324864
9946,493942501
9947,49452576
9948,898292186
9949,396359147
9950,229804481
9951,643571225
9952,503485331
9953,927384154
9954,903931357
9955,160235319
9956,360838534
9957,14922854
9958,326415063
9959,809619033
9960,483539594
9961,510866381
9962,671312031
9963,884872813
9964,348962076
9965,272116370
9966,567585903
9967,562301922
9968,945081947
9969,187609960
9970,324395119
9971,257953951
9972,630113385
9973,930446811
9974,797367896
9975,867105764
9976,877390084
9977,719374941
9978,514088017
9979,632415440
9980,19584304
9981,97174807
9982,825143320
9983,590350748
9984,659786189
9985,882268289
9986,151543714
9987,999942722
9988,644426984
9989,951872841
9990,875623439
9991,350097353
9992,961415671
9993,187980653
9994,359496202
9995,155349489
9996,231083104
9997,184756361
9998,204734195
9999,228596359
10000,112749588
10001,869346597
10002,640326949
10003,588550290
10004,748875572
10005,950854377
10006,599347142
10007,49342920
10008,414413137
10009,566626430
10010,513319545
10011,921321987
10012,198611635
10013,346041824
10014,618233535
10015,938369125
10016,504625052
10017,998076365
10018,594397408
10019,296141995
10020,585877838
10021,619375645
10022,571350320
10023,837245585
10024,661081002
10025,922903338
10026,13057243
10027,223610801
10028,530062006
10029,650880488
10030,345415626
10031,554924116
10032,255623796
10033,569693879
10034,143994274
10035,922656290
10036,262065282
10037,193321194
10038,870201596
10039,488093219
10040,236242414
10041,329920943
10042,645675383
10043,443270069
10044,238439912
10045,99855634
10046,23292490
10047,855308408
10048,752884326
10049,989680362
10050,176471568
10051,475198201
10052,660700486
10053,738519891
10054,711866411
10055,964454277
10056,85065501
10057,687365401
10058,341586648
10059,822676508
10060,856921571
10061,284171024
10062,779078159
10063,233772186
10064,586889415
10065,725810721
10066,702362834
10067,987985240
10068,567389789
10069,947647512
10070,688083631
10071,227646415
10072,687866406
10073,763160583
10074,553697484
10075,278468767
10076,927066580
10077,507099743
10078,127063592
10079,668978410
10080,482031841
10081,169807804
10082,145500988
10083,631467339
10084,33606421
10085,820900887
10086,198409490
10087,923297847
10088,310673594
10089,768796722
10090,448382176
10091,747941379
10092,687657328
10093,804393386
10094,972271691
10095,554878267
10096,429896341
10097,752566946
10098,574054759
10099,867632808
10100,646531992
10101,463363539
10102,547719452
10103,579974525
10104,891787097
10105,62456229
10106,712465611
10107,668149719
10108,897788161
10109,159013350
10110,629567767
10111,543320216
10112,565550632
10113,172012269
10114,587383973
10115,123889690
10116,422483987
10117,798653205
10118,286937857
10119,843722907
10120,985659897
10121,819149993
10122,133718889
10123,838690045
10124,654404800
10125,101474944
10126,779434963
10127,345916339
10128,312338748
10129,105801678
10130,818567969
10131,511581133
10132,981302218
10133,304840795
10134,237283259
10135,235334916
10136,253222200
10137,777016609
10138,64645303
10139,196931398
10140,101764288
10141,551143504
10142,774758468
10143,321504798
10144,487697706
10145,143677697
10146,515954495
10147,255104524
10148,984532008
10149,6144045
10150,213954660
10151,159078690
10152,252236573
10153,81024258
10154,707990266
10155,929587314
10156,41323223
10157,432625726
10158,106564196
10159,774394198
10160,636615429
10161,225249781
10162,820103284
10163,944389584
10164,826024359
10165,326531546
10166,974651491
10167,340034621
10168,478691369
10169,851399592
10170,865744620
10171,637345127
10172,411524425
10173,295778326
10174,920773279
10175,47543454
10176,411666193
10177,544826112
10178,26264108
10179,806842771
10180,651937276
10181,619370171
10182,240646879
10183,444677435
10184,30823527
10185,418801219
10186,706546713
10187,167244779
10188,957171072
10189,78689786
10190,731820439
10191,295206563
10192,992495323
10193,484086373
10194,901187914
10195,291881736
10196,788966372
10197,14714717
10198,277104550
10199,385432470
10200,991404213
10201,465453906
10202,974549092
10203,521030215
10204,983601524
10205,143429730
10206,771221274
10207,304913560
10208,36987608
10209,726524051
10210,422414968
10211,97344934
10212,118726904
10213,725861256
10214,366593499
10215,813916476
10216,269601393
10217,50189157
10218,896823716
10219,153545346
10220,377825762
10221,811048722
10222,677480425
10223,977606843
10224,103944912
10225,142982273
10226,883646771
10227,263098927
10228,858607714
10229,800194268
10230,643410302
10231,364323854
10232,809143022
10233,981820902
10234,85497835
10235,782039601
10236,419753566
10237,290434185
10238,334819365
10239,922083054
10240,619553516
10241,825029044
10242,411030785
10243,340595226
10244,990166065
10245,325799237
10246,14683912
10247,666629969
10248,717024957
10249,552268610
10250,749033730
10251,209671916
10252,503642833
10253,214270260
10254,283226974
10255,109747280
10256,335639673
10257,155744054
10258,49476251
10259,107076471
10260,201369531
10261,247933961
10262,240915290
10263,810877209
10264,336031261
10265,555525772
10266,411808621
10267,964654947
10268,207168722
10269,741037
10270,162629994
10271,498452488
10272,988460497
10273,947573311
10274,919371332
10275,142469336
10276,587303549
10277,793985737
10278,253528102
10279,96424733
10280,794014399
10281,272218436
10282,105713452
10283,81818592
10284,554522935
10285,585276737
10286,760564925
10287,34931942
10288,133258508
10289,669744632
10290,527209915
10291,618967402
10292,572569350
10293,618371910
10294,609182030
10295,992802415
10296,302510940
10297,783747137
10298,158117718
10299,914021857
10300,299199294
10301,251994583
10302,812137206
10303,899914975
10304,397147486
10305,245178302
10306,179808608
10307,783245175
10308,405659917
10309,626916988
10310,811897698
10311,85754253
10312,237640627
10313,407426806
10314,693276078
10315,805448010
10316,522950769
10317,877911524
10318,200805846
10319,922580341
10320,162685917
10321,116172408
10322,204351222
10323,73812751
10324,935054894
10325,130322763
10326,274816785
10327,218157472
10328,859510052
10329,821094303
10330,853464440
10331,864974767
10332,274275194
10333,881293335
10334,601651692
10335,32685282
10336,294106132
10337,998954357
10338,413049342
10339,377958547
10340,764552268
10341,471107715
10342,907370771
10343,369338435
10344,606328909
10345,16690238
10346,270085381
10347,778645924
10348,55222221
10349,249600348
10350,138559794
10351,806814549
10352,304820088
10353,579559891
10354,580067175
10355,141408931
10356,958599671
10357,614421536
10358,688313038
10359,528322414
10360,846503625
10361,778978434
10362,22773704
10363,267548456
10364,107835177
10365,675135248
10366,59435768
10367,969437643
10368,183559789
10369,530604476
10370,568158879
10371,333505455
10372,559821728
10373,699462702
10374,68835141
10375,904027854
10376,174137737
10377,716738779
10378,978072950
10379,242223936
10380,953295614
10381,297879782
10382,389284378
10383,409804047
10384,636500747
10385,350029782
10386,698421984
10387,208697793
10388,272467929
10389,539766727
10390,525477919
10391,623585563
10392,264394056
10393,548360108
10394,83888989
10395,304812499
10396,49370468
10397,716811658
10398,307711003
10399,632532680
10400,610183852
10401,137206478
10402,514553286
10403,87208100
10404,600135966
10405,127625353
10406,102843600
10407,698294598
10408,176729147
10409,781705612
10410,320238978
10411,764285072
10412,355838617
10413,198136379
10414,908202192
10415,409042407
10416,231607565
10417,171822330
10418,677436664
10419,936402363
10420,87079934
10421,601228306
10422,173515595
10423,902007290
10424,165622993
10425,175692971
10426,686540177
10427,299976911
10428,977201873
10429,274961588
10430,307693465
10431,748427773
10432,565312492
10433,141473230
10434,711015528
10435,293396680
10436,888650192
10437,41521507
10438,925274469
10439,936736207
10440,461436080
10441,738746016
10442,942540053
10443,364698568
10444,63388502
10445,316145054
10446,647931763
10447,157182871
10448,619527208
10449,977414786
10450,412069687
10451,529200531
10452,859672991
10453,190159592
10454,465278597
10455,999957768
10456,741127141
10457,767909748
10458,216958214
10459,995079700
10460,381588644
10461,708898308
10462,340411432
10463,603356825
10464,532283593
10465,788591547
10466,851148482
10467,84479363
10468,142724303
10469,974819147
10470,99541409
10471,361298953
10472,565516421
10473,962679324
10474,59445753
10475,470910109
10476,58196379
10477,970113537
10478,410622643
10479,542627532
10480,88398849
10481,616079170
10482,265728321
10483,187527547
10484,855007610
10485,310659750
10486,956963741
10487,465266965
10488,755449268
10489,39358356
10490,429300946
10491,167749240
10492,759199042
10493,869341012
10494,472733637
10495,21380432
10496,138385288
10497,251253584
10498,990816775
10499,260513595
10500,789737132
10501,447369253
10502,145006593
10503,766659771
10504,784799696
10505,314648581
10506,718786339
10507,441549415
10508,522967846
10509,891690961
10510,190716075
10511,801362162
10512,318960493
10513,395628148
10514,512532836
10515,524450738
10516,603583432
10517,33196389
10518,184305041
10519,561238413
10520,452954824
10521,564546308
10522,685613541
10523,54504725
10524,444475153
10525,932348350
10526,463632594
10527,348253090
10528,753074400
10529,24248757
10530,334812922
10531,133158094
10532,82696030
10533,18970577
10534,802098098
10535,907407173
10536,386789852
10537,503875899
10538,244049628
10539,759244055
10540,330983743
10541,221903473
10542,432856296
10543,215539025
10544,817308358
10545,10438412
10546,430083108
10547,104246585
10548,376243401
10549,854272997
10550,708332604
10551,234300112
10552,44648658
10553,747585736
10554,286336178
10555,504367730
10556,221241133
10557,627393156
10558,730794936
10559,146725292
10560,768487212
10561,33648061
10562,981109442
10563,883758175
10564,235969461
10565,240680162
10566,201048738
10567,681536058
10568,678658548
10569,624500649
10570,55314527
10571,651620544
10572,243404771
10573,713979867
10574,263615958
10575,880266371
10576,207012501
10577,675540633
10578,940993333
10579,709111627
10580,185750232
10581,414121530
10582,526346733
10583,67297273
10584,188326931
10585,104833204
10586,811694294
10587,512121541
10588,125390926
10589,881475620
10590,58865133
10591,355359381
10592,665321956
10593,444923960
10594,849401262
10595,432805293
10596,413405920
10597,681137985
10598,357912753
10599,353975762
10600,66458426
10601,34565070
10602,52388777
10603,897940279
10604,68715797
10605,196120210
10606,284383872
10607,62841166
10608,201884495
10609,82188306
10610,345365910
10611,776990816
10612,491568965
10613,809258262
10614,220878270
10615,475603715
10616,471341819
10617,854698662
10618,571736970
10619,530008260
10620,856079265
10621,300691493
10622,754871707
10623,946581084
10624,957853994
10625,784358763
10626,694973699
10627,233641359
10628,867191418
10629,567344645
10630,716905603
10631,547732812
10632,636401608
10633,249279566
10634,423331939
10635,771925577
10636,315643266
10637,957898217
10638,365055389
10639,384787227
10640,725981474
10641,417025843
10642,210928641
10643,339974711
10644,221745395
10645,155145518
10646,102925307
10647,77883851
10648,828673906
10649,505376372
10650,119097010
10651,366964507
10652,200727728
10653,658386863
10654,58423010
10655,30514989
10656,655241504
10657,267945203
10658,87700004
10659,621751397
10660,732832468
10661,217493824
10662,747768546
10663,782116913
10664,407635000
10665,672315802
10666,969705880
10667,325995717
10668,756543065
10669,543922649
10670,299319854
10671,408322624
10672,271737820
10673,46475894
10674,830130137
10675,407904384
10676,270041817
10677,915438853
10678,797470399
10679,786390901
10680,285359735
10681,170356109
10682,825403461
10683,908674892
10684,244815212
10685,803127048
10686,37387762
10687,171440179
10688,408005115
10689,370845954
10690,39658402
10691,987146767
10692,962765438
10693,937153874
10694,433215348
10695,316117407
10696,773819592
10697,172959307
10698,216588750
10699,278122166
10700,643488141
10701,100583718
10702,241638857
10703,336098699
10704,577075581
10705,275891726
10706,42001857
10707,352075456
10708,117713154
10709,917685226
10710,159035672
10711,321272330
10712,623405250
10713,201647331
10714,977443536
10715,842075011
10716,54514404
10717,84806893
10718,700356285
10719,394093857
10720,494198832
10721,29434529
10722,251726108
10723,90307869
10724,395650639
10725,280302546
10726,817724848
10727,21545916
10728,769772896
10729,311654543
10730,979468546
10731,79804291
10732,106947951
10733,672166394
10734,132921569
10735,436136040
10736,34277380
10737,569103538
10738,263640201
10739,777562871
10740,845009440
10741,135707975
10742,921916933
10743,229803702
10744,476440896
10745,130162099
10746,267357966
10747,742871439
10748,655179800
10749,498201308
10750,981349755
10751,748489015
10752,271715901
10753,166574287
10754,76360096
10755,403959882
10756,474334664
10757,570394926
10758,723363496
10759,965895151
10760,187018143
10761,78142278
10762,759484093
10763,210281472
10764,471362098
10765,234428423
10766,354515914
10767,232640154
10768,473710758
10769,86289948
10770,66059563
10771,835085968
10772,940117001
10773,866072718
10774,109355839
10775,686750847
10776,234254273
10777,609214413
10778,530322940
10779,349485187
10780,991817446
10781,786076700
10782,328509854
10783,818347583
10784,662768333
10785,452136917
10786,277505780
10787,403673723
10788,278688133
10789,571593993
10790,121492835
10791,437951559
10792,713190832
10793,47720041
10794,731154104
10795,830147446
10796,285549056
10797,539054187
10798,286478732
10799,832694019
10800,955996421
10801,685901598
10802,501322747
10803,52355203
10804,356686594
10805,822622673
10806,306814405
10807,458978296
10808,143990572
10809,31380105
10810,867156567
10811,330811166
10812,793931924
10813,774534279
10814,802337791
10815,243347558
10816,78687570
10817,36769245
10818,662928065
10819,531229483
10820,155459193
10821,138238293
10822,400658905
10823,124570143
10824,823890671
10825,657434593
10826,969171079
10827,717812584
10828,289481282
10829,669806710
10830,587983368
10831,619658309
10832,419961193
10833,365763061
10834,303981547
10835,155540473
10836,935008757
10837,523747621
10838,143378066
10839,858210040
10840,656637536
10841,122673135
10842,148883042
10843,650867457
10844,554305695
10845,439680169
10846,673012970
10847,748347947
10848,601504239
10849,497626046
10850,519799189
10851,899476620
10852,473536157
10853,6409820
10854,307277630
10855,888901100
10856,549746951
10857,388635237
10858,818838091
10859,214607034
10860,611426641
10861,33023265
10862,883207290
10863,295563904
10864,533861873
10865,99950697
10866,282039900
10867,325019367
10868,733565914
10869,704424227
10870,521281045
10871,513038275
10872,813447779
10873,486483580
10874,356620562
10875,315142482
10876,977112182
10877,814137832
10878,707877292
10879,984168757
10880,506338137
10881,444029498
10882,282429073
10883,896663960
10884,921135940
10885,444609977
10886,712850751
10887,991199736
10888,895261039
10889,444516693
10890,356706960
10891,425234053
10892,957924990
10893,701117400
10894,754732875
10895,553838398
10896,788034591
10897,570205569
10898,983880634
10899,788726992
10900,491824111
10901,539879129
10902,351982917
10903,351593761
10904,493470716
10905,319538166
10906,669387631
10907,945332068
10908,115751285
10909,901786010
10910,969243934
10911,631036135
10912,162345466
10913,214051148
10914,754114678
10915,265019868
10916,896008489
10917,630684606
10918,74947645
10919,581279657
10920,735043521
10921,620470904
10922,975836869
10923,529517763
10924,512138806
10925,930938050
10926,473569850
10927,777917396
10928,304501054
10929,414164363
10930,233932555
10931,888771613
10932,850095
10933,663718339
10934,301214361
10935,437562352
10936,26470131
10937,131067246
10938,406832383
10939,446901622
10940,210780294
10941,414222967
10942,238390136
10943,364325423
10944,5861426
10945,572777050
10946,942270321
10947,340329721
10948,138666963
10949,146308572
10950,293565555
10951,571998326
10952,573750959
10953,986832632
10954,697323544
10955,640762540
10956,778028380
10957,745848015
10958,796514546
10959,743729732
10960,324558000
10961,440015042
10962,651004183
10963,815509486
10964,242298042
10965,316118173
10966,343246282
10967,56852615
10968,267337739
10969,969543762
10970,745354521
10971,616750976
10972,477252523
10973,89599386
10974,750788253
10975,76664307
10976,652866515
10977,935057361
10978,483989691
10979,41995035
10980,645349623
10981,825180332
10982,362366775
10983,300509081
10984,575983735
10985,515639130
10986,954226011
10987,707150553
10988,449340484
10989,377783926
10990,924830835
10991,504133370
10992,884493828
10993,312543023
10994,756593558
10995,662361336
10996,687302969
10997,614782142
10998,324801198
10999,698333641
11000,912766574
11001,913681020
11002,703540705
11003,501067028
11004,889963873
11005,892917062
11006,220901087
11007,823076071
11008,386506181
11009,771504369
11010,583860004
11011,350426066
11012,116590649
11013,42249316
11014,813860342
11015,782626967
11016,941594323
11017,501913741
11018,827979671
11019,11508540
11020,146996534
11021,482970266
11022,908534020
11023,940013473
11024,94573790
11025,152427642
11026,730738846
11027,881298053
11028,8066818
11029,738337320
11030,529502569
11031,50670539
11032,312699736
11033,571890014
11034,639259155
11035,943600186
11036,118833759
11037,38341387
11038,738418909
11039,353326813
11040,767830733
11041,422808522
11042,811783636
11043,536166703
11044,697795825
11045,791445784
11046,753929855
11047,360869912
11048,84418113
11049,401250423
11050,479500240
11051,472111998
11052,577308208
11053,119408018
11054,443330177
11055,510547462
11056,140410891
11057,106798080
11058,400827373
11059,594679303
11060,264606743
11061,784296384
11062,625015211
11063,656802727
11064,944121905
11065,368527525
11066,568183264
11067,170773716
11068,966706552
11069,880716240
11070,726730184
11071,907846636
11072,31021930
11073,584970359
11074,540135160
11075,176212985
11076,812368258
11077,661525487
11078,523330549
11079,60863347
11080,622476508
11081,606633874
11082,269981823
11083,730453388
11084,385992404
11085,101182461
11086,844905110
11087,25868364
11088,29714680
11089,772418359
11090,122579088
11091,215858936
11092,168457147
11093,764337675
11094,79516537
11095,301342760
11096,4207971
11097,369681386
11098,527703615
11099,509085618
11100,8467953
11101,900150221
11102,212562271
11103,190997446
11104,541779461
11105,10978217
11106,501128835
11107,995491004
11108,226354447
11109,350030177
11110,605855809
11111,373052922
11112,364339786
11113,593831268
11114,617472144
11115,785398297
11116,883400488
11117,930759275
11118,498945156
11119,841625694
11120,187085262
11121,373804259
11122,94291000
11123,644370269
11124,14755451
11125,56219883
11126,360890316
11127,768395281
11128,92838413
11129,197287243
11130,990410470
11131,71296790
11132,82204523
11133,954611272
11134,742665117
11135,874630499
11136,178161024
11137,952858533
11138,302535323
11139,856880206
11140,753383035
11141,123661457
11142,183665975
11143,613269879
11144,974601084
11145,845800706
11146,857862058
11147,705050341
11148,700378504
11149,353492520
11150,538087745
11151,650006584
11152,727765051
11153,504156216
11154,311595314
11155,174466608
11156,65947613
11157,49010852
11158,610813924
11159,813345783
11160,539923780
11161,174006171
11162,287020654
11163,507770358
11164,621688452
11165,266191391
11166,505590982
11167,583991800
11168,198209282
11169,634243143
11170,379313138
11171,810540184
11172,437182994
11173,725921541
11174,783124162
11175,754991557
11176,782401383
11177,710484551
11178,490056943
11179,559810605
11180,368435009
11181,201459231
11182,235388242
11183,705823646
11184,418004127
11185,540124778
11186,783351613
11187,819333028
11188,450878695
11189,288048720
11190,721421692
11191,798451301
11192,338390326
11193,554350542
11194,267394025
11195,856325894
11196,911996496
11197,659658927
11198,810039785
11199,912252290
11200,768534911
11201,381896169
11202,956837470
11203,15849334
11204,723767535
11205,388356182
11206,705240702
11207,461845807
11208,209219775
11209,753968138
11210,907276324
11211,813081839
11212,761081761
11213,951282205
11214,713199772
11215,761073577
11216,786922367
11217,546041701
11218,371548905
11219,780311179
11220,123689335
11221,600743271
11222,631395278
11223,922962829
11224,60400539
11225,100606715
11226,992151320
11227,605709947
11228,645985067
11229,91549505
11230,319352409
11231,157199560
11232,582274550
11233,603674588
11234,860214641
11235,640380251
11236,146307233
11237,219252235
11238,459999186
11239,770407487
11240,446268017
11241,852033128
11242,357006786
11243,646816927
11244,148084779
11245,483099055
11246,299400814
11247,652224688
11248,150371130
11249,506926964
11250,708289542
11251,939223120
11252,485420354
11253,265083874
11254,918766956
11255,720472742
11256,879298234
11257,278705075
11258,443680083
11259,498875989
11260,891572786
11261,124997551
11262,847488378
11263,962744715
11264,411351911
11265,828939641
11266,771025333
11267,610851946
11268,967410894
11269,241028909
11270,758223810
11271,313307582
11272,243656000
11273,292543025
11274,545588565
11275,722993483
11276,240396172
11277,718869053
11278,394330030
11279,599004
11280,522844153
11281,994613549
11282,839113222
11283,489318737
11284,875832188
11285,749885243
11286,139535908
11287,426721807
11288,598751393
11289,424459838
11290,316161514
11291,603378389
11292,831219416
11293,357291760
11294,952425274
11295,333845282
11296,818244582
11297,627260724
11298,181955251
11299,532846449
11300,604766929
11301,640814389
11302,635261701
11303,139319684
11304,301126463
11305,800579216
11306,105197084
11307,480405056
11308,955410303
11309,761540272
11310,390870555
11311,409638141
11312,393203659
11313,840402738
11314,610945202
11315,536961527
11316,727446287
11317,500450903
11318,598408185
11319,999512532
11320,71032898
11321,161034939
11322,79288381
11323,728893510
11324,662395202
11325,494312750
11326,300801887
11327,961205
11328,290732814
11329,729333966
11330,403925466
11331,750622119
11332,103036564
11333,571830109
11334,965809656
11335,627519229
11336,277998858
11337,557156209
11338,989801263
11339,844748778
11340,235702324
11341,405232914
11342,156451354
11343,344766864
11344,428834082
11345,659939057
11346,741520065
11347,108557603
11348,674120296
11349,452049913
11350,725691712
11351,586381076
11352,825298803
11353,351331419
11354,701480170
11355,133252542
11356,517428999
11357,490369622
11358,644386616
11359,976757311
11360,87251528
11361,305460633
11362,230007717
11363,812197145
11364,630243599
11365,150786788
11366,30241133
11367,743871989
11368,392800757
11369,748607539
11370,597308049
11371,395788240
11372,990569508
11373,185526120
11374,823556925
11375,371471554
11376,393571109
11377,845286816
11378,573914508
11379,798285398
11380,890451583
11381,288986246
11382,229014724
11383,598113734
11384,15594805
11385,64119077
11386,903210804
11387,924000344
11388,451258163
11389,275765795
11390,345849708
11391,999183924
11392,245891574
11393,36494134
11394,4364652
11395,215916427
11396,775396392
11397,772159946
11398,35475576
11399,590638232
11400,874625569
11401,540327053
11402,434791688
11403,733273560
11404,222902471
11405,94398654
11406,93275712
11407,74401303
11408,637619421
11409,99454518
11410,948808064
11411,983517912
11412,474442113
11413,315988294
11414,969949636
11415,882453937
11416,841074379
11417,705443383
11418,298880797
11419,84380563
11420,716421023
11421,57133431
11422,57239947
11423,879545134
11424,291667963
11425,299989335
11426,698868500
11427,676168249
11428,123519411
11429,175545873
11430,227008260
11431,789772656
11432,68547608
11433,792125267
11434,375237490
11435,135629766
11436,115299982
11437,930140786
11438,638454649
11439,564234078
11440,152044585
11441,997976030
11442,220911356
11443,643008128
11444,356521968
11445,741818819
11446,407763579
11447,600116115
11448,998842232
11449,490288342
11450,328321300
11451,951822816
11452,543424690
11453,789642551
11454,67278160
11455,632174851
11456,891101333
11457,159413951
11458,285410329
11459,1042528
11460,761775793
11461,427244870
11462,973156087
11463,734243751
11464,335274877
11465,774933338
11466,966154406
11467,375061340
11468,272631442
11469,731035322
11470,484669784
11471,428559571
11472,639676164
11473,378826615
11474,401384317
11475,744460611
11476,263764586
11477,684270825
11478,503141468
11479,734756732
11480,6182312
11481,142447216
11482,166987760
11483,942862969
11484,376428473
11485,954317911
11486,779404104
11487,339215114
11488,744558504
11489,871854113
11490,39169994
11491,467028178
11492,485177281
11493,17422218
11494,319537798
11495,777236556
11496,357063332
11497,95287873
11498,968679073
11499,464461385
11500,590527210
11501,234298612
11502,859331053
11503,419846654
11504,111529760
11505,541802692
11506,517593313
11507,228673186
11508,378611265
11509,642286938
11510,855741120
11511,161439957
11512,109332711
11513,867362229
11514,378943134
11515,134178547
11516,892504532
11517,212249202
11518,976980138
11519,860373656
11520,389438990
11521,606606176
11522,864166994
11523,824873500
11524,947028964
11525,624669831
11526,871668797
11527,564745518
11528,562400178
11529,295978337
11530,993317631
11531,816262297
11532,930653014
11533,734635424
11534,27615526
11535,535051142
11536,995596198
11537,763518474
11538,966057971
11539,414068550
11540,559580765
11541,39907329
11542,936910963
11543,1932738
11544,613426149
11545,599756490
11546,397398188
11547,728321822
11548,635493385
11549,830288851
11550,963021725
11551,234430727
11552,221080956
11553,417918829
11554,840705471
11555,279297001
11556,63248625
11557,4738771
11558,211703171
11559,404599926
11560,943391525
11561,525993867
11562,587790624
11563,563512119
11564,925827614
11565,279100292
11566,422680211
11567,293294922
11568,858792245
11569,531864773
11570,751765084
11571,905068294
11572,279198737
11573,855233422
11574,595541361
11575,106971520
11576,286441580
11577,717848442
11578,423374817
11579,146902634
11580,786815170
11581,338229784
11582,991264025
11583,772299818
11584,783973469
11585,56693029
11586,502816396
11587,551971292
11588,59163504
11589,95954984
11590,859891494
11591,473541786
11592,203574571
11593,969530466
11594,575537527
11595,892495016
11596,612014787
11597,264003003
11598,282244310
11599,493856137
11600,499003793
11601,294353664
11602,631657377
11603,510501751
11604,963615470
11605,348063223
11606,476677002
11607,929245614
11608,903011638
11609,398008077
11610,748841982
11611,578790451
11612,890632202
11613,851659244
11614,657867359
11615,482171994
11616,830610715
11617,424898536
11618,343781247
11619,220490499
11620,240100560
11621,455453937
11622,74637883
11623,944855329
11624,288735892
11625,380942993
11626,719589323
11627,758455766
11628,533425669
11629,832530280
11630,867198550
11631,528169183
11632,584004505
11633,260017776
11634,968754307
11635,750756915
11636,174705582
11637,818048667
11638,650148893
11639,784611700
11640,157130889
11641,189885326
11642,344568921
11643,564137952
11644,39001528
11645,285510872
11646,971702536
11647,979026349
11648,648893860
11649,820950759
11650,778129989
11651,181274539
11652,350926364
11653,522134050
11654,933728477
11655,159623346
11656,263636913
11657,652115909
11658,305278858
11659,248936023
11660,534703424
11661,184344096
11662,823657373
11663,343365256
11664,860571544
11665,77182729
11666,893988262
11667,860432579
11668,8149907
11669,535347882
11670,827924344
11671,773839837
11672,145001299
11673,85750385
11674,882972830
11675,678698647
11676,615913372
11677,529189063
11678,594813048
11679,511456306
11680,364738679
11681,882803858
11682,117814826
11683,64459881
11684,967337230
11685,582373279
11686,432787256
11687,106941136
11688,162757094
11689,339028193
11690,359257275
11691,11908223
11692,125401563
11693,359061519
11694,733865436
11695,897224377
11696,930442375
11697,383536365
11698,421964431
11699,76484505
11700,61624995
11701,587296992
11702,614765671
11703,651307431
11704,647608026
11705,154883788
11706,924924020
11707,796366038
11708,802770954
11709,589477371
11710,965584570
11711,375563163
11712,377551916
11713,138094308
11714,641436881
11715,395133921
11716,357173851
11717,281813267
11718,60092158
11719,585860972
11720,58610827
11721,877832279
11722,135846081
11723,806508883
11724,267937067
11725,569740186
11726,593147071
11727,176185772
11728,966496872
11729,296596547
11730,587470789
11731,963936542
11732,43239504
11733,278433039
11734,44585815
11735,295046443
11736,584046825
11737,591589528
11738,166602773
11739,379092725
11740,688611684
11741,880438350
11742,531464708
11743,726794903
11744,323697399
11745,954976916
11746,327055871
11747,876744472
11748,446246773
11749,698365606
11750,533534113
11751,193683662
11752,270243780
11753,160022868
11754,987053096
11755,541107469
11756,221312639
11757,344163344
11758,596368503
11759,601191349
11760,203693485
11761,797013838
11762,732642420
11763,7478690
11764,224973073
11765,797682591
11766,914024655
11767,521600092
11768,137766937
11769,961525136
11770,524667731
11771,389464946
11772,814403690
11773,170941156
11774,936592738
11775,52120330
11776,12586512
11777,351170860
11778,737522162
11779,42400196
11780,222713198
11781,573588827
11782,831152960
11783,984323279
11784,667366568
11785,59199334
11786,288349659
11787,480538810
11788,490753880
11789,60382612
11790,835879869
11791,694351326
11792,493183611
11793,328610402
11794,92997474
11795,496501832
11796,312105772
11797,87305496
11798,740432425
11799,364040709
11800,365122970
11801,32982509
11802,449429315
11803,195106736
11804,598172070
11805,893442345
11806,456307853
11807,381070032
11808,913062267
11809,638751870
11810,972655612
11811,737040027
11812,902622135
11813,711923023
11814,365858401
11815,62488417
11816,438165342
11817,62272905
11818,83024191
11819,249549308
11820,319503653
11821,809185374
11822,598901068
11823,957523304
11824,204980736
11825,780169316
11826,840642617
11827,511511491
11828,851939539
11829,744798130
11830,675721711
11831,144017702
11832,496564085
11833,799063495
11834,573010473
11835,861451052
11836,284509817
11837,671665325
11838,305889778
11839,197306189
11840,36756461
11841,831733001
11842,166065144
11843,571644607
11844,555668835
11845,616497135
11846,723034483
11847,273158511
11848,819053602
11849,668606305
11850,248868036
11851,595761803
11852,682250582
11853,252481343
11854,116534787
11855,722053239
11856,921846483
11857,548055077
11858,812096617
11859,546593691
11860,107192558
11861,889684874
11862,739300876
11863,147227764
11864,742862143
11865,615411263
11866,860120266
11867,164540788
11868,463428767
11869,323258942
11870,900648776
11871,544949444
11872,529937477
11873,72406758
11874,595411355
11875,688155070
11876,896690844
11877,952429267
11878,806758397
11879,62364158
11880,958135966
11881,612096639
11882,560817488
11883,823527294
11884,993049460
11885,481002312
11886,345975291
11887,87628213
11888,319577051
11889,636517820
11890,954186490
11891,440685958
11892,818888899
11893,823690054
11894,16936893
11895,421084439
11896,115774299
11897,549649558
11898,472961375
11899,513236610
11900,330410206
11901,714380791
11902,637415402
11903,405824111
11904,719185815
11905,142011038
11906,738072244
11907,47646073
11908,470450741
11909,976256035
11910,805240105
11911,722235930
11912,826908817
11913,769330858
11914,559270782
11915,655920169
11916,571876487
11917,257082332
11918,237087269
11919,595621067
11920,516078882
11921,127953078
11922,411138420
11923,418810702
11924,25468366
11925,826212240
11926,929592157
11927,731962440
11928,51652815
11929,325188498
11930,620793966
11931,372050759
11932,495037806
11933,545935501
11934,713865004
11935,164738197
11936,19792494
11937,762687132
11938,226236383
11939,674191727
11940,412590208
11941,108277552
11942,670677108
11943,888014907
11944,236945712
11945,14491922
11946,507173064
11947,302249644
11948,946897352
11949,797258588
11950,9150564
11951,945058881
11952,984268656
11953,842220168
11954,367028493
11955,270788781
11956,653708129
11957,311044651
11958,26544166
11959,374127474
11960,878826867
11961,733750287
11962,722099650
11963,162599653
11964,677459078
11965,403755574
11966,204519055
11967,145675257
11968,24859665
11969,383690944
11970,901557549
11971,137965178
11972,842724215
11973,690575631
11974,538613649
11975,448639215
11976,453014848
11977,457022777
11978,846467714
11979,13204272
11980,612345287
11981,491808304
11982,174114226
11983,436962564
11984,746773291
11985,614863255
11986,775176230
11987,412842597
11988,209292932
11989,530468259
11990,312767019
11991,702897921
11992,368956044
11993,110084295
11994,21738100
11995,206812498
11996,131915258
11997,427096323
11998,319513854
11999,488337482
12000,263031276
12001,246072537
12002,83429377
12003,350229895
12004,74888553
12005,284244937
12006,741995255
12007,414807228
12008,737002316
12009,993881978
12010,342814835
12011,915913753
12012,762040420
12013,819804660
12014,913330618
12015,460621629
12016,91483971
12017,734018335
12018,286557277
12019,449483992
12020,194952820
12021,899148567
12022,155154862
12023,131560391
12024,488687540
12025,965165498
12026,827452518
12027,946252402
12028,172317347
12029,478806129
12030,182593740
12031,205053142
12032,643644198
12033,998911881
12034,503590351
12035,106190241
12036,978898442
12037,862595216
12038,538920042
12039,719601170
12040,59154171
12041,929369220
12042,348171391
12043,364995471
12044,211159002
12045,881426915
12046,951520074
12047,689769210
12048,423315403
12049,13271678
12050,936708275
12051,548466793
12052,20668953
12053,694614628
12054,450467628
12055,595494311
12056,411482748
12057,228209326
12058,449494931
12059,546326786
12060,94923151
12061,574696078
12062,558109624
12063,952219712
12064,796908575
12065,11338364
12066,23463717
12067,118640594
12068,377629106
12069,783909335
12070,823365588
12071,120150177
12072,243892455
12073,397004169
12074,144451694
12075,941765323
12076,880871325
12077,240313731
12078,940286606
12079,323975934
12080,633165301
12081,431522506
12082,284430467
12083,764959104
12084,88257094
12085,241655439
12086,596422560
12087,606470166
12088,620903892
12089,466238451
12090,117327823
12091,42900606
12092,302794565
12093,955809530
12094,349766692
12095,460002167
12096,377098875
12097,113805481
12098,379780107
12099,570882885
12100,912600439
12101,5780078
12102,318671574
12103,383922816
12104,322336800
12105,404723900
12106,973149462
12107,896206570
12108,132098202
12109,395389407
12110,40152552
12111,415728461
12112,104228651
12113,166265159
12114,443995865
12115,305492745
12116,811234640
12117,612461391
12118,983981807
12119,861020871
12120,172690122
12121,428292854
12122,298356133
12123,718848616
12124,303684795
12125,347560374
12126,947975437
12127,489194560
12128,75407786
12129,198358296
12130,287840037
12131,844002667
12132,71297754
12133,16146947
12134,33182796
12135,925187284
12136,533743686
12137,488042713
12138,139739069
12139,33963463
12140,632881037
12141,101521764
12142,260763641
12143,17330551
12144,636161630
12145,634491964
12146,726174503
12147,759160419
12148,584431776
12149,919780739
12150,549957091
12151,304804038
12152,501505921
12153,530694591
12154,939181630
12155,350248151
12156,343455792
12157,576223056
12158,56186033
12159,834408860
12160,574193602
12161,281919021
12162,64086490
12163,7460199
12164,73543505
12165,545822847
12166,940317952
12167,325126306
12168,759387255
12169,675419687
12170,416400181
12171,153290595
12172,156888878
12173,581366783
12174,958770517
12175,173725560
12176,120814888
12177,310101054
12178,78648260
12179,246346047
12180,486877497
12181,73273766
12182,358296410
12183,122221703
12184,502520494
12185,470968108
12186,47981493
12187,586230537
12188,618962203
12189,848144706
12190,513073090
12191,137343347
12192,279155969
12193,450200039
12194,200867173
12195,932400162
12196,253396902
12197,898641387
12198,528461489
12199,248406054
12200,170164720
12201,235023630
12202,820168118
12203,360904860
12204,959092809
12205,267319612
12206,637912067
12207,330891180
12208,237763547
12209,421922668
12210,456906168
12211,867271645
12212,317828656
12213,812637687
12214,865511507
12215,401260703
12216,700232993
12217,396131626
12218,635395132
12219,912796077
12220,889922425
12221,215678346
12222,182075828
12223,170535957
12224,536485819
12225,256539658
12226,128577094
12227,500301318
12228,664667400
12229,551874631
12230,860906439
12231,73676955
12232,391252136
12233,953957531
12234,605553862
12235,747582969
12236,640087110
12237,579341698
12238,836111224
12239,728649307
12240,569486863
12241,537322384
12242,804555791
12243,522820807
12244,574097867
12245,558130514
12246,519134700
12247,217477955
12248,216122946
12249,285049112
12250,504695001
12251,293932894
12252,831705291
12253,404976623
12254,909300131
12255,818226714
12256,954722138
12257,840897760
12258,633957731
12259,815152383
12260,6890149
12261,822134688
12262,138122318
12263,739565149
12264,195564546
12265,957128308
12266,141956874
12267,357431495
12268,886358650
12269,867131295
12270,343644245
12271,639185607
12272,714266164
12273,269170907
12274,558655013
12275,668923842
12276,414745170
12277,154950507
12278,190907548
12279,337578548
12280,777918596
12281,26618666
12282,644176347
12283,611553237
12284,48931364
12285,331035415
12286,673883964
12287,740178595
12288,313449157
12289,133942024
12290,295277613
12291,242585909
12292,802854283
12293,187392353
12294,558073578
12295,367924979
12296,935041754
12297,263328380
12298,434950886
12299,492786772
12300,516611427
12301,699506288
12302,29233897
12303,769823677
12304,264962272
12305,635138559
12306,991671042
12307,537801327
12308,181118795
12309,761688770
12310,766315025
12311,230126863
12312,303666034
12313,535695347
12314,439751090
12315,217088820
12316,906324676
12317,5023414
12318,25218495
12319,634483583
12320,452166888
12321,904351360
12322,902243883
12323,659800920
12324,884215945
12325,867862386
12326,605982866
12327,544414925
12328,946115920
12329,973335658
12330,92215780
12331,118174585
12332,135167056
12333,385269932
12334,575217104
12335,265649704
12336,359142646
12337,391812445
12338,239266118
12339,324624082
12340,176284594
12341,69897057
12342,135264178
12343,52508722
12344,69840735
12345,256531587
12346,277527555
12347,630943173
12348,538028973
12349,465872560
12350,767756118
12351,89924735
12352,134071404
12353,608005621
12354,87134450
12355,767913411
12356,817420997
12357,270050868
12358,644391921
12359,369292439
12360,784493701
12361,903490274
12362,910779136
12363,742884305
12364,98258545
12365,73742255
12366,589655758
12367,97537043
12368,771804914
12369,915248751
12370,3981163
12371,784423358
12372,300329808
12373,478538214
12374,713114806
12375,266510030
12376,3702635
12377,274395550
12378,278624071
12379,853196613
12380,191998227
12381,394929931
12382,152226250
12383,834024043
12384,266710561
12385,472284651
12386,144535596
12387,9036682
12388,355322420
12389,796774019
12390,133037663
12391,490495627
12392,29854397
12393,418828297
12394,164214968
12395,92812186
12396,415017646
12397,128080680
12398,503428600
12399,870301318
12400,449840959
12401,74800242
12402,707284603
12403,868852221
12404,241504506
12405,122167373
12406,762275848
12407,785484928
12408,254587072
12409,177550740
12410,535878393
12411,776291726
12412,766744122
12413,831317912
12414,163975192
12415,948210291
12416,65149378
12417,695875676
12418,798475051
12419,590609604
12420,230008134
12421,680341053
12422,742289930
12423,44239829
12424,19339934
12425,700853857
12426,592068649
12427,946582929
12428,129213393
12429,364105183
12430,571215896
12431,32389889
12432,532790624
12433,4616895
12434,924087869
12435,516039131
12436,62834044
12437,713694492
12438,667100673
12439,64812250
12440,496841332
12441,876669303
12442,736090035
12443,433924365
12444,334918124
12445,923952378
12446,323029546
12447,543449962
12448,350491993
12449,70260889
12450,119754388
12451,522109430
12452,532085124
12453,218018997
12454,839244463
12455,304720854
12456,35385776
12457,835243776
12458,407116084
12459,386883576
12460,596548877
12461,897618777
12462,71115166
12463,172787181
12464,562705303
12465,358607446
12466,195916197
12467,840838912
12468,182159718
12469,373713885
12470,766628493
12471,824487083
12472,107948659
12473,973945183
12474,270713392
12475,148357528
12476,773646550
12477,443773878
12478,589176730
12479,917435403
12480,260160987
12481,415152074
12482,386725687
12483,102294394
12484,350319723
12485,838904959
12486,756811879
12487,330704299
12488,455545061
12489,471009029
12490,523138783
12491,694329398
12492,408678643
12493,670385088
12494,166277506
12495,306434641
12496,376182508
12497,188976990
12498,605090897
12499,616884080
12500,321492168
12501,155944994
12502,909293547
12503,599383773
12504,869916923
12505,714546592
12506,847880131
12507,949680406
12508,509545624
12509,542701328
12510,75675958
12511,960432444
12512,295372332
12513,229440768
12514,292481033
12515,818396838
12516,934637133
12517,587601717
12518,136497723
12519,982719403
12520,100609583
12521,209666008
12522,932738409
12523,533047649
12524,541954447
12525,630588743
12526,983554065
12527,43811077
12528,271304302
12529,199245932
12530,497344584
12531,45414487
12532,992467994
12533,786333193
12534,258426594
12535,568574647
12536,491416965
12537,505761418
12538,651045188
12539,275728135
12540,875341259
12541,334026179
12542,542477603
12543,735873756
12544,124304201
12545,113847046
12546,189858118
12547,460183265
12548,97274779
12549,645179141
12550,527694799
12551,537676449
12552,745804431
12553,691319085
12554,292983852
12555,631529958
12556,713337690
12557,574411497
12558,751081383
12559,988426986
12560,240053037
12561,914144056
12562,997877119
12563,915734131
12564,521861074
12565,417348619
12566,985957424
12567,305917128
12568,840598351
12569,32311691
12570,519347013
12571,860540832
12572,795243629
12573,100618584
12574,970674764
12575,105930545
12576,162513472
12577,943673424
12578,107446298
12579,228687380
12580,332468646
12581,107140443
12582,679937898
12583,695471438
12584,444395193
12585,562070644
12586,787643122
12587,243814956
12588,993734797
12589,137876835
12590,788042381
12591,122196426
12592,704648367
12593,479919803
12594,11490186
12595,42484088
12596,971099203
12597,67198954
12598,177844233
12599,304840456
12600,702599893
12601,408741980
12602,379956898
12603,900558540
12604,407109884
12605,836312269
12606,474535616
12607,280996120
12608,737853377
12609,247386152
12610,733224586
12611,889319320
12612,978867777
12613,869342164
12614,259678701
12615,680335831
12616,726921132
12617,676010218
12618,430061804
12619,264700944
12620,544890880
12621,945427308
12622,306837484
12623,891610413
12624,98109807
12625,842491132
12626,187534506
12627,584678513
12628,309793328
12629,278116935
12630,304031011
12631,9242809
12632,31513769
12633,802223514
12634,846169891
12635,986585593
12636,752552007
12637,239564487
12638,404340557
12639,141852437
12640,764339269
12641,938381584
12642,594407058
12643,607166765
12644,372644559
12645,251676759
12646,394349576
12647,56245483
12648,701255221
12649,758371707
12650,486158827
12651,737380112
12652,496576692
12653,696305510
12654,110597846
12655,883436284
12656,53699921
12657,89339797
12658,561793899
12659,761178304
12660,241846987
12661,925660135
12662,85783792
12663,397253801
12664,452824247
12665,347027361
12666,893191430
12667,244071066
12668,858604885
12669,106206853
12670,559221881
12671,646307477
12672,951963427
12673,142437973
12674,7351738
12675,518353437
12676,607801900
12677,603667773
12678,536641130
12679,59348758
12680,184838505
12681,56215380
12682,546362979
12683,17346018
12684,187385904
12685,513099032
12686,910772902
12687,281243770
12688,583067713
12689,529034110
12690,521533692
12691,115669070
12692,97399207
12693,455052586
12694,837640574
12695,318141881
12696,294511233
12697,486324438
12698,855010724
12699,341070627
12700,852664977
12701,955365782
12702,670459640
12703,553848495
12704,558508671
12705,218455884
12706,996563999
12707,197461637
12708,174549159
12709,646054926
12710,832222022
12711,794659309
12712,632182371
12713,628127188
12714,166196312
12715,280735883
12716,657236136
12717,632145801
12718,856248066
12719,470782409
12720,707186502
12721,160724470
12722,950949111
12723,249297801
12724,708811610
12725,33423846
12726,160325399
12727,841518359
12728,89398101
12729,890549657
12730,693388180
12731,598351827
12732,900569889
12733,394367123
12734,991292770
12735,653107713
12736,19188197
12737,886999345
12738,501268430
12739,257980799
12740,718285287
12741,245867963
12742,925600196
12743,701693869
12744,457971392
12745,852450546
12746,504529727
12747,438437332
12748,132547184
12749,230423729
12750,203243169
12751,414345564
12752,638671015
12753,162927524
12754,7833086
12755,614717901
12756,742077233
12757,861878586
12758,850269862
12759,563022584
12760,968195225
12761,216799643
12762,735840367
12763,116193926
12764,777349519
12765,137329699
12766,613029295
12767,544278633
12768,989328579
12769,446043112
12770,748585912
12771,616319819
12772,605073713
12773,436172620
12774,44742303
12775,796935203
12776,626866465
12777,415275343
12778,950832949
12779,198757844
12780,420912049
12781,849592372
12782,972639763
12783,592329163
12784,584326392
12785,946500850
12786,51891060
12787,248030234
12788,348724080
12789,449929542
12790,696905078
12791,326828163
12792,740646626
12793,143006773
12794,301522777
12795,655637297
12796,211052168
12797,354560761
12798,470891283
12799,614001175
12800,277173964
12801,680162062
12802,69454669
12803,962385253
12804,283097866
12805,151763657
12806,14705984
12807,701742200
12808,292722616
12809,902801134
12810,603305210
12811,711772965
12812,962956284
12813,143694963
12814,829149165
12815,618324221
12816,427590347
12817,703617245
12818,398675086
12819,53409280
12820,968190482
12821,770740550
12822,594277100
12823,682159985
12824,764071745
12825,222812128
12826,129031699
12827,472725847
12828,97645946
12829,225922183
12830,28819944
12831,529294510
12832,219131312
12833,808328669
12834,215118446
12835,639280010
12836,826330816
12837,869137024
12838,47128965
12839,72544226
12840,2347965
12841,379517687
12842,551953344
12843,492078544
12844,627248238
12845,180961170
12846,434995822
12847,458746054
12848,158638320
12849,132415903
12850,531706735
12851,733513048
12852,872056582
12853,905183064
12854,464538218
12855,443218406
12856,52726974
12857,970019263
12858,247967261
12859,971434964
12860,790375983
12861,197587580
12862,979539406
12863,979531577
12864,56629366
12865,923474207
12866,722289122
12867,690993149
12868,93447012
12869,947827063
12870,994086196
12871,216770054
12872,67386565
12873,801077995
12874,774009321
12875,89453211
12876,477867281
12877,445064456
12878,14049517
12879,163144568
12880,86571122
12881,87141881
12882,691364524
12883,777489948
12884,307771949
12885,971263256
12886,918040503
12887,45649480
12888,884104923
12889,793349033
12890,826757336
12891,527435230
12892,708935248
12893,325650075
12894,146958993
12895,778818759
12896,572218299
12897,14613492
12898,71257136
12899,852065939
12900,733478306
12901,18903810
12902,431499375
12903,317867707
12904,590096989
12905,799000121
12906,663253412
12907,420856227
12908,191292014
12909,130661953
12910,315174233
12911,829330257
12912,218131157
12913,997938872
12914,162519621
12915,674199232
12916,603427320
12917,156150732
12918,524320895
12919,647019632
12920,655824269
12921,125707808
12922,443097322
12923,680568843
12924,282938066
12925,569869868
12926,413063067
12927,638394422
12928,479591067
12929,172742801
12930,655414465
12931,734021378
12932,323398944
12933,6405337
12934,842598716
12935,379978189
12936,300962134
12937,731395583
12938,792893867
12939,68271904
12940,415790037
12941,768693404
12942,978127548
12943,388059916
12944,260280213
12945,784694965
12946,210928878
12947,401824998
12948,493121419
12949,225077746
12950,195965920
12951,85284532
12952,769748939
12953,659819359
12954,589191544
12955,386041168
12956,186920636
12957,166004978
12958,531961255
12959,646957088
12960,59689513
12961,797154108
12962,269810369
12963,977512473
12964,632195949
12965,809472587
12966,629815661
12967,119964786
12968,768956118
12969,942057264
12970,684461123
12971,255783211
12972,822181390
12973,785657841
12974,754277144
12975,30673064
12976,131412059
12977,126308008
12978,758310958
12979,464128
12980,258089736
12981,346464771
12982,662889633
12983,162532993
12984,807534586
12985,426997160
12986,402172684
12987,118555259
12988,479030067
12989,263462171
12990,371273091
12991,417146925
12992,230396790
12993,180948310
12994,738436257
12995,319088479
12996,265513986
12997,969244193
12998,661394192
12999,896140530
13000,617669615
13001,252839674
13002,746913473
13003,636924545
13004,402590513
13005,942535101
13006,89863009
13007,774722612
13008,564714690
13009,598165501
13010,855031481
13011,436443778
13012,390915414
13013,563771543
13014,176760323
13015,472825812
13016,2988486
13017,430932890
13018,247722607
13019,973046453
13020,449858880
13021,490096416
13022,487121976
13023,794369792
13024,666280891
13025,40377171
13026,593319719
13027,548281175
13028,47618480
13029,38466143
13030,903012757
13031,478147562
13032,769093168
13033,300546428
13034,9817620
13035,378868803
13036,533039626
13037,862792666
13038,159580539
13039,283482709
13040,355501029
13041,194671801
13042,946104465
13043,671254677
13044,58371170
13045,273745570
13046,833996621
13047,223795656
13048,37508026
13049,706922249
13050,778707895
13051,442333789
13052,634511634
13053,549694266
13054,606444503
13055,590074870
13056,768353533
13057,935217176
13058,627594700
13059,659174643
13060,174071869
13061,705852556
13062,194283078
13063,585628770
13064,624382538
13065,855375642
13066,642238043
13067,401226964
13068,890061103
13069,564943359
13070,9210041
13071,449507619
13072,11168712
13073,510803817
13074,187804270
13075,674567369
13076,893465127
13077,677504638
13078,828283369
13079,41219851
13080,662655742
13081,276652599
13082,135015208
13083,463589043
13084,338282595
13085,972816065
13086,414349624
13087,246900717
13088,345450841
13089,60951205
13090,825925486
13091,888723721
13092,857772026
13093,381258870
13094,357700851
13095,570091951
13096,363157772
13097,549010602
13098,531684656
13099,74684443
13100,121242459
13101,415793451
13102,736608909
13103,173832847
13104,376290156
13105,854476068
13106,139023805
13107,275383830
13108,201548775
13109,207890490
13110,439152589
13111,922842119
13112,636396338
13113,890467698
13114,58881299
13115,691377550
13116,638839712
13117,799847904
13118,497731175
13119,840231515
13120,192172388
13121,762464383
13122,491407830
13123,565740237
13124,696921869
13125,779127528
13126,605481556
13127,128761756
13128,297188940
13129,938995805
13130,480403715
13131,894209998
13132,266452019
13133,576302554
13134,266024741
13135,325974739
13136,744475467
13137,777618105
13138,220848304
13139,33063001
13140,914683306
13141,787519077
13142,686995497
13143,835251525
13144,287119397
13145,211660556
13146,93827481
13147,605656272
13148,949750987
13149,721420757
13150,368038668
13151,596779293
13152,575807289
13153,812661693
13154,465475413
13155,516858679
13156,674616101
13157,121930117
13158,744958120
13159,828601617
13160,815768751
13161,766339799
13162,442905783
13163,997122738
13164,374245496
13165,439523901
13166,943337635
13167,646844959
13168,215465459
13169,832274909
13170,443605716
13171,437784563
13172,540428716
13173,386449637
13174,281469758
13175,464792907
13176,656635709
13177,644671215
13178,650687322
13179,241628
13180,465535911
13181,311285352
13182,520315592
13183,837764919
13184,891022656
13185,66443990
13186,791169382
13187,682159960
13188,687219028
13189,274844008
13190,909347834
13191,89445199
13192,295063276
13193,507364540
13194,741334131
13195,628075858
13196,171609154
13197,33385405
13198,184934013
13199,118803156
13200,331038280
13201,261833167
13202,231270918
13203,323604863
13204,101552631
13205,176321288
13206,761294399
13207,593837611
13208,657684918
13209,276931262
13210,923623610
13211,557461743
13212,622177722
13213,737959203
13214,244618863
13215,120031252
13216,990711765
13217,518386615
13218,305715079
13219,580081387
13220,631137369
13221,976508694
13222,555788376
13223,325457791
13224,25108188
13225,465823367
13226,212117364
13227,54296755
13228,639659016
13229,108128902
13230,330870569
13231,854522987
13232,121538887
13233,348012134
13234,984609946
13235,14044454
13236,826130037
13237,825999888
13238,236138274
13239,454241170
13240,718900510
13241,420809915
13242,252586382
13243,515878876
13244,876658683
13245,750806025
13246,797209194
13247,169676085
13248,153742162
13249,737875823
13250,437117256
13251,443556538
13252,624687827
13253,227048174
13254,439784165
13255,316155508
13256,982807627
13257,285622475
13258,379456994
13259,440623427
13260,183799473
13261,775951827
13262,537166377
13263,596634186
13264,249212387
13265,162327592
13266,490359551
13267,163766133
13268,668153770
13269,377020482
13270,624325056
13271,170993597
13272,102828728
13273,892732096
13274,510150358
13275,494245362
13276,564348001
13277,260934696
13278,788367367
13279,768084509
13280,859929553
13281,948497168
13282,789308305
13283,22992411
13284,825454175
13285,352959339
13286,31079373
13287,429448404
13288,629479134
13289,76241543
13290,786163393
13291,976286284
13292,847269677
13293,593550797
13294,866778515
13295,189460532
13296,813627037
13297,394830250
13298,981959724
13299,123093129
13300,734769488
13301,157325093
13302,842700939
13303,274683727
13304,839894103
13305,350568541
13306,818876971
13307,861000927
13308,819778424
13309,637227415
13310,540543502
13311,785195216
13312,837806662
13313,490466512
13314,27408401
13315,672274026
13316,759243586
13317,871388427
13318,299127749
13319,487963291
13320,959487970
13321,332418046
13322,640609502
13323,554192139
13324,755677348
13325,211273794
13326,781547610
13327,57848084
13328,732862790
13329,253591962
13330,382393715
13331,713422143
13332,776670555
13333,519337477
13334,993363500
13335,334163677
13336,113720628
13337,281965618
13338,68003191
13339,23115916
13340,208232921
13341,804111158
13342,124316840
13343,703278425
13344,112947427
13345,904226503
13346,533616898
13347,600121204
13348,459008446
13349,225169657
13350,926987363
13351,550538507
13352,223177925
13353,371984150
13354,743094481
13355,568753157
13356,606010617
13357,858868627
13358,141809834
13359,17202531
13360,292469061
13361,836131553
13362,461176177
13363,924281061
13364,232196414
13365,606714844
13366,154010368
13367,135746323
13368,715446310
13369,77090948
13370,169498641
13371,683139489
13372,475124137
13373,216522518
13374,39626797
13375,716037324
13376,135228441
13377,423170295
13378,823271534
13379,647330715
13380,251485321
13381,730560181
13382,862682951
13383,794593572
13384,59965242
13385,99846238
13386,794340946
13387,88403554
13388,357456091
13389,699353426
13390,405118584
13391,66684702
13392,787431256
13393,115682411
13394,840924351
13395,320595168
13396,895668232
13397,925627176
13398,699339578
13399,56511441
13400,67557633
13401,655013555
13402,158593216
13403,217183478
13404,952880163
13405,411906290
13406,245138973
13407,682406035
13408,608052991
13409,4000495
13410,729333917
13411,416268440
13412,353140518
13413,724130343
13414,577845805
13415,737294435
13416,769111466
13417,682727781
13418,572283368
13419,364917480
13420,40847428
13421,540088192
13422,577347634
13423,331483564
13424,190567735
13425,511878198
13426,341599356
13427,119026198
13428,547179889
13429,775319422
13430,154240626
13431,590264036
13432,469985830
13433,985385994
13434,583617295
13435,664606643
13436,752056627
13437,838997771
13438,368391927
13439,537951362
13440,285857830
13441,111974526
13442,292846101
13443,497749127
13444,506793856
13445,310377058
13446,964948053
13447,955868113
13448,291542189
13449,174278901
13450,610272592
13451,487919520
13452,669207457
13453,411056092
13454,186272710
13455,828367732
13456,412733962
13457,511166889
13458,983339935
13459,161561797
13460,313713787
13461,15081497
13462,43482755
13463,408653850
13464,69240049
13465,565664909
13466,988277676
13467,236892574
13468,930747929
13469,863691351
13470,603533847
13471,29987220
13472,729499183
13473,211426367
13474,308670892
13475,672820925
13476,536783889
13477,46052150
13478,5199576
13479,344039770
13480,520842715
13481,330898330
13482,356597617
13483,567827603
13484,531933812
13485,712861678
13486,475553917
13487,874337222
13488,623393653
13489,387030680
13490,347339853
13491,561428376
13492,169389549
13493,454934746
13494,554899044
13495,989452324
13496,746405563
13497,294000241
13498,909320701
13499,915981698
13500,274206193
13501,590898038
13502,565013068
13503,392286877
13504,220661820
13505,621984050
13506,480902003
13507,455207369
13508,765244186
13509,715476160
13510,826200229
13511,737348996
13512,527208447
13513,137790464
13514,475719233
13515,34548607
13516,64204835
13517,159943468
13518,788779444
13519,109298363
13520,836773635
13521,352398741
13522,872789740
13523,52030396
13524,757154307
13525,39333782
13526,360024402
13527,363635515
13528,751122141
13529,394194259
13530,359263814
13531,679395395
13532,873939394
13533,291794061
13534,609219272
13535,320118714
13536,306570525
13537,707762282
13538,926978471
13539,316937227
13540,174130483
13541,931693037
13542,20013087
13543,315758479
13544,126423321
13545,102144527
13546,507705852
13547,345737580
13548,84951676
13549,603041666
13550,214991663
13551,849042825
13552,715752625
13553,871698491
13554,423155524
13555,994518975
13556,732630352
13557,945681519
13558,715068566
13559,350326194
13560,155101956
13561,992982873
13562,49808022
13563,610044705
13564,351332441
13565,441851414
13566,891760172
13567,636480866
13568,562159835
13569,795667364
13570,292177645
13571,821879353
13572,645974249
13573,698923066
13574,546080674
13575,121081504
13576,798160127
13577,903340720
13578,449727400
13579,604766739
13580,738196821
13581,247847834
13582,893114037
13583,580161259
13584,358076902
13585,792864613
13586,335916897
13587,409622388
13588,768921903
13589,38234960
13590,373986519
13591,97265247
13592,662241975
13593,996472021
13594,691559919
13595,10298197
13596,653048031
13597,318858939
13598,857003288
13599,192191567
13600,600353525
13601,36082598
13602,252902873
13603,696365304
13604,517877016
13605,470159543
13606,56246823
13607,52799117
13608,841834483
13609,883212735
13610,618083475
13611,250750125
13612,618911037
13613,485857879
13614,537101882
13615,419038315
13616,20937012
13617,313039158
13618,270366148
13619,3219688
13620,959855342
13621,159382476
13622,799561495
13623,776049184
13624,495990097
13625,253922447
13626,573329651
13627,474965763
13628,718859552
13629,251145768
13630,534125323
13631,875176958
13632,692404096
13633,773152411
13634,137082045
13635,150071173
13636,981245594
13637,861554473
13638,470483370
13639,693551339
13640,569167119
13641,443927012
13642,987217803
13643,827846200
13644,244197576
13645,526936112
13646,455776921
13647,586871404
13648,554387084
13649,926466009
13650,773283652
13651,851395798
13652,570208970
13653,997036616
13654,88517039
13655,256287615
13656,25524441
13657,507947268
13658,855464090
13659,992405035
13660,750517257
13661,688421632
13662,565409832
13663,816593786
13664,272959718
13665,952999191
13666,140431811
13667,174845248
13668,678827705
13669,689935640
13670,312662226
13671,850670505
13672,835401647
13673,937852372
13674,487177265
13675,131481452
13676,838031253
13677,401494097
13678,428644115
13679,960036486
13680,658319887
13681,161349296
13682,750037530
13683,489271142
13684,292593111
13685,137225272
13686,826580877
13687,865344600
13688,518458008
13689,456730925
13690,420857956
13691,222957470
13692,163112735
13693,689725060
13694,160788366
13695,721530533
13696,134823138
13697,204810064
13698,830250887
13699,784042377
13700,709441501
13701,998585975
13702,152587310
13703,940193690
13704,528284773
13705,28319762
13706,396124029
13707,874590953
13708,981549107
13709,895389552
13710,22392700
13711,668284453
13712,472332431
13713,332970145
13714,320033012
13715,450550381
13716,845904898
13717,182183583
13718,702237863
13719,641664204
13720,432545557
13721,96922290
13722,78050992
13723,632937284
13724,911174851
13725,334652227
13726,217232265
13727,194782344
13728,773221182
13729,887970869
13730,322576007
13731,957854142
13732,548524441
13733,891188369
13734,866965351
13735,432167361
13736,460075719
13737,879720220
13738,430920050
13739,322658261
13740,899551519
13741,414309234
13742,241427444
13743,629542213
13744,412496822
13745,896912402
13746,816298645
13747,6772598
13748,546133050
13749,553761027
13750,262802962
13751,438441201
13752,710828442
13753,891736778
13754,218650077
13755,828026099
13756,777157575
13757,505018675
13758,189130105
13759,199592313
13760,803324995
13761,649489329
13762,730046820
13763,782519003
13764,491671177
13765,941699321
13766,314571934
13767,25553080
13768,179528228
13769,394227359
13770,605874478
13771,467798629
13772,851549284
13773,304968511
13774,181505501
13775,893072162
13776,393134419
13777,723682369
13778,546392754
13779,209353262
13780,351188613
13781,943482459
13782,806485489
13783,683699827
13784,564196755
13785,31985219
13786,858360037
13787,881730227
13788,249775091
13789,204298238
13790,165181458
13791,178576631
13792,521566715
13793,258545300
13794,76358648
13795,972010265
13796,332997397
13797,922956474
13798,746387621
13799,868678755
13800,238205079
13801,627717928
13802,597413739
13803,740809560
13804,735509448
13805,714675761
13806,969882563
13807,869320681
13808,116438930
13809,187666650
13810,78520031
13811,260770143
13812,676267681
13813,864996656
13814,487588939
13815,242996978
13816,527745413
13817,368931287
13818,356041998
13819,800318975
13820,437790662
13821,878873962
13822,238442270
13823,154697901
13824,441271873
13825,285661758
13826,319487141
13827,349897760
13828,893810993
13829,774029849
13830,30220501
13831,998031573
13832,631949546
13833,859214407
13834,348774557
13835,28740447
13836,911091225
13837,246669532
13838,682875925
13839,801062710
13840,963722752
13841,245676403
13842,23593337
13843,435527190
13844,513631803
13845,856301934
13846,740507552
13847,125344062
13848,277569486
13849,725687171
13850,570788683
13851,897513417
13852,246912014
13853,821361967
13854,850801059
13855,593610782
13856,145618694
13857,761592748
13858,438000956
13859,664256642
13860,691232280
13861,551928875
13862,137687833
13863,317359833
13864,879724738
13865,64861096
13866,21115914
13867,76007960
13868,167097900
13869,124356718
13870,933669503
13871,222498273
13872,435251035
13873,573272901
13874,994168291
13875,549181298
13876,22023512
13877,574819989
13878,636491956
13879,964486743
13880,623501149
13881,250420634
13882,123915043
13883,388937754
13884,645932069
13885,979709103
13886,227329066
13887,659409964
13888,548582810
13889,400482449
13890,553290827
13891,763753279
13892,970197507
13893,768497685
13894,588772661
13895,774069107
13896,894070980
13897,34492144
13898,713160990
13899,410238129
13900,440189933
13901,114075601
13902,734282361
13903,48713778
13904,762104900
13905,738411314
13906,889408738
13907,447685543
13908,506502555
13909,710202800
13910,276738502
13911,362803402
13912,113352832
13913,750452828
13914,144951260
13915,68360927
13916,281777024
13917,812229583
13918,679190936
13919,986199437
13920,501308387
13921,525143307
13922,104485767
13923,634914879
13924,832520240
13925,797119805
13926,281076208
13927,486610075
13928,836664527
13929,763453266
13930,500475240
13931,513686021
13932,679050453
13933,946500449
13934,433004735
13935,95540527
13936,606764259
13937,53227097
13938,805921420
13939,18547108
13940,496810620
13941,997416240
13942,528377928
13943,770643851
13944,13245790
13945,52762814
13946,150749828
13947,47574289
13948,356819239
13949,650492728
13950,207789157
13951,256636465
13952,506356038
13953,780169150
13954,278700062
13955,378113127
13956,7203467
13957,404299512
13958,350854552
13959,603248298
13960,683597345
13961,224719571
13962,708645153
13963,87616018
13964,168227339
13965,285080260
13966,117937129
13967,729269411
13968,446909001
13969,572388973
13970,835568597
13971,501478429
13972,49720845
13973,58821612
13974,829315568
13975,967168962
13976,639355817
13977,493802371
13978,843931632
13979,218139158
13980,76463976
13981,240113323
13982,596650024
13983,265797112
13984,970365012
13985,558727604
13986,336300461
13987,784807259
13988,309319802
13989,610027237
13990,887260845
13991,403143252
13992,414618481
13993,705430405
13994,788246213
13995,47888463
13996,689480510
13997,54304092
13998,949238150
13999,212066279
14000,654375628
14001,660152534
14002,213072683
14003,237142202
14004,610965922
14005,666066168
14006,60820805
14007,982058035
14008,377197225
14009,259720176
14010,514641632
14011,788273039
14012,342621158
14013,53141684
14014,971911909
14015,525277121
14016,852303382
14017,185613045
14018,325343951
14019,168173522
14020,416833132
14021,816135153
14022,124913384
14023,136363800
14024,849964946
14025,705971572
14026,100870733
14027,210079272
14028,444857661
14029,281036893
14030,661973802
14031,177441160
14032,877158908
14033,455658754
14034,108450526
14035,696219053
14036,346161967
14037,107697822
14038,868377949
14039,613247042
14040,535568511
14041,246400983
14042,866125558
14043,637098601
14044,571798738
14045,415022737
14046,599300385
14047,48417548
14048,360327313
14049,70339107
14050,644745020
14051,55435717
14052,871792410
14053,457287658
14054,124838693
14055,804804643
14056,999186565
14057,351854090
14058,632433824
14059,371343662
14060,364106229
14061,385565909
14062,644228799
14063,235764422
14064,88505016
14065,853677854
14066,568312119
14067,278682017
14068,685160537
14069,569659340
14070,235217394
14071,324628338
14072,461470215
14073,936063921
14074,502754270
14075,316051151
14076,431879815
14077,923912312
14078,628616118
14079,430023257
14080,185860079
14081,362167372
14082,122274109
14083,247809938
14084,619046964
14085,558675300
14086,812312326
14087,863654660
14088,10952158
14089,872449819
14090,10616320
14091,27918088
14092,672805557
14093,522937969
14094,79642110
14095,204404331
14096,529388614
14097,396739735
14098,278228445
14099,824582593
14100,147333675
14101,801055099
14102,898322426
14103,554713436
14104,749991648
14105,705599990
14106,640032736
14107,184027984
14108,40289073
14109,838843161
14110,658806937
14111,740916354
14112,471507364
14113,963678882
14114,113321881
14115,422596716
14116,901677757
14117,930367950
14118,588723563
14119,513181404
14120,838017758
14121,403350224
14122,479094426
14123,207904795
14124,233630822
14125,590986226
14126,229562042
14127,312616478
14128,723147344
14129,910529143
14130,134437110
14131,274190397
14132,751775853
14133,422937884
14134,723905013
14135,38730338
14136,607189045
14137,766868107
14138,952436717
14139,820651504
14140,851278823
14141,558297850
14142,962671083
14143,850389030
14144,924895820
14145,601292079
14146,543330757
14147,728989118
14148,804729636
14149,829726315
14150,628121426
14151,939830186
14152,522279680
14153,858610132
14154,391160483
14155,144600564
14156,67901110
14157,848704726
14158,505122298
14159,697644919
14160,729174150
14161,227428664
14162,149314115
14163,406698842
14164,532788023
14165,34721436
14166,287979857
14167,44323195
14168,643681749
14169,678421576
14170,42807985
14171,53139335
14172,88529677
14173,729892298
14174,138872454
14175,957860147
14176,844680996
14177,333856702
14178,162454581
14179,288706878
14180,368041178
14181,495281970
14182,108826306
14183,116565568
14184,769978441
14185,825737625
14186,507395246
14187,379627343
14188,742966794
14189,261322166
14190,579580302
14191,957028961
14192,59229715
14193,474194844
14194,653453665
14195,35631422
14196,637049357
14197,911155057
14198,123505183
14199,590748535
14200,14979837
14201,192279276
14202,365537366
14203,419198377
14204,973904756
14205,272381127
14206,331585847
14207,801478342
14208,820174991
14209,627123051
14210,721838863
14211,265936473
14212,220620459
14213,595652441
14214,363450760
14215,72641879
14216,508545411
14217,120435323
14218,411650367
14219,425299421
14220,453665877
14221,638856625
14222,821839973
14223,878560167
14224,276487349
14225,552703966
14226,675524323
14227,545798741
14228,427933059
14229,733695267
14230,125954552
14231,404655795
14232,887470252
14233,635758087
14234,736730372
14235,69494438
14236,628860129
14237,185095824
14238,862872264
14239,544853837
14240,426131328
14241,891986565
14242,848061773
14243,591000092
14244,151145122
14245,526705852
14246,790309278
14247,229493917
14248,899816446
14249,588076988
14250,436267314
14251,617964876
14252,37269621
14253,685014054
14254,455265243
14255,446191603
14256,86587241
14257,132465121
14258,903596104
14259,134365337
14260,294691079
14261,407220246
14262,528731528
14263,691396643
14264,183225279
14265,1626211
14266,349797845
14267,927011514
14268,970757145
14269,726020557
14270,162290837
14271,546249061
14272,697163553
14273,680983312
14274,537272513
14275,988008228
14276,768072324
14277,142387806
14278,10432593
14279,233691680
14280,750301164
14281,309420256
14282,221412685
14283,899428653
14284,354236314
14285,148208427
14286,990692529
14287,738191874
14288,411723570
14289,806713131
14290,57923526
14291,747360245
14292,942224361
14293,156499959
14294,409444079
14295,447822339
14296,873574088
14297,954981704
14298,785812407
14299,929712792
14300,749417036
14301,490633862
14302,300316231
14303,211620834
14304,682929740
14305,13881493
14306,250976081
14307,264197957
14308,370381199
14309,131426999
14310,157055062
14311,695071668
14312,516279243
14313,454812763
14314,328154612
14315,321595546
14316,119627090
14317,486714287
14318,701816208
14319,695464022
14320,352545029
14321,986134859
14322,887336085
14323,682217884
14324,22850497
14325,197393616
14326,119997300
14327,356346991
14328,600589239
14329,659046240
14330,988148105
14331,396315866
14332,876253885
14333,539477392
14334,100749082
14335,635284831
14336,928000740
14337,233319750
14338,505550879
14339,40059449
14340,273797800
14341,747402715
14342,712621014
14343,629851600
14344,410126548
14345,492115644
14346,148507947
14347,621156133
14348,732993838
14349,165991506
14350,324898713
14351,282973956
14352,502038899
14353,803885078
14354,959707806
14355,97702689
14356,884783182
14357,524374968
14358,538413042
14359,882911108
14360,327778873
14361,423021608
14362,193636678
14363,334694612
14364,263393948
14365,1760806
14366,647633614
14367,146550263
14368,325263091
14369,119634846
14370,544664891
14371,651745314
14372,923654249
14373,201594785
14374,612297730
14375,452602852
14376,731489525
14377,95517876
14378,335629534
14379,331394996
14380,351666548
14381,593641263
14382,748117439
14383,536945859
14384,974516688
14385,656273644
14386,542691614
14387,286508723
14388,934686628
14389,600141489
14390,110860039
14391,933345187
14392,736655852
14393,570569662
14394,409687914
14395,321244986
14396,287938766
14397,507439447
14398,927094300
14399,632285582
14400,439940197
14401,35512837
14402,51912296
14403,814610543
14404,836429852
14405,791515536
14406,224938067
14407,79355475
14408,851199807
14409,103181741
14410,790366499
14411,716151758
14412,3836134
14413,413061742
14414,662306419
14415,72977065
14416,50813988
14417,458852228
14418,200094754
14419,654124117
14420,639184267
14421,810902072
14422,15070200
14423,708641924
14424,935852181
14425,759406193
14426,103381945
14427,944609712
14428,673102481
14429,240297855
14430,746495294
14431,103920384
14432,313330531
14433,494005223
14434,17135425
14435,638801904
14436,116275589
14437,161364095
14438,498889773
14439,931652406
14440,590792846
14441,99411803
14442,690020642
14443,184760446
14444,593730620
14445,629727374
14446,217356778
14447,695975816
14448,399994320
14449,692426799
14450,712463826
14451,352545614
14452,912178108
14453,239679282
14454,172571633
14455,587086156
14456,338036018
14457,58444515
14458,362767510
14459,571071042
14460,806328551
14461,332592699
14462,552408448
14463,816660224
14464,805852753
14465,772192984
14466,948908088
14467,735714081
14468,755609391
14469,870105995
14470,695138799
14471,511643585
14472,709928641
14473,360506064
14474,736004002
14475,317926802
14476,179799919
14477,24579210
14478,115804379
14479,108636403
14480,412730575
14481,402830455
14482,333060874
14483,541523318
14484,95674727
14485,434505793
14486,33904241
14487,46201467
14488,487659387
14489,360586013
14490,164831319
14491,202545887
14492,214250836
14493,768492419
14494,899026748
14495,122539910
14496,389649767
14497,598039048
14498,147337781
14499,101036448
14500,597357782
14501,787504052
14502,563423158
14503,93030721
14504,683688084
14505,590547165
14506,560478643
14507,63685787
14508,607688435
14509,696243163
14510,615316157
14511,271746693
14512,610834523
14513,538107174
14514,640374584
14515,747075019
14516,909779909
14517,52974364
14518,588946823
14519,399050767
14520,580055267
14521,174412575
14522,74671668
14523,952005576
14524,60830147
14525,326617512
14526,755853109
14527,249224529
14528,894387512
14529,174314197
14530,255049825
14531,890962446
14532,869260410
14533,73053937
14534,134340128
14535,552988801
14536,754480769
14537,657495361
14538,191483963
14539,921716093
14540,494926627
14541,988419418
14542,472343176
14543,473721991
14544,203051941
14545,907457116
14546,183204092
14547,291615413
14548,21580407
14549,715495757
14550,517644809
14551,92187988
14552,470160587
14553,53870461
14554,203715384
14555,236800092
14556,919051716
14557,123348393
14558,606572278
14559,695134579
14560,219758252
14561,336033411
14562,602674987
14563,897402764
14564,83170544
14565,650467150
14566,161059566
14567,49379343
14568,34200124
14569,968578594
14570,735706656
14571,408603623
14572,742957793
14573,576031148
14574,133305378
14575,142519829
14576,470112723
14577,434999803
14578,86635126
14579,989057692
14580,294450180
14581,970580105
14582,346985620
14583,266219479
14584,842292120
14585,362420676
14586,890496231
14587,839857339
14588,599834411
14589,895036444
14590,947876980
14591,981145709
14592,29103581
14593,918829678
14594,122223467
14595,186622322
14596,839832774
14597,907562358
14598,401272896
14599,680827677
14600,326706282
14601,341321688
14602,923543312
14603,440598784
14604,454183594
14605,949873386
14606,677925132
14607,145781877
14608,264447285
14609,230026589
14610,368307928
14611,596508057
14612,810970426
14613,916465960
14614,852416564
14615,148769294
14616,489662449
14617,435610558
14618,922266687
14619,680836295
14620,628433393
14621,861707218
14622,253034356
14623,65366146
14624,903029608
14625,493596288
14626,72472018
14627,697319986
14628,606263645
14629,877176603
14630,761738692
14631,477670121
14632,331404518
14633,853378297
14634,178846248
14635,129118693
14636,78611011
14637,182532633
14638,302519149
14639,680264513
14640,251826203
14641,295322117
14642,789604226
14643,11643458
14644,77442115
14645,308678335
14646,19151848
14647,443196659
14648,27635076
14649,853523911
14650,618868410
14651,600392446
14652,959602030
14653,544245672
14654,328426990
14655,479330224
14656,205591763
14657,468963433
14658,330923338
14659,523044346
14660,764579735
14661,148446965
14662,690303887
14663,278899917
14664,629854494
14665,651620517
14666,336812749
14667,86500086
14668,562523041
14669,164761013
14670,99249599
14671,24907635
14672,448354749
14673,208768469
14674,83703868
14675,190440910
14676,245087505
14677,521588172
14678,120126463
14679,560479063
14680,543291667
14681,576796849
14682,268108045
14683,855766704
14684,989345531
14685,349328748
14686,330960092
14687,86116259
14688,433420416
14689,723610798
14690,302711701
14691,903611001
14692,857111490
14693,699393002
14694,393461240
14695,77156916
14696,71330276
14697,29285043
14698,27968704
14699,518577552
14700,245486765
14701,167444753
14702,866554824
14703,295168135
14704,970402095
14705,496727297
14706,624491968
14707,579982961
14708,530099671
14709,783603196
14710,234052060
14711,316844628
14712,142077557
14713,122664331
14714,849821838
14715,230683294
14716,548415120
14717,52370616
14718,56810747
14719,201749381
14720,50242298
14721,657174278
14722,436913259
14723,818726056
14724,655853625
14725,949579253
14726,834995800
14727,262312206
14728,925834408
14729,39766283
14730,196256699
14731,394942008
14732,566726324
14733,14021233
14734,859796877
14735,332421355
14736,74954936
14737,658278875
14738,885256551
14739,95934284
14740,97830553
14741,717371659
14742,532503222
14743,386155202
14744,140693155
14745,158161193
14746,460523576
14747,227817194
14748,387546545
14749,195620837
14750,803685181
14751,398266989
14752,467516206
14753,94943975
14754,119867788
14755,479260529
14756,465433652
14757,299288358
14758,410821692
14759,318888569
14760,42710411
14761,952739888
14762,729782321
14763,783290976
14764,701213168
14765,740086919
14766,574012104
14767,60609527
14768,276214646
14769,427916855
14770,946407780
14771,142665112
14772,497396635
14773,525875129
14774,203128083
14775,661948703
14776,410106847
14777,608937528
14778,112384411
14779,918288372
14780,242731462
14781,423328345
14782,774836712
14783,775984486
14784,222847426
14785,565779519
14786,638536756
14787,519529581
14788,834019653
14789,296248436
14790,649839112
14791,211623971
14792,519976195
14793,841205195
14794,708417434
14795,126355689
14796,89869584
14797,848592051
14798,354963216
14799,341832458
14800,545539818
14801,330237553
14802,800866023
14803,450579015
14804,557192674
14805,576950765
14806,948796643
14807,595899843
14808,25670879
14809,534492177
14810,75368835
14811,435412863
14812,989468622
14813,34666140
14814,280581329
14815,338818465
14816,654304033
14817,86046320
14818,4007177
14819,633107569
14820,164605831
14821,681774650
14822,761790542
14823,878299570
14824,989143147
14825,394073899
14826,629571107
14827,583109232
14828,643754005
14829,67563997
14830,586662774
14831,461134655
14832,56583741
14833,512852592
14834,341267317
14835,736851808
14836,964178559
14837,790897778
14838,220001499
14839,22863229
14840,842018163
14841,361415807
14842,26997276
14843,359667764
14844,828691685
14845,203757718
14846,538430685
14847,929264751
14848,69730847
14849,593729323
14850,327021553
14851,269872747
14852,710396704
14853,631158314
14854,727468548
14855,409007658
14856,891315154
14857,575382162
14858,881673553
14859,591071132
14860,933858998
14861,114226539
14862,989692954
14863,607157462
14864,919440194
14865,715923610
14866,899430291
14867,529123008
14868,832815558
14869,92588868
14870,25369046
14871,166793201
14872,56694081
14873,935381186
14874,384085889
14875,903698078
14876,335694462
14877,915738357
14878,957191344
14879,702462497
14880,846069488
14881,251584540
14882,760957955
14883,919734124
14884,579456179
14885,654507325
14886,696060822
14887,498581109
14888,999441786
14889,881663984
14890,324409276
14891,431960625
14892,521021998
14893,771311417
14894,619626639
14895,702687754
14896,75385394
14897,872223115
14898,993743238
14899,991397131
14900,546180026
14901,172117481
14902,484245568
14903,438309729
14904,717141136
14905,74723353
14906,950211902
14907,442199573
14908,884391693
14909,186739842
14910,335423712
14911,730186020
14912,177930501
14913,259290633
14914,762494089
14915,463309729
14916,97079244
14917,362266279
14918,899127006
14919,510383299
14920,898558549
14921,792308723
14922,883818093
14923,286136465
14924,429385164
14925,192635783
14926,328449214
14927,160031804
14928,149949383
14929,450209511
14930,774867394
14931,150995693
14932,335281807
14933,94419919
14934,268916928
14935,214920056
14936,194354902
14937,266219308
14938,282000613
14939,144064791
14940,189654165
14941,491494068
14942,759294891
14943,927139791
14944,37839431
14945,379195271
14946,103393087
14947,311283716
14948,491405241
14949,605664078
14950,378886005
14951,177745497
14952,489562916
14953,342993605
14954,665891764
14955,235064716
14956,23799331
14957,614318889
14958,7614275
14959,834065878
14960,672439481
14961,867523351
14962,811302619
14963,485354545
14964,962030220
14965,524442622
14966,4674598
14967,730285407
14968,241422365
14969,289628096
14970,1775790
14971,839361665
14972,991119911
14973,944238592
14974,505184809
14975,749619540
14976,432267977
14977,132094781
14978,881392446
14979,443649843
14980,618684108
14981,104151939
14982,872137230
14983,759967296
14984,272722367
14985,338355354
14986,509893079
14987,425898277
14988,696507576
14989,153983357
14990,23977670
14991,769755083
14992,548172139
14993,543425928
14994,778694682
14995,895084695
14996,344369109
14997,932388424
14998,152826840
14999,584077082
15000,218146996
15001,235273956
15002,355758978
15003,679230165
15004,840222536
15005,529415695
15006,811174199
15007,724850824
15008,877346564
15009,729286183
15010,610511546
15011,223486360
15012,744510630
15013,972672425
15014,183321358
15015,374709519
15016,888561300
15017,72792617
15018,285941980
15019,15281319
15020,852448970
15021,220499326
15022,379891213
15023,155036864
15024,325132008
15025,793475291
15026,98746678
15027,450089876
15028,543095948
15029,382860433
15030,313185596
15031,599837347
15032,792507262
15033,73693576
15034,530711284
15035,378866190
15036,37178589
15037,586992050
15038,861574957
15039,33664539
15040,656124570
15041,449035073
15042,84239624
15043,725059453
15044,195974920
15045,742008908
15046,647239115
15047,387698068
15048,801300
15049,566171317
15050,581735857
15051,261745784
15052,624829018
15053,673065339
15054,560256613
15055,901233974
15056,979755705
15057,284457539
15058,21655918
15059,926224338
15060,107216387
15061,132086212
15062,878487038
15063,422577980
15064,637075160
15065,446323056
15066,626892738
15067,559974291
15068,253448471
15069,569953226
15070,952962829
15071,762101821
15072,179970316
15073,178342358
15074,616737053
15075,605229536
15076,694293199
15077,549660465
15078,378083901
15079,56120429
15080,89794959
15081,528958395
15082,858387789
15083,424573237
15084,550888058
15085,960723860
15086,161483873
15087,468250763
15088,353299219
15089,389631292
15090,831903532
15091,173822066
15092,249756964
15093,387305182
15094,327085251
15095,687481519
15096,384765028
15097,559725594
15098,296050358
15099,869643898
15100,110563443
15101,190350779
15102,604975645
15103,945594592
15104,684629132
15105,123414729
15106,571685164
15107,830206056
15108,35331772
15109,661114295
15110,33230915
15111,570416820
15112,660291556
15113,390405449
15114,986693251
15115,437724092
15116,488939707
15117,626094735
15118,639206223
15119,520225092
15120,968599708
15121,808016716
15122,712695204
15123,229690388
15124,691606378
15125,957764819
15126,31587113
15127,335323886
15128,296396783
15129,694675155
15130,558098704
15131,975161632
15132,10299614
15133,531657890
15134,513560088
15135,387867134
15136,760295419
15137,735641373
15138,473180324
15139,339919226
15140,941984281
15141,7815279
15142,741236277
15143,434548753
15144,461006754
15145,549608336
15146,203326720
15147,46068489
15148,412888822
15149,546828974
15150,581968156
15151,662542509
15152,724879371
15153,277506149
15154,392377471
15155,959396098
15156,968065728
15157,337887836
15158,660846837
15159,805783930
15160,62352428
15161,644181508
15162,116182513
15163,351170716
15164,453869945
15165,891461165
15166,351481243
15167,329061970
15168,633514943
15169,827905782
15170,984119251
15171,443539471
15172,207309133
15173,93970474
15174,905961156
15175,488522494
15176,985088798
15177,438208908
15178,438726728
15179,917115379
15180,947887511
15181,955636227
15182,198806634
15183,262527844
15184,359898077
15185,276133664
15186,678465718
15187,582173941
15188,622062523
15189,915388257
15190,685780945
15191,557034946
15192,472283270
15193,11619815
15194,887463468
15195,99354355
15196,638366505
15197,331824762
15198,712282598
15199,577631225
15200,222428573
15201,937284508
15202,485978466
15203,958736923
15204,43930851
15205,487093152
15206,256677586
15207,823430308
15208,414729159
15209,599734560
15210,720633688
15211,627712269
15212,420255583
15213,602073609
15214,632200675
15215,571997324
15216,711361176
15217,399658979
15218,10272632
15219,883460378
15220,405972127
15221,497025173
15222,616551089
15223,842026007
15224,781712281
15225,610045863
15226,424858177
15227,670498087
15228,604788537
15229,883534229
15230,463152611
15231,845724415
15232,999345033
15233,624796972
15234,433615292
15235,56294760
15236,291646888
15237,423191741
15238,568683136
15239,763469999
15240,959669993
15241,710211322
15242,747761918
15243,204943672
15244,609481964
15245,481006082
15246,317825619
15247,143035136
15248,169503019
15249,541111300
15250,904123021
15251,611973633
15252,959010187
15253,920223442
15254,210582450
15255,226012650
15256,355772662
15257,794623121
15258,348122316
15259,639446148
15260,222100177
15261,166205417
15262,947941891
15263,755463387
15264,573037318
15265,176982302
15266,546421282
15267,858557673
15268,270201798
15269,818263967
15270,692379139
15271,522552064
15272,779839067
15273,285645777
15274,891503074
15275,135671560
15276,676068058
15277,183752484
15278,210933961
15279,996086211
15280,463147027
15281,194632622
15282,187599368
15283,339994786
15284,543125806
15285,833213807
15286,208699473
15287,846663249
15288,509187085
15289,247650641
15290,629171306
15291,552374926
15292,983928440
15293,422438667
15294,540324919
15295,930044861
15296,626735515
15297,946469184
15298,34913470
15299,277559658
15300,547839004
15301,460810445
15302,430977847
15303,711873767
15304,258773634
15305,72119564
15306,912044182
15307,793251366
15308,538969087
15309,296640352
15310,503479711
15311,439673968
15312,741513161
15313,608443236
15314,819993742
15315,872390439
15316,486355388
15317,33441312
15318,36516464
15319,493472445
15320,81502459
15321,626793972
15322,634710888
15323,961994147
15324,90387108
15325,876570328
15326,117794426
15327,448684841
15328,987214427
15329,601557617
15330,171954189
15331,823764735
15332,636890340
15333,518840165
15334,254654548
15335,481423024
15336,740125985
15337,350115768
15338,822349237
15339,938827524
15340,105996041
15341,797526721
15342,778229596
15343,487768881
15344,478793731
15345,839112133
15346,217139977
15347,745764116
15348,345480264
15349,805844944
15350,159000679
15351,211597409
15352,364352899
15353,924591076
15354,953953280
15355,732030373
15356,747629985
15357,742106899
15358,910117462
15359,390009215
15360,86471264
15361,24460191
15362,577456821
15363,241225515
15364,188069645
15365,731339620
15366,742867812
15367,579310877
15368,348666994
15369,794488153
15370,271894174
15371,148000293
15372,20813902
15373,55179103
15374,549460252
15375,154302242
15376,406821948
15377,53960185
15378,619927154
15379,257288189
15380,227646420
15381,390940679
15382,468006819
15383,556612081
15384,115828332
15385,928003804
15386,831845198
15387,589047362
15388,759517382
15389,63500706
15390,596913459
15391,390132956
15392,746075491
15393,207983183
15394,117200904
15395,485883983
15396,780581994
15397,846166677
15398,295215349
15399,283202240
15400,567583041
15401,640227911
15402,857865288
15403,291540175
15404,265752121
15405,701900004
15406,258902181
15407,679877766
15408,955560807
15409,685040083
15410,561258437
15411,667115131
15412,543302902
15413,506314753
15414,949515714
15415,271764168
15416,711776986
15417,437718753
15418,555681601
15419,354462772
15420,970939998
15421,257326028
15422,519363892
15423,705115037
15424,544555210
15425,775844686
15426,321011910
15427,405144548
15428,828756839
15429,263884917
15430,241343142
15431,45145248
15432,460179585
15433,240659782
15434,52363369
15435,721809942
15436,934908291
15437,994513864
15438,62941604
15439,673260265
15440,404387324
15441,736685375
15442,587748229
15443,784649468
15444,439556044
15445,241046879
15446,801869363
15447,694780160
15448,245871838
15449,248061592
15450,129981386
15451,782847026
15452,60480714
15453,417810601
15454,737556748
15455,646745645
15456,703650872
15457,967162931
15458,869344817
15459,353791700
15460,754009662
15461,493319803
15462,518590997
15463,639972148
15464,672752157
15465,338911342
15466,746305884
15467,680503097
15468,272121979
15469,272047046
15470,32953925
15471,602627219
15472,706530065
15473,81248556
15474,55123254
15475,485452559
15476,138928029
15477,390516390
15478,565924745
15479,171608626
15480,653932259
15481,395734425
15482,142522455
15483,154425305
15484,829772580
15485,384011542
15486,257449046
15487,127177182
15488,201420997
15489,767357532
15490,719725720
15491,547745594
15492,326076364
15493,274921393
15494,440480676
15495,755281540
15496,803137577
15497,700734678
15498,238190653
15499,393083174
15500,526873638
15501,802817750
15502,876984438
15503,492457033
15504,274433949
15505,326894567
15506,205349663
15507,302747770
15508,205540037
15509,600338288
15510,877189717
15511,23184057
15512,153124583
15513,732098751
15514,545049629
15515,316709849
15516,45301734
15517,556607610
15518,416281582
15519,86968822
15520,798871077
15521,179561267
15522,931591331
15523,14333922
15524,351535988
15525,132883838
15526,353453169
15527,701459223
15528,117698182
15529,449063984
15530,148292976
15531,630966376
15532,344554436
15533,302567370
15534,889990974
15535,134872198
15536,744405720
15537,323144121
15538,85806988
15539,784429323
15540,905055171
15541,194443735
15542,656702022
15543,51180753
15544,200952545
15545,644064519
15546,514274895
15547,806756859
15548,867136515
15549,434502412
15550,635498455
15551,436534035
15552,270642810
15553,802317017
15554,752194174
15555,121876292
15556,367480485
15557,923006186
15558,811125802
15559,842107073
15560,315571735
15561,57447359
15562,718219857
15563,541970365
15564,608133233
15565,477534815
15566,637111152
15567,649649313
15568,342313702
15569,913446457
15570,778129939
15571,761629174
15572,758971317
15573,33474102
15574,335031595
15575,857950605
15576,354581114
15577,114313168
15578,523120185
15579,523180464
15580,755290111
15581,963907942
15582,569111029
15583,24272490
15584,125355646
15585,93777172
15586,90494679
15587,760250850
15588,749642189
15589,359250896
15590,55479425
15591,240895086
15592,648980646
15593,120120513
15594,914991882
15595,438532019
15596,948575131
15597,512532756
15598,974419575
15599,987147999
15600,55984236
15601,29139332
15602,966285428
15603,179604834
15604,871435897
15605,204593956
15606,422002560
15607,936618615
15608,418836967
15609,576985079
15610,305538675
15611,405461321
15612,167240624
15613,400445057
15614,841110315
15615,894131046
15616,803236645
15617,366448664
15618,798841255
15619,107469474
15620,900298837
15621,568999842
15622,834003358
15623,304076374
15624,203260403
15625,217036313
15626,222921471
15627,652689211
15628,671025732
15629,226335300
15630,4674971
15631,485379826
15632,98336983
15633,608302427
15634,465235304
15635,538010060
15636,866065782
15637,376099337
15638,109203716
15639,846031364
15640,303594279
15641,299578608
15642,292573293
15643,773116247
15644,764083270
15645,328645168
15646,247346946
15647,260479523
15648,702563909
15649,975242872
15650,328123003
15651,230186431
15652,25546131
15653,776684358
15654,641791294
15655,467003720
15656,4776679
15657,535339825
15658,916361321
15659,324072098
15660,906351202
15661,522546803
15662,521819918
15663,422084572
15664,479243185
15665,360859409
15666,130966118
15667,400700520
15668,535043738
15669,423216855
15670,312463442
15671,763665429
15672,30211245
15673,463622852
15674,725568268
15675,373891510
15676,154186224
15677,307797310
15678,809878872
15679,538389056
15680,927315838
15681,26597180
15682,445295006
15683,87010055
15684,1838792
15685,32575526
15686,137557770
15687,472836041
15688,461368521
15689,938623705
15690,787702151
15691,617606343
15692,701355523
15693,51660474
15694,801526025
15695,953076021
15696,889801272
15697,514647249
15698,775265654
15699,921972329
15700,881903798
15701,337334662
15702,183772696
15703,502976930
15704,671685491
15705,427902970
15706,359054550
15707,445200827
15708,818062209
15709,604308651
15710,229544337
15711,762292232
15712,723453834
15713,367602916
15714,805562289
15715,357151283
15716,676940176
15717,140708161
15718,441079324
15719,23286799
15720,384297230
15721,66557415
15722,836035666
15723,335070542
15724,520670919
15725,945442769
15726,349283073
15727,181834183
15728,402181677
15729,878386040
15730,798760852
15731,869569436
15732,51896825
15733,907220125
15734,101394717
15735,708146292
15736,561690738
15737,901242309
15738,88853392
15739,330795552
15740,3415472
15741,18151483
15742,609987115
15743,757442694
15744,163042467
15745,34490710
15746,954972297
15747,350967818
15748,879425359
15749,676657
15750,143067219
15751,399133429
15752,155733955
15753,927901063
15754,576751052
15755,890705257
15756,795291266
15757,521789000
15758,620857327
15759,716443830
15760,147611160
15761,499054123
15762,193517001
15763,541244541
15764,97438132
15765,659733176
15766,521734921
15767,44911463
15768,480166101
15769,841572548
15770,922367633
15771,75952007
15772,874050500
15773,920630985
15774,398426854
15775,474973948
15776,287499649
15777,648545470
15778,911113139
15779,379866919
15780,891615262
15781,531568921
15782,404668140
15783,886789747
15784,283215557
15785,444135942
15786,282735448
15787,937012826
15788,854805158
15789,395462547
15790,606878204
15791,169520463
15792,305662018
15793,985493557
15794,975061370
15795,654561189
15796,988185014
15797,34874533
15798,820325504
15799,287596591
15800,754920988
15801,242939697
15802,898998468
15803,694231056
15804,282003172
15805,715509048
15806,321517827
15807,912355730
15808,510834589
15809,354617178
15810,330359347
15811,547187963
15812,590643617
15813,853982288
15814,825825652
15815,148645312
15816,476644350
15817,746587069
15818,81767044
15819,997827042
15820,493511564
15821,336934948
15822,113761676
15823,694507352
15824,302428165
15825,922563943
15826,326133445
15827,888524377
15828,472543984
15829,37040444
15830,619871239
15831,51952123
15832,826526880
15833,477134108
15834,35655608
15835,246272797
15836,244851548
15837,601614914
15838,212965585
15839,616516762
15840,625347943
15841,109908631
15842,723687700
15843,875998850
15844,720813483
15845,162324069
15846,65219427
15847,519866066
15848,212297377
15849,397161352
15850,750333004
15851,950077775
15852,420621211
15853,108323229
15854,575848750
15855,657396380
15856,26073424
15857,34017278
15858,903925321
15859,879138526
15860,64434118
15861,793880499
15862,50338707
15863,434319166
15864,148041494
15865,697508331
15866,895804140
15867,679349655
15868,99829475
15869,752305474
15870,866279823
15871,774865049
15872,635134192
15873,789497039
15874,920212504
15875,280606755
15876,717774838
15877,275935622
15878,363681584
15879,582432808
15880,862891199
15881,288506941
15882,964115616
15883,239902872
15884,836630477
15885,334768848
15886,198806517
15887,952095066
15888,743141325
15889,598229893
15890,904350695
15891,239710990
15892,273283846
15893,344257809
15894,503893697
15895,569160055
15896,762967344
15897,769586117
15898,580523195
15899,190351691
15900,211033690
15901,427732562
15902,880318059
15903,759998910
15904,782732635
15905,829967356
15906,688534610
15907,886971687
15908,414830198
15909,990493885
15910,398089165
15911,571739532
15912,456860787
15913,937896263
15914,47289944
15915,576290459
15916,807626990
15917,232483825
15918,574921682
15919,536510075
15920,905678347
15921,848864263
15922,385810030
15923,341242058
15924,251410658
15925,663143887
15926,388086453
15927,536417220
15928,196476994
15929,505358577
15930,37728427
15931,559334686
15932,43919851
15933,26579759
15934,493931497
15935,978043418
15936,426029667
15937,302506424
15938,498584644
15939,363004065
15940,926325217
15941,592492366
15942,250333341
15943,189190240
15944,931457988
15945,332741540
15946,366810243
15947,753703295
15948,153274985
15949,325255580
15950,434610774
15951,81023436
15952,432128759
15953,820339314
15954,991859723
15955,797107049
15956,376151591
15957,377517660
15958,86382423
15959,741671916
15960,939182846
15961,731387828
15962,314095665
15963,712008089
15964,329547307
15965,47370401
15966,362854753
15967,232331621
15968,6989085
15969,457231529
15970,201043403
15971,501599345
15972,282421633
15973,408981913
15974,792369015
15975,294096510
15976,575237396
15977,185822056
15978,835989977
15979,845088560
15980,270498482
15981,281924144
15982,688427255
15983,348266235
15984,802908631
15985,331132823
15986,682383743
15987,247331366
15988,79213269
15989,387892948
15990,912294796
15991,326669784
15992,226211890
15993,382512111
15994,951763706
15995,438211095
15996,514503232
15997,213652311
15998,812391964
15999,810313042
16000,958296440
16001,317039412
16002,56181366
16003,711153072
16004,653902740
16005,171096379
16006,241633239
16007,216480026
16008,27131547
16009,901597990
16010,593720711
16011,648739099
16012,664446056
16013,113584230
16014,267867060
16015,93036379
16016,156905035
16017,364259806
16018,315321958
16019,166411688
16020,333578898
16021,670842950
16022,31261666
16023,680567707
16024,610840957
16025,91916288
16026,320952880
16027,152465038
16028,864996801
16029,372675239
16030,973869463
16031,395328381
16032,746019786
16033,40195781
16034,782606401
16035,648494796
16036,877568038
16037,156458203
16038,658978704
16039,915230654
16040,682444539
16041,622126151
16042,517870297
16043,13587087
16044,129892576
16045,338624126
16046,355155769
16047,69835904
16048,110369959
16049,58283813
16050,210463090
16051,789761482
16052,104425545
16053,489931416
16054,813813725
16055,548930156
16056,43591558
16057,339314501
16058,185659236
16059,599353079
16060,254243625
16061,855793570
16062,889081875
16063,622098483
16064,363596015
16065,284030516
16066,71685595
16067,679465162
16068,162039201
16069,327735329
16070,74971556
16071,809169420
16072,513520295
16073,764029762
16074,693942662
16075,237999920
16076,999336637
16077,883082138
16078,505026731
16079,894196663
16080,432377730
16081,202883783
16082,102599659
16083,851054823
16084,160191613
16085,441036527
16086,345748317
16087,21041123
16088,296074553
16089,96975383
16090,529107982
16091,438080241
16092,558519724
16093,509623038
16094,515352675
16095,447588228
16096,552227406
16097,764038900
16098,727929210
16099,492664620
16100,591292329
16101,169447007
16102,6575935
16103,384170139
16104,50601438
16105,828714221
16106,485503206
16107,592436968
16108,9041541
16109,13722167
16110,208630970
16111,850252615
16112,170711886
16113,349776671
16114,478390027
16115,115941333
16116,789975411
16117,797057346
16118,157885175
16119,653943476
16120,846746743
16121,991618026
16122,130649146
16123,254865138
16124,729824701
16125,711149347
16126,530034613
16127,584998637
16128,646847582
16129,405376869
16130,407048231
16131,369799867
16132,819963359
16133,642418298
16134,536281492
16135,269134937
16136,217419609
16137,898364771
16138,431695684
16139,745463052
16140,965065960
16141,344884678
16142,852040927
16143,805675192
16144,502016167
16145,697887860
16146,34107
16147,289233776
16148,752470743
16149,6079504
16150,676425472
16151,178843732
16152,562512626
16153,85178324
16154,294940631
16155,414791032
16156,351750534
16157,170273914
16158,195043259
16159,203575786
16160,661449800
16161,802284753
16162,642009283
16163,31398805
16164,652645815
16165,598462819
16166,199007042
16167,541683069
16168,508137280
16169,263720384
16170,161912044
16171,740333558
16172,745027644
16173,502202040
16174,504893462
16175,41733101
16176,911793742
16177,181906092
16178,43531268
16179,561872783
16180,342279975
16181,905911189
16182,735071378
16183,288513313
16184,536108395
16185,118276910
16186,53465671
16187,605835105
16188,958338157
16189,528063153
16190,422093146
16191,308707362
16192,259156699
16193,499551317
16194,790956692
16195,65923758
16196,29083904
16197,110305616
16198,1550172
16199,738503940
16200,900260986
16201,939071195
16202,6274155
16203,878552086
16204,517760023
16205,826516694
16206,460126863
16207,856319771
16208,149613669
16209,415107674
16210,795899784
16211,516724594
16212,822575190
16213,832261967
16214,816762063
16215,955094659
16216,509597764
16217,351765083
16218,598189520
16219,274895232
16220,186989968
16221,975795457
16222,344824760
16223,687879534
16224,440063010
16225,584852148
16226,425415741
16227,179894624
16228,66246898
16229,186833302
16230,779723596
16231,649552142
16232,891101138
16233,740153661
16234,844111985
16235,255670052
16236,985582400
16237,746914920
16238,852294517
16239,223451764
16240,224381017
16241,156631739
16242,896733532
16243,309530984
16244,528947287
16245,150791126
16246,781553046
16247,222021347
16248,579832243
16249,81248549
16250,384168949
16251,865887997
16252,204526229
16253,962770161
16254,329183086
16255,6404281
16256,361099235
16257,573522388
16258,39405955
16259,26363340
16260,325983508
16261,104178455
16262,626289157
16263,515439162
16264,28306750
16265,395092965
16266,446549111
16267,330140960
16268,841308441
16269,796262716
16270,906729989
16271,51875173
16272,905015349
16273,68264044
16274,39301671
16275,332645174
16276,181580992
16277,845801752
16278,141812881
16279,158541562
16280,431815173
16281,465211954
16282,606683067
16283,719061829
16284,752738094
16285,712348865
16286,25502535
16287,946921111
16288,927727064
16289,768619002
16290,537690548
16291,149706270
16292,311681364
16293,786582699
16294,106195447
16295,25412722
16296,177000462
16297,366178965
16298,631788988
16299,345271729
16300,216302478
16301,308495205
16302,354437904
16303,850954930
16304,612224846
16305,940541099
16306,397304494
16307,553460030
16308,75961658
16309,368612835
16310,472130901
16311,159261168
16312,322614872
16313,168101724
16314,395842403
16315,479176812
16316,340131166
16317,49940286
16318,997656741
16319,178793796
16320,567900297
16321,643479477
16322,150834342
16323,475413618
16324,129390628
16325,965300899
16326,255362999
16327,403188156
16328,134850304
16329,318849140
16330,366607650
16331,699892150
16332,342006738
16333,321597751
16334,255066278
16335,505012788
16336,110354194
16337,838601833
16338,754632259
16339,469980466
16340,181900247
16341,267266387
16342,307649498
16343,162181732
16344,75032918
16345,890312027
16346,217209303
16347,811898096
16348,820329488
16349,147962954
16350,503913767
16351,501314334
16352,196634543
16353,105591652
16354,574915858
16355,510228781
16356,941297483
16357,542575959
16358,877200702
16359,788125868
16360,784953141
16361,535308455
16362,770398297
16363,487569841
16364,741154113
16365,278993965
16366,976811122
16367,618504060
16368,31331128
16369,519863849
16370,89126247
16371,256233273
16372,818634399
16373,749571348
16374,162311535
16375,817580276
16376,172535343
16377,368918173
16378,452206597
16379,509392783
16380,6636856
16381,684860528
16382,463361542
16383,791920002
16384,454617012
16385,314861293
16386,759021177
16387,414301385
16388,696799914
16389,470442955
16390,595650539
16391,210165628
16392,493235605
16393,861275237
16394,710282856
16395,187871996
16396,909407186
16397,1337981
16398,78589519
16399,874802967
16400,217427080
16401,474442229
16402,538102279
16403,322433815
16404,629046610
16405,823585347
16406,374132614
16407,592958926
16408,533854210
16409,915641497
16410,309346406
16411,456859970
16412,955775108
16413,474396898
16414,350453287
16415,11319853
16416,619394205
16417,772469425
16418,476721843
16419,593157871
16420,560144342
16421,886870801
16422,887125187
16423,908917591
16424,221304429
16425,110365700
16426,459302391
16427,138795903
16428,942130841
16429,760319027
16430,7369193
16431,778004248
16432,353649910
16433,201432085
16434,102362321
16435,755250050
16436,393400423
16437,546132911
16438,606029728
16439,741274421
16440,248935605
16441,192162498
16442,379656550
16443,350177150
16444,688950821
16445,238155085
16446,381459545
16447,295310288
16448,849373389
16449,475785359
16450,219280906
16451,468354974
16452,184340046
16453,903319595
16454,521300199
16455,743557940
16456,346438025
16457,231635185
16458,435199561
16459,327927079
16460,365319021
16461,12182113
16462,3132510
16463,114551768
16464,591182880
16465,563847539
16466,431165719
16467,405301088
16468,879209607
16469,913736394
16470,355629380
16471,820854289
16472,248010236
16473,474595184
16474,175567006
16475,606962317
16476,14770102
16477,517939105
16478,874282516
16479,544405335
16480,22279636
16481,78521305
16482,105129825
16483,139712933
16484,600325745
16485,203932027
16486,299687803
16487,410883969
16488,493551241
16489,997548744
16490,670521669
16491,51965906
16492,126387874
16493,278881197
16494,419553144
16495,707974559
16496,528788982
16497,562973772
16498,518159822
16499,535242731
16500,655108604
16501,94247193
16502,551356331
16503,26176426
16504,496335021
16505,250107408
16506,728748443
16507,894348786
16508,882132625
16509,657092803
16510,335835046
16511,598539370
16512,89629287
16513,973177740
16514,25520588
16515,730180643
16516,431511911
16517,377384240
16518,200838079
16519,230277448
16520,177496777
16521,430906349
16522,583234947
16523,773888066
16524,762075435
16525,994590460
16526,760767711
16527,569481293
16528,325155448
16529,789148538
16530,88559167
16531,258454078
16532,449603186
16533,965426605
16534,958876834
16535,421499964
16536,192371837
16537,99009502
16538,399948104
16539,290489606
16540,383447553
16541,721081386
16542,609181899
16543,749892044
16544,97068386
16545,415187691
16546,438387695
16547,41151126
16548,245686186
16549,196359005
16550,547065382
16551,776674660
16552,821892174
16553,103555764
16554,570990609
16555,29634147
16556,893908145
16557,826379552
16558,770824321
16559,307345938
16560,957389282
16561,651692298
16562,248925670
16563,562932983
16564,863543953
16565,231394926
16566,168467770
16567,650742238
16568,450263639
16569,595655601
16570,899552127
16571,618583798
16572,956766515
16573,36640190
16574,70529993
16575,26028185
16576,380793932
16577,875917033
16578,233744400
16579,61873793
16580,191722694
16581,12043488
16582,277805568
16583,898322520
16584,846378470
16585,428596843
16586,864350967
16587,148664665
16588,17973431
16589,915942145
16590,974283332
16591,312913888
16592,650726943
16593,874152328
16594,178580524
16595,447938424
16596,569170598
16597,209427848
16598,394331511
16599,931879008
16600,52857975
16601,602724697
16602,284659433
16603,14272925
16604,660011692
16605,891599929
16606,532504238
16607,317762572
16608,552945715
16609,644350241
16610,115012572
16611,208469117
16612,281987458
16613,834207044
16614,760244921
16615,95401256
16616,986856176
16617,680449305
16618,849919334
16619,266992121
16620,48388685
16621,345711784
16622,409935555
16623,756742643
16624,12969082
16625,628636289
16626,944195768
16627,317178125
16628,391807429
16629,377988669
16630,292528788
16631,832413839
16632,163471850
16633,286211014
16634,618383711
16635,48340834
16636,718760625
16637,560924301
16638,514193851
16639,321736963
16640,679012307
16641,841622334
16642,484492273
16643,195594708
16644,974675313
16645,689059054
16646,197699248
16647,215353425
16648,468842855
16649,171794325
16650,474162282
16651,251150072
16652,638959358
16653,128683170
16654,99992973
16655,875116242
16656,826688640
16657,509984248
16658,952231088
16659,336750511
16660,893635277
16661,200748275
16662,546333128
16663,934197599
16664,887022861
16665,631562288
16666,574942607
16667,803929789
16668,94118862
16669,266111149
16670,492897806
16671,889350442
16672,107957700
16673,687872201
16674,630291860
16675,993214210
16676,313148825
16677,383785088
16678,943668504
16679,951111559
16680,69043236
16681,587897758
16682,414874268
16683,869593730
16684,692813946
16685,800198752
16686,507865910
16687,885197819
16688,559869899
16689,568626824
16690,922092786
16691,913403634
16692,361091689
16693,616698602
16694,622008782
16695,395451062
16696,103258223
16697,361754882
16698,146766741
16699,378573647
16700,315310751
16701,634758338
16702,480314686
16703,448158994
16704,551606382
16705,828746923
16706,730825697
16707,150376752
16708,890008108
16709,494263569
16710,887668306
16711,155525310
16712,973175484
16713,875975917
16714,762662267
16715,491558319
16716,719103844
16717,397189860
16718,991504858
16719,933631452
16720,127573676
16721,635071552
16722,216703114
16723,483183926
16724,708903359
16725,13842669
16726,343910685
16727,191176775
16728,303552614
16729,933775759
16730,813370326
16731,624965600
16732,820373629
16733,437750268
16734,391131496
16735,286776799
16736,81825090
16737,511311883
16738,292849077
16739,448911493
16740,376559020
16741,25577310
16742,380859416
16743,558129706
16744,891061816
16745,794756624
16746,603468279
16747,471815939
16748,215215653
16749,83050095
16750,112152093
16751,240513292
16752,420476873
16753,773365036
16754,493911426
16755,958193539
16756,569668228
16757,818269831
16758,313631893
16759,638027918
16760,493366853
16761,509885888
16762,236895824
16763,516881666
16764,952254369
16765,389050937
16766,148564453
16767,390774907
16768,673392213
16769,454357729
16770,481032499
16771,870345910
16772,674763985
16773,566655359
16774,401051779
16775,979069982
16776,86562073
16777,145535831
16778,253007544
16779,598137722
16780,673233407
16781,165167019
16782,365754513
16783,210211271
16784,438378641
16785,155713666
16786,708349546
16787,261330001
16788,771253334
16789,13089523
16790,227122668
16791,577462415
16792,530909400
16793,77185327
16794,768548410
16795,734138141
16796,573127083
16797,103541210
16798,975734137
16799,160626280
16800,835697770
16801,98429364
16802,343474844
16803,157743931
16804,590491468
16805,806733929
16806,419478251
16807,249334189
16808,722801935
16809,763735478
16810,162713642
16811,697086089
16812,218462945
16813,367563233
16814,499534248
16815,389492195
16816,911964787
16817,422831896
16818,994289956
16819,233762535
16820,889465787
16821,643298488
16822,696632060
16823,4883768
16824,79217781
16825,924712082
16826,626557662
16827,559748045
16828,282366392
16829,726509357
16830,513966642
16831,605418177
16832,204746530
16833,865533193
16834,166602597
16835,615320612
16836,925777541
16837,332724140
16838,301688566
16839,613984643
16840,885525595
16841,703417948
16842,874237257
16843,239152545
16844,815721170
16845,894301030
16846,17633615
16847,717925268
16848,746431112
16849,588888286
16850,76921083
16851,949894754
16852,132294395
16853,964910703
16854,697529011
16855,313744255
16856,516599639
16857,482398412
16858,557974725
16859,477057508
16860,81248415
16861,137136812
16862,118331032
16863,551022795
16864,250506074
16865,945172686
16866,886567042
16867,237975853
16868,155852300
16869,505833187
16870,234136876
16871,157295721
16872,217716699
16873,827301396
16874,487935821
16875,165235398
16876,730179563
16877,973380926
16878,13773395
16879,217649197
16880,495667298
16881,721425749
16882,313281837
16883,828923854
16884,452434548
16885,564469363
16886,48839940
16887,128295255
16888,473761077
16889,160420464
16890,379164572
16891,830999951
16892,830272157
16893,561999831
16894,401479384
16895,889386182
16896,217061606
16897,893337158
16898,158002443
16899,143806945
16900,595185135
16901,509258426
16902,369148322
16903,868903116
16904,442671106
16905,815098918
16906,378957940
16907,545042435
16908,519098764
16909,408479652
16910,637536526
16911,516633730
16912,414100529
16913,228093839
16914,745519477
16915,713403982
16916,898034826
16917,134521360
16918,371358780
16919,173071813
16920,667203939
16921,494353858
16922,964759540
16923,460824435
16924,561200047
16925,328419250
16926,603015325
16927,257534647
16928,665717994
16929,348912607
16930,482764232
16931,24229647
16932,15856285
16933,993750621
16934,521901208
16935,197086408
16936,683388101
16937,108084169
16938,471251203
16939,635443826
16940,458788377
16941,959991751
16942,492803253
16943,305277128
16944,772002416
16945,78978456
16946,468557676
16947,365350195
16948,180333235
16949,107836733
16950,93326501
16951,994824490
16952,976258314
16953,421762926
16954,304576514
16955,478867502
16956,339997908
16957,859289215
16958,284414358
16959,276804908
16960,333381501
16961,533602295
16962,4954533
16963,559550031
16964,133507747
16965,499532566
16966,882792710
16967,326665405
16968,505447311
16969,279987643
16970,866240423
16971,824872056
16972,392271457
16973,180564256
16974,28540382
16975,398784860
16976,534876809
16977,213369612
16978,474740038
16979,703878001
16980,558590592
16981,849785073
16982,872137400
16983,710072040
16984,924094894
16985,220152823
16986,783270761
16987,970609078
16988,956809866
16989,697868369
16990,983946276
16991,442502268
16992,813865197
16993,233141980
16994,398804611
16995,419545426
16996,469078711
16997,939433986
16998,27927590
16999,193294495
17000,347198611
17001,64295373
17002,457972097
17003,403757630
17004,302246743
17005,793242783
17006,57812411
17007,82063018
17008,677966962
17009,622254324
17010,29081332
17011,321563616
17012,67353563
17013,985125280
17014,274075373
17015,2113237
17016,383153169
17017,312773432
17018,770785836
17019,213391070
17020,246556359
17021,333980994
17022,90678711
17023,864062516
17024,177064577
17025,227087896
17026,587789762
17027,119881901
17028,308088322
17029,171466444
17030,191302061
17031,775451409
17032,251376664
17033,856677738
17034,971413313
17035,894326342
17036,106964448
17037,37134115
17038,555502996
17039,341004707
17040,138723949
17041,575859673
17042,27428861
17043,974827584
17044,945070269
17045,79393168
17046,424943702
17047,242105264
17048,906367526
17049,491950290
17050,733502423
17051,828162145
17052,85674705
17053,773903984
17054,624298682
17055,605788023
17056,121388391
17057,549905808
17058,246885252
17059,515840356
17060,213608444
17061,566100054
17062,700337941
17063,726852759
17064,324615225
17065,965754096
17066,217834568
17067,486260804
17068,581022403
17069,807052094
17070,168575861
17071,277965916
17072,935184680
17073,572547653
17074,181903853
17075,375656593
17076,868163068
17077,565702223
17078,85233486
17079,692225952
17080,989971799
17081,622304979
17082,831145681
17083,666307322
17084,79602358
17085,404889931
17086,668870215
17087,977992295
17088,39560026
17089,468173337
17090,351594417
17091,761004186
17092,888868071
17093,258366778
17094,43200315
17095,535850106
17096,698393442
17097,171770054
17098,523030489
17099,913307631
17100,733168748
17101,383986997
17102,526309011
17103,433687766
17104,86506503
17105,885064202
17106,420517680
17107,923981721
17108,587047878
17109,575950350
17110,939105457
17111,255060399
17112,161309317
17113,260267168
17114,448095690
17115,183809725
17116,297468487
17117,129185541
17118,867322384
17119,545167596
17120,653706210
17121,153164168
17122,337038904
17123,838857339
17124,532105981
17125,784993233
17126,198263654
17127,241315614
17128,865266943
17129,316235152
17130,465182035
17131,834572047
17132,951122314
17133,134656465
17134,451131538
17135,677238049
17136,320932417
17137,736922204
17138,850381145
17139,758415117
17140,41118212
17141,373087366
17142,917586313
17143,861484201
17144,916515497
17145,638045528
17146,810322970
17147,115491822
17148,726225468
17149,882469046
17150,351976560
17151,254573937
17152,490677227
17153,207454371
17154,865477729
17155,196264539
17156,184948962
17157,424058972
17158,166983609
17159,295847590
17160,900646764
17161,970232466
17162,532603645
17163,725337092
17164,982465831
17165,271903592
17166,904763155
17167,477533780
17168,582801354
17169,349663194
17170,988878328
17171,953355930
17172,239771994
17173,715479522
17174,478669961
17175,996854282
17176,318158333
17177,650562985
17178,370914712
17179,656445287
17180,646784576
17181,449759730
17182,94382614
17183,879654415
17184,769929909
17185,499138961
17186,54210379
17187,397679084
17188,518682529
17189,350371358
17190,71073196
17191,480442289
17192,56117871
17193,392456848
17194,104590604
17195,961335596
17196,659730391
17197,684065236
17198,156331964
17199,159537618
17200,832406103
17201,120755064
17202,777079050
17203,739383089
17204,214374518
17205,21369882
17206,596324623
17207,692571629
17208,659867008
17209,116811200
17210,131659203
17211,38936936
17212,577241262
17213,609819175
17214,439340355
17215,436381321
17216,970811922
17217,251689400
17218,391162353
17219,361852851
17220,887184785
17221,690093688
17222,528895482
17223,654026373
17224,880289818
17225,7723129
17226,766394727
17227,959782071
17228,238622482
17229,70144319
17230,980819642
17231,69847100
17232,333825011
17233,57859141
17234,827024827
17235,588777561
17236,759845172
17237,614131568
17238,560468360
17239,252495406
17240,727686780
17241,355627005
17242,547081786
17243,910178485
17244,85182146
17245,935222099
17246,761460677
17247,86641257
17248,27556612
17249,865854938
17250,427444291
17251,342091397
17252,704930625
17253,191952845
17254,46635905
17255,259400433
17256,174293636
17257,314582302
17258,847340862
17259,319605799
17260,696562322
17261,583822152
17262,325853345
17263,711938967
17264,940675580
17265,987451223
17266,566938611
17267,913650418
17268,171887466
17269,255393693
17270,366688785
17271,491519268
17272,677532269
17273,902809710
17274,275041378
17275,988401862
17276,29200057
17277,939325911
17278,729429790
17279,499514077
17280,634030698
17281,726687138
17282,142686855
17283,459659689
17284,250984747
17285,813582474
17286,127595269
17287,959433844
17288,44736501
17289,52094456
17290,612888212
17291,404827402
17292,141615246
17293,522376838
17294,927483368
17295,833570519
17296,492996883
17297,644481499
17298,559576688
17299,291620432
17300,585810745
17301,793485327
17302,613401529
17303,319887671
17304,125372015
17305,935321562
17306,925727763
17307,552258596
17308,664370282
17309,96594627
17310,677713232
17311,786659991
17312,940450716
17313,528775435
17314,515890314
17315,604630610
17316,302577196
17317,604236507
17318,249534401
17319,488556887
17320,115629473
17321,726588939
17322,374804610
17323,919299561
17324,484651479
17325,873415748
17326,599720271
17327,307292675
17328,806192017
17329,311532634
17330,299882439
17331,366867208
17332,1075601
17333,654160301
17334,428778964
17335,270800905
17336,244627591
17337,279300125
17338,518278855
17339,958181520
17340,899472865
17341,881088376
17342,200930102
17343,602870063
17344,924796589
17345,619673839
17346,171052873
17347,822119580
17348,48089111
17349,902824411
17350,48172914
17351,469121460
17352,808277427
17353,881014331
17354,23088360
17355,501910118
17356,970805202
17357,145185806
17358,75820677
17359,387836379
17360,616520484
17361,783570635
17362,7411103
17363,650406251
17364,367177266
17365,73793071
17366,590662257
17367,123036436
17368,491215242
17369,13314906
17370,529942089
17371,215715313
17372,715971944
17373,906281177
17374,625053512
17375,544633030
17376,684752815
17377,431164989
17378,273548002
17379,151969346
17380,862462535
17381,426605930
17382,435041604
17383,128874166
17384,676745833
17385,633216519
17386,981744157
17387,691357611
17388,115435519
17389,462672880
17390,898830422
17391,364673060
17392,657669971
17393,768985905
17394,699651244
17395,918532074
17396,70732791
17397,52390378
17398,377465294
17399,232833190
17400,273028415
17401,698247492
17402,644675604
17403,407469266
17404,600507334
17405,276069151
17406,990917016
17407,522939665
17408,454106971
17409,40981030
17410,4535362
17411,75446818
17412,183249117
17413,620446963
17414,389360948
17415,836103502
17416,486918118
17417,70012772
17418,502550460
17419,428657073
17420,80083861
17421,369816348
17422,137682144
17423,862834020
17424,283160541
17425,572286155
17426,744269661
17427,883946890
17428,769730756
17429,53906954
17430,452632326
17431,749405606
17432,452496560
17433,802476755
17434,736547956
17435,290243519
17436,813998743
17437,920659237
17438,345199002
17439,378211369
17440,367691399
17441,477128426
17442,656793516
17443,164288370
17444,533006115
17445,55481071
17446,857842880
17447,763334122
17448,407477737
17449,70174279
17450,176806261
17451,442328031
17452,295263142
17453,189804371
17454,143984698
17455,971272355
17456,110664372
17457,164347268
17458,364095899
17459,238230218
17460,244553195
17461,408201000
17462,77166569
17463,97292344
17464,726126751
17465,868097009
17466,400276236
17467,716319410
17468,92176473
17469,473053840
17470,494001914
17471,228201241
17472,478489622
17473,857373554
17474,200687571
17475,711181905
17476,71048873
17477,842048167
17478,750297427
17479,985994728
17480,51078616
17481,133330773
17482,434109229
17483,903830516
17484,914180974
17485,38548410
17486,717378774
17487,588965410
17488,121373351
17489,380174819
17490,958904910
17491,563821182
17492,76323631
17493,496776773
17494,287268253
17495,983824179
17496,255482435
17497,822529765
17498,210970171
17499,90847232
17500,409833498
17501,977901872
17502,514643087
17503,243123843
17504,80233921
17505,181297043
17506,690530418
17507,395467755
17508,138414384
17509,761418214
17510,186517093
17511,842456015
17512,217136150
17513,74723233
17514,148031537
17515,902691981
17516,896235706
17517,483866143
17518,398935810
17519,648804922
17520,409728212
17521,400807277
17522,43179740
17523,348207058
17524,938791731
17525,577727871
17526,394014826
17527,310765260
17528,218423397
17529,657335660
17530,126747806
17531,597955296
17532,311166123
17533,71688274
17534,336065270
17535,378391647
17536,243987559
17537,515683356
17538,275924479
17539,506627152
17540,477677020
17541,214843839
17542,782874690
17543,892433186
17544,73165561
17545,321805875
17546,715311701
17547,710089678
17548,952589942
17549,141551077
17550,224768371
17551,564651077
17552,239483649
17553,836492259
17554,193287744
17555,503643804
17556,976579791
17557,454322961
17558,377488305
17559,719688382
17560,221876992
17561,149060059
17562,689048171
17563,391827488
17564,338944832
17565,913735838
17566,291184226
17567,149150028
17568,627199728
17569,956605415
17570,599925713
17571,587837832
17572,713870230
17573,758125497
17574,130221504
17575,212543882
17576,686902367
17577,990118764
17578,141448554
17579,280970386
17580,221954347
17581,893441123
17582,532424957
17583,661981469
17584,969723059
17585,663518514
17586,182075293
17587,925674001
17588,956324321
17589,548781819
17590,535686428
17591,296327061
17592,430357686
17593,317413651
17594,613227109
17595,796397449
17596,70308072
17597,182862279
17598,105326761
17599,679011571
17600,476964430
17601,172834170
17602,896389742
17603,418016646
17604,105949604
17605,701205521
17606,105532477
17607,799088131
17608,152350680
17609,76479268
17610,699767402
17611,130044998
17612,479729471
17613,696120468
17614,780012692
17615,793394476
17616,674633188
17617,762837342
17618,642463484
17619,176826455
17620,969521781
17621,320035312
17622,295534860
17623,457007843
17624,916007380
17625,266115516
17626,642741208
17627,74379027
17628,783701307
17629,641114619
17630,233086988
17631,880921993
17632,262280879
17633,832590853
17634,77793235
17635,840181390
17636,555490413
17637,613501657
17638,827676745
17639,166276678
17640,837515887
17641,70559657
17642,624813186
17643,409907340
17644,745612107
17645,959236087
17646,990575938
17647,200298355
17648,654650281
17649,253533481
17650,846373988
17651,408460969
17652,221316323
17653,332644266
17654,962618784
17655,363596935
17656,661296198
17657,630290850
17658,865574415
17659,118451396
17660,714303794
17661,35824298
17662,28670258
17663,891563320
17664,333139247
17665,816102537
17666,535763417
17667,253358158
17668,428564101
17669,659366355
17670,274737810
17671,86417653
17672,246663471
17673,931623516
17674,27936507
17675,911446048
17676,669855681
17677,392740267
17678,513247787
17679,545816313
17680,640306477
17681,735872253
17682,577640774
17683,466562238
17684,845292042
17685,462411690
17686,962919625
17687,207285450
17688,69227149
17689,490222220
17690,574328882
17691,98452567
17692,623826852
17693,734025862
17694,42905500
17695,188744509
17696,729042877
17697,287479572
17698,663634987
17699,924881383
17700,868742028
17701,776693497
17702,175823502
17703,24021672
17704,69002896
17705,753451492
17706,474972835
17707,642152147
17708,299499893
17709,441286888
17710,208070343
17711,874251777
17712,773091168
17713,245207523
17714,954227508
17715,706536295
17716,298525402
17717,950437296
17718,501043262
17719,434838394
17720,460634360
17721,247796252
17722,917302541
17723,799949859
17724,615204404
17725,218974153
17726,66688600
17727,241877842
17728,819805883
17729,494374113
17730,87448098
17731,832663019
17732,488337578
17733,398430908
17734,482837066
17735,431915172
17736,943365422
17737,555913309
17738,946514371
17739,117132803
17740,375806659
17741,700449619
17742,571904240
17743,221438841
17744,300490108
17745,835113978
17746,771008941
17747,691710281
17748,327853122
17749,79555824
17750,102592880
17751,643287338
17752,774505241
17753,330419464
17754,906168065
17755,404112620
17756,983518809
17757,127288903
17758,874831831
17759,332990115
17760,159289832
17761,889057127
17762,794481631
17763,963925468
17764,193831757
17765,485042131
17766,876633211
17767,672412797
17768,545572328
17769,864066787
17770,1645788
17771,813554672
17772,392126089
17773,467061606
17774,722894155
17775,537572053
17776,506511339
17777,367793044
17778,780127402
17779,811929639
17780,274185831
17781,474060795
17782,908307032
17783,180587933
17784,269834991
17785,85412597
17786,616068675
17787,776433278
17788,631474847
17789,92400230
17790,710504759
17791,55557676
17792,378116291
17793,290054361
17794,463336192
17795,199713835
17796,907804976
17797,862735050
17798,815637649
17799,550771280
17800,563903029
17801,624139030
17802,234033776
17803,748284520
17804,768396669
17805,820809218
17806,726387131
17807,179941310
17808,642226276
17809,34045171
17810,275330347
17811,656000703
17812,521096590
17813,103913378
17814,84818962
17815,316275664
17816,329020924
17817,841624206
17818,416062255
17819,640744329
17820,45779716
17821,173721536
17822,449638375
17823,273526467
17824,489422347
17825,397889805
17826,266633893
17827,437491809
17828,967544370
17829,507227334
17830,553002849
17831,963712814
17832,711290521
17833,837324755
17834,637384408
17835,203658141
17836,824868567
17837,404882151
17838,206499207
17839,84773590
17840,671889309
17841,863735268
17842,887544542
17843,392804929
17844,555486505
17845,795067199
17846,807742443
17847,707726895
17848,557665064
17849,482553150
17850,97150648
17851,967836697
17852,414305251
17853,870801811
17854,327484657
17855,329455779
17856,414713565
17857,652956865
17858,456430062
17859,520580151
17860,900352519
17861,847987805
17862,402370095
17863,710644748
17864,538572532
17865,505491324
17866,335394757
17867,474774327
17868,174954411
17869,920158009
17870,5378473
17871,172167778
17872,681595777
17873,90892796
17874,844033804
17875,25691759
17876,237909596
17877,75966660
17878,523939564
17879,896249235
17880,795056514
17881,239924131
17882,349722043
17883,601833373
17884,669733892
17885,519657645
17886,896699482
17887,326936208
17888,513846942
17889,790156532
17890,618682980
17891,310317896
17892,798205293
17893,215823139
17894,574475585
17895,516403061
17896,638634532
17897,938129049
17898,639458952
17899,260310695
17900,374581321
17901,375837546
17902,562322147
17903,975585515
17904,8178773
17905,828868182
17906,952011704
17907,420687118
17908,336149134
17909,41278747
17910,115993327
17911,980833678
17912,153101614
17913,432309515
17914,90598120
17915,154631674
17916,174494942
17917,498229924
17918,767505780
17919,462751438
17920,255632646
17921,812047651
17922,554090852
17923,701201403
17924,20218497
17925,66733691
17926,324756645
17927,623888670
17928,34419245
17929,550464272
17930,925444074
17931,753324922
17932,443357653
17933,472951958
17934,592294134
17935,17646478
17936,803697698
17937,942259869
17938,984738589
17939,631870960
17940,783564780
17941,156869542
17942,560328021
17943,953384240
17944,512847532
17945,255214160
17946,565735690
17947,547937891
17948,745882617
17949,285632149
17950,410136196
17951,444858305
17952,13030124
17953,285591486
17954,763252396
17955,206809202
17956,463403918
17957,981742029
17958,450368803
17959,331321144
17960,853694316
17961,525706124
17962,463732697
17963,552467607
17964,920865113
17965,193932127
17966,645456505
17967,144546084
17968,446170976
17969,590542356
17970,372286598
17971,368037777
17972,114557599
17973,818137363
17974,624890456
17975,892095874
17976,965317082
17977,515386542
17978,226535224
17979,916147007
17980,562000145
17981,182665279
17982,453009964
17983,793446831
17984,39099294
17985,672428564
17986,844280807
17987,235805588
17988,868950319
17989,697155334
17990,221146018
17991,470078603
17992,804588450
17993,714241109
17994,951317617
17995,678845050
17996,428357327
17997,705536641
17998,811866388
17999,471236999
18000,215493673
18001,874423995
18002,633780218
18003,917445258
18004,582399668
18005,838974772
18006,348258655
18007,230798934
18008,862595661
18009,557387606
18010,3998648
18011,488519564
18012,768232762
18013,844773496
18014,628569542
18015,110166835
18016,389849096
18017,326517551
18018,231780197
18019,49770204
18020,74595246
18021,60811172
18022,33071440
18023,726857669
18024,643019504
18025,973094874
18026,597883904
18027,197512903
18028,276606284
18029,203580345
18030,781672050
18031,942960560
18032,422166794
18033,34030111
18034,625273213
18035,779976280
18036,326207747
18037,910932472
18038,434602892
18039,99311892
18040,818963579
18041,464520967
18042,634818150
18043,5488081
18044,643538083
18045,691519099
18046,879099158
18047,773518426
18048,489377322
18049,583505081
18050,235916495
18051,692887729
18052,203246531
18053,177622191
18054,110827898
18055,45312958
18056,670552627
18057,917213839
18058,493362986
18059,131168976
18060,481107735
18061,353831647
18062,146264367
18063,296678935
18064,36573006
18065,843004430
18066,724506130
18067,940129662
18068,902719528
18069,123346322
18070,591242020
18071,669001804
18072,569326826
18073,504555236
18074,36591284
18075,650594766
18076,426517143
18077,164614985
18078,569829603
18079,35283086
18080,70263784
18081,279822412
18082,122729187
18083,890486827
18084,569566530
18085,917909705
18086,277488881
18087,399931411
18088,44679815
18089,890739814
18090,868806727
18091,491807102
18092,319626581
18093,818077492
18094,867119822
18095,764513915
18096,537858740
18097,830205182
18098,996164233
18099,540217362
18100,354893861
18101,91816357
18102,104129358
18103,466569967
18104,742963559
18105,276215530
18106,806587752
18107,526268674
18108,685157008
18109,534738670
18110,574300204
18111,244976262
18112,950719651
18113,928628385
18114,653401737
18115,971975353
18116,873221533
18117,943312250
18118,156600466
18119,996810712
18120,51659271
18121,756045619
18122,831406981
18123,14430565
18124,87750874
18125,348688017
18126,16255015
18127,910209413
18128,871822173
18129,317837771
18130,265279006
18131,283018494
18132,728652626
18133,843242029
18134,294359700
18135,421440082
18136,839076113
18137,711711077
18138,615658666
18139,156283874
18140,892020168
18141,610835807
18142,162854060
18143,634754091
18144,618406533
18145,637880569
18146,285575485
18147,896143105
18148,934414992
18149,110090623
18150,751536911
18151,318919435
18152,586522898
18153,722372388
18154,382551628
18155,467238615
18156,166372324
18157,904150964
18158,461043734
18159,114466016
18160,632748352
18161,168006963
18162,426133279
18163,434443227
18164,34450489
18165,197275323
18166,898719152
18167,940759010
18168,370867598
18169,904305051
18170,969949727
18171,64347316
18172,258225403
18173,248099066
18174,313270734
18175,489266360
18176,406019205
18177,155764982
18178,634946668
18179,104332977
18180,839202720
18181,982990257
18182,76514020
18183,153741043
18184,205253823
18185,716328954
18186,51248672
18187,978592795
18188,323949952
18189,771900045
18190,343142003
18191,683776678
18192,827810324
18193,282336727
18194,342040090
18195,948973163
18196,580564869
18197,330883049
18198,36575572
18199,816625158
18200,961699420
18201,680086080
18202,902257031
18203,48095462
18204,429879963
18205,417797255
18206,308537124
18207,233992802
18208,295546682
18209,140763426
18210,454627654
18211,808774287
18212,287156239
18213,81256699
18214,415108019
18215,612498578
18216,366477772
18217,217321198
18218,655203995
18219,369064748
18220,165785981
18221,916966818
18222,863898467
18223,149830315
18224,907065982
18225,327441289
18226,300219925
18227,124496709
18228,880143612
18229,582266022
18230,188795330
18231,109401501
18232,976986319
18233,915769889
18234,718847752
18235,776975689
18236,782837062
18237,187339748
18238,120654725
18239,28620765
18240,14922039
18241,688273353
18242,28388317
18243,86027950
18244,691231356
18245,784114523
18246,40288265
18247,769289011
18248,521394468
18249,218259315
18250,990033065
18251,62788611
18252,179853556
18253,623538521
18254,538602735
18255,634858094
18256,996218293
18257,88231192
18258,592657092
18259,265224952
18260,509337642
18261,284996912
18262,31533382
18263,638746541
18264,858371063
18265,226235280
18266,171737073
18267,713851513
18268,192629228
18269,963202229
18270,7783787
18271,593531100
18272,285623993
18273,834532767
18274,286790036
18275,629679094
18276,824873658
18277,353576759
18278,268238858
18279,841990371
18280,406038849
18281,110288091
18282,810125769
18283,805661833
18284,383337336
18285,931176457
18286,747253103
18287,727585598
18288,339621323
18289,779780152
18290,117592744
18291,35395867
18292,742036057
18293,892340417
18294,862655152
18295,265442239
18296,313859715
18297,467775030
18298,149561696
18299,91514316
18300,848288653
18301,953998899
18302,308834752
18303,985271926
18304,914797636
18305,665257196
18306,315739105
18307,436275068
18308,425342947
18309,531812750
18310,901322300
18311,411058444
18312,445170280
18313,8846286
18314,10203969
18315,863484371
18316,818699541
18317,770695227
18318,316580840
18319,622332343
18320,783749134
18321,263064631
18322,587084289
18323,848697049
18324,783937884
18325,180667630
18326,411099302
18327,309611196
18328,990337661
18329,375197091
18330,141821593
18331,966254322
18332,883682913
18333,429141437
18334,749544228
18335,987414450
18336,468983375
18337,451793112
18338,92376246
18339,480729902
18340,215117615
18341,389674864
18342,925948576
18343,86619360
18344,159693691
18345,866304889
18346,811091167
18347,253561280
18348,996078522
18349,603463702
18350,809932924
18351,549966109
18352,185530320
18353,372315415
18354,810286861
18355,925622169
18356,907844961
18357,998875594
18358,377190979
18359,163735686
18360,524162930
18361,38365208
18362,543718729
18363,420123156
18364,543561596
18365,471449465
18366,634906702
18367,635343111
18368,318442579
18369,19991100
18370,789151227
18371,249441457
18372,586984037
18373,642865729
18374,737622590
18375,238190544
18376,516959514
18377,326421401
18378,130078838
18379,218426522
18380,364587215
18381,911030125
18382,946148106
18383,52342984
18384,755841950
18385,621572493
18386,856702372
18387,417061867
18388,869017340
18389,951758037
18390,258624634
18391,309862234
18392,371372173
18393,230498175
18394,397766277
18395,950338502
18396,480287723
18397,175699409
18398,481033356
18399,233610027
18400,615903710
18401,351227115
18402,343104522
18403,837822190
18404,421466944
18405,226196311
18406,657454498
18407,677278096
18408,767702834
18409,921084367
18410,455877762
18411,575272074
18412,402046126
18413,571846556
18414,827687938
18415,666140124
18416,936262421
18417,248112300
18418,948590053
18419,439071577
18420,931256150
18421,809305413
18422,261588871
18423,836893102
18424,189878003
18425,803883139
18426,190998000
18427,527472368
18428,384696214
18429,966171990
18430,189797436
18431,968996183
18432,678073830
18433,268347662
18434,429828601
18435,705190042
18436,481042259
18437,181240758
18438,149474340
18439,46084516
18440,807964826
18441,168678067
18442,231571329
18443,850568062
18444,357499889
18445,111393017
18446,895269599
18447,907710116
18448,619046262
18449,369372269
18450,213199860
18451,568428005
18452,300076318
18453,21224079
18454,751982998
18455,644314019
18456,979452990
18457,880287879
18458,543335678
18459,760702179
18460,488670494
18461,431294038
18462,646042020
18463,418814932
18464,360690027
18465,31648411
18466,430902425
18467,53656850
18468,172311229
18469,988546421
18470,594250518
18471,53017836
18472,213877181
18473,802768801
18474,47101283
18475,596923459
18476,679483119
18477,782377311
18478,844720953
18479,485128152
18480,987439788
18481,709388551
18482,883937270
18483,904552699
18484,359448795
18485,388213654
18486,859730773
18487,855397321
18488,618536209
18489,442737436
18490,216645998
18491,778666546
18492,174303164
18493,205332852
18494,394466752
18495,886898914
18496,352846123
18497,552093525
18498,411282243
18499,626230685
18500,23570689
18501,772371205
18502,654483122
18503,147363533
18504,541469657
18505,818755247
18506,822791959
18507,172768989
18508,278226085
18509,194740615
18510,347352656
18511,910624547
18512,220779761
18513,914564175
18514,94464969
18515,657709824
18516,853390110
18517,335179346
18518,100618908
18519,599046475
18520,309110956
18521,481588575
18522,334458850
18523,692992812
18524,716541669
18525,542025774
18526,343828405
18527,888468480
18528,883939912
18529,29128383
18530,115674085
18531,175627432
18532,722601235
18533,556454501
18534,692620729
18535,240055359
18536,969657381
18537,119667073
18538,15394342
18539,330854493
18540,188230689
18541,267372280
18542,626030817
18543,550474491
18544,776138939
18545,238090568
18546,964118608
18547,973241718
18548,814746547
18549,883344905
18550,601204436
18551,940258148
18552,4107286
18553,71517050
18554,534021900
18555,792160492
18556,427789998
18557,590676704
18558,154772114
18559,795326157
18560,795165815
18561,672043802
18562,953934182
18563,776501164
18564,238268646
18565,166370656
18566,644592329
18567,921138519
18568,551421655
18569,838354377
18570,641282108
18571,195223755
18572,578943953
18573,747900191
18574,235085893
18575,148117180
18576,227011245
18577,184784407
18578,619252360
18579,687553934
18580,642177275
18581,499196488
18582,995504008
18583,538755279
18584,399666118
18585,89305839
18586,553172547
18587,847110695
18588,662167620
18589,245103987
18590,788246500
18591,955312059
18592,348661026
18593,614227609
18594,731472422
18595,401322863
18596,245748648
18597,44661300
18598,391945861
18599,713425377
18600,93003334
18601,560078371
18602,331142704
18603,19269928
18604,727813641
18605,85168029
18606,398104892
18607,760497935
18608,656437413
18609,612377063
18610,302582415
18611,799106819
18612,75491321
18613,778299686
18614,117151783
18615,555228430
18616,29749011
18617,79539044
18618,903949560
18619,883864582
18620,137827134
18621,547411810
18622,813502231
18623,862746240
18624,681712562
18625,966006185
18626,27461666
18627,230140497
18628,752596754
18629,513756799
18630,596856124
18631,347389694
18632,572473723
18633,47676687
18634,308574431
18635,967362636
18636,5642380
18637,559472089
18638,667405905
18639,508939622
18640,129196809
18641,472012349
18642,942003263
18643,669661143
18644,834704551
18645,852930047
18646,535315031
18647,773854582
18648,618980899
18649,105288481
18650,525161385
18651,702746406
18652,534712900
18653,591355624
18654,184014215
18655,297631704
18656,880781552
18657,52108810
18658,652171168
18659,840933949
18660,739760275
18661,851590935
18662,685556041
18663,724660572
18664,669204267
18665,314545701
18666,338584993
18667,917155655
18668,61619153
18669,90663051
18670,180831286
18671,360523002
18672,474696262
18673,442441253
18674,582526221
18675,627216020
18676,973329950
18677,785896717
18678,373388930
18679,442417217
18680,458551084
18681,176301833
18682,534628937
18683,357253593
18684,173866446
18685,549689755
18686,644246658
18687,477077940
18688,473554285
18689,330868442
18690,69645892
18691,208933139
18692,778891698
18693,937000486
18694,533151569
18695,603085202
18696,660053988
18697,141289110
18698,217871569
18699,871038450
18700,1292338
18701,854553876
18702,75134863
18703,298453377
18704,246572249
18705,164982302
18706,523327077
18707,755152770
18708,660788553
18709,409857340
18710,416327655
18711,339128467
18712,525916938
18713,540339541
18714,774702918
18715,446534606
18716,418536762
18717,276921390
18718,258711947
18719,263774201
18720,376181905
18721,829337544
18722,917428042
18723,535227031
18724,624597108
18725,29185303
18726,470600612
18727,174123717
18728,137144193
18729,976454786
18730,548572152
18731,663865889
18732,173386941
18733,547155824
18734,126606784
18735,516454229
18736,250087494
18737,879485906
18738,987525538
18739,75077423
18740,199354147
18741,231930332
18742,941815232
18743,365568038
18744,558734221
18745,138515609
18746,595773335
18747,92552896
18748,81502951
18749,987720534
18750,691713414
18751,962271550
18752,664193704
18753,173634120
18754,133504116
18755,321001621
18756,538704791
18757,574477012
18758,853781136
18759,522917240
18760,699609
18761,849393870
18762,804938903
18763,806003684
18764,780593939
18765,145538696
18766,812106081
18767,997478916
18768,613476307
18769,352312999
18770,951375388
18771,294588010
18772,253371849
18773,646045021
18774,370734605
18775,267366285
18776,116025706
18777,5552803
18778,704975212
18779,132792334
18780,128668562
18781,799372651
18782,275880811
18783,574751889
18784,455497238
18785,213577214
18786,175040403
18787,652307963
18788,339754863
18789,127975375
18790,271050804
18791,349733134
18792,157945362
18793,511022389
18794,879801838
18795,606683701
18796,265059553
18797,251592893
18798,275525945
18799,867784593
18800,984437444
18801,317548589
18802,725625485
18803,762215915
18804,463748560
18805,98035512
18806,225150717
18807,596198196
18808,560737810
18809,184186175
18810,312082781
18811,997555831
18812,80705770
18813,658688480
18814,789205192
18815,183793256
18816,100740359
18817,831659126
18818,669672985
18819,484615235
18820,786842698
18821,598128779
18822,413897501
18823,764664907
18824,470112500
18825,716101462
18826,173604586
18827,910889789
18828,706259818
18829,474704996
18830,769691334
18831,876891224
18832,6631980
18833,907671449
18834,965521250
18835,659944355
18836,528790088
18837,793572549
18838,250580957
18839,484496144
18840,629646392
18841,34220703
18842,748005710
18843,332495634
18844,746735296
18845,550024360
18846,626384864
18847,41628776
18848,315210148
18849,44439494
18850,78173503
18851,907282137
18852,452268587
18853,202428148
18854,533016254
18855,855422500
18856,362871101
18857,371757905
18858,16743199
18859,15717172
18860,742485913
18861,110322193
18862,744934690
18863,129194147
18864,681137605
18865,936267463
18866,904023232
18867,698872865
18868,820382984
18869,114252136
18870,714611676
18871,936935743
18872,397447614
18873,268476694
18874,384073809
18875,707162034
18876,175158351
18877,201657231
18878,358672649
18879,822233978
18880,849655600
18881,518820539
18882,454726457
18883,782371089
18884,727062997
18885,370881862
18886,692581602
18887,315164187
18888,247664166
18889,282779632
18890,704006396
18891,720369231
18892,191827475
18893,75285469
18894,860161296
18895,712761193
18896,126044938
18897,738456428
18898,534745232
18899,211838149
18900,731698734
18901,321924364
18902,772563975
18903,606523601
18904,927315207
18905,967751131
18906,547554789
18907,35781726
18908,67745763
18909,980246961
18910,913172504
18911,881930798
18912,758224214
18913,244260377
18914,958194225
18915,327631538
18916,487529434
18917,212269786
18918,773209129
18919,576807816
18920,834799742
18921,320826881
18922,403885222
18923,610567278
18924,399385307
18925,850574910
18926,158398220
18927,56586284
18928,185388779
18929,195539475
18930,645768797
18931,173614917
18932,806735078
18933,645056811
18934,367307254
18935,77610937
18936,775753633
18937,346383827
18938,756483387
18939,406050190
18940,664084759
18941,747838281
18942,655787402
18943,24679209
18944,996688830
18945,196106394
18946,140084619
18947,202820387
18948,722244430
18949,153612177
18950,614331310
18951,529300542
18952,369987410
18953,208726208
18954,441366207
18955,532342220
18956,440848437
18957,77433419
18958,102890888
18959,201339990
18960,781361610
18961,184008281
18962,557045246
18963,421425976
18964,469159125
18965,260747200
18966,381195422
18967,55829816
18968,146261373
18969,32003876
18970,579942872
18971,524985852
18972,729333181
18973,207989735
18974,203229285
18975,429229632
18976,619674147
18977,915991187
18978,228650971
18979,964922739
18980,482790912
18981,54480014
18982,909264457
18983,479844257
18984,41735326
18985,245280833
18986,814342761
18987,93018363
18988,870497569
18989,840547235
18990,110838415
18991,182108044
18992,911303785
18993,204263877
18994,942136377
18995,988052431
18996,830851243
18997,662520441
18998,143276413
18999,238744487
19000,7587310
19001,607751812
19002,808515099
19003,967821887
19004,736346117
19005,833564879
19006,818644403
19007,945887467
19008,939279555
19009,792777825
19010,916846436
19011,67338876
19012,740902139
19013,683461470
19014,258821040
19015,472389780
19016,923940773
19017,376522228
19018,25664082
19019,344788589
19020,760517405
19021,788715011
19022,319150018
19023,380969542
19024,882912805
19025,824862239
19026,42565392
19027,319326090
19028,230231575
19029,255174295
19030,428449096
19031,36320346
19032,437703679
19033,256358992
19034,325026452
19035,555784990
19036,158960580
19037,464314891
19038,479594484
19039,998707202
19040,861454124
19041,803329633
19042,656925835
19043,271030125
19044,721042908
19045,331944909
19046,577585245
19047,356289509
19048,988195862
19049,893314333
19050,303947543
19051,189422952
19052,892957285
19053,649379863
19054,764282703
19055,315384109
19056,625493592
19057,168925084
19058,34452456
19059,790554503
19060,645696639
19061,231501419
19062,804844240
19063,169008193
19064,713247183
19065,39405341
19066,949393681
19067,42265862
19068,925239450
19069,442420949
19070,337992142
19071,861758975
19072,997573453
19073,343024752
19074,755687901
19075,863814679
19076,308269732
19077,722605556
19078,124284906
19079,827533642
19080,749800724
19081,835841460
19082,398424766
19083,327668750
19084,786514043
19085,696000260
19086,868669299
19087,950673007
19088,494535924
19089,192400950
19090,113840571
19091,132905757
19092,673918557
19093,99731291
19094,295148530
19095,66812996
19096,177650416
19097,178849274
19098,620229082
19099,328029216
19100,691120519
19101,272579176
19102,123218548
19103,483767981
19104,851856176
19105,640448984
19106,968302074
19107,835404430
19108,254030972
19109,810385900
19110,948656460
19111,372255391
19112,652522272
19113,20371624
19114,312955665
19115,602974254
19116,280333204
19117,666677989
19118,749011470
19119,743158635
19120,213928535
19121,495987539
19122,97836787
19123,710350792
19124,531384055
19125,461209835
19126,164975735
19127,371372401
19128,292519679
19129,563165865
19130,829574993
19131,608041442
19132,712745265
19133,316248983
19134,114463578
19135,140804495
19136,973157779
19137,747237058
19138,460559434
19139,962547899
19140,222483072
19141,519701783
19142,616365823
19143,639554901
19144,13153514
19145,152214768
19146,441000522
19147,617858075
19148,803573615
19149,374856029
19150,722558429
19151,777673294
19152,668602552
19153,202473182
19154,622334966
19155,879119325
19156,911850581
19157,628126546
19158,848950787
19159,293640167
19160,307954986
19161,389892155
19162,721474604
19163,269409008
19164,634833171
19165,857919772
19166,93290236
19167,245426116
19168,740154569
19169,724121355
19170,252796407
19171,854897412
19172,648102602
19173,707507848
19174,965105244
19175,653051270
19176,769471359
19177,77160779
19178,676809357
19179,362606097
19180,899472523
19181,744681190
19182,961655707
19183,292403484
19184,258006688
19185,76140166
19186,481119209
19187,893991106
19188,200843000
19189,139139807
19190,788617161
19191,703940034
19192,994954155
19193,682322335
19194,147459158
19195,663912750
19196,733557480
19197,959687193
19198,376309625
19199,900241765
19200,771363844
19201,397138782
19202,267129229
19203,78406153
19204,820308015
19205,747563324
19206,537060141
19207,190784140
19208,724007088
19209,887416972
19210,952356370
19211,498721271
19212,494058149
19213,976207683
19214,934663430
19215,488639033
19216,196780039
19217,438563123
19218,473167917
19219,225053894
19220,588922287
19221,450186176
19222,128021325
19223,912435219
19224,461560834
19225,939086375
19226,937742739
19227,804787675
19228,433815758
19229,607808073
19230,224767007
19231,453077405
19232,221943214
19233,962018939
19234,173087809
19235,387725305
19236,628096676
19237,831173874
19238,246065604
19239,511538812
19240,184163208
19241,381125131
19242,471647718
19243,818400074
19244,241214565
19245,982196373
19246,77198309
19247,70606043
19248,671329755
19249,796755192
19250,733547504
19251,837257924
19252,42835609
19253,101394788
19254,391091380
19255,417955304
19256,541389631
19257,76706298
19258,213161621
19259,751969866
19260,761960007
19261,611792304
19262,684082893
19263,153132969
19264,277409020
19265,108166737
19266,979267973
19267,278805128
19268,593250074
19269,860195211
19270,147659124
19271,903199898
19272,797968590
19273,150422361
19274,562520236
19275,695824622
19276,158854562
19277,661995602
19278,510089370
19279,394471461
19280,323018457
19281,350889153
19282,916974254
19283,296075794
19284,817498203
19285,442963506
19286,210632592
19287,661493506
19288,31689960
19289,515893641
19290,433427917
19291,688313769
19292,310428511
19293,772035866
19294,780222596
19295,427954941
19296,47027419
19297,38707638
19298,999369454
19299,590957621
19300,36445978
19301,860710344
19302,648037401
19303,179090618
19304,831367895
19305,394112277
19306,105866082
19307,208637421
19308,547637244
19309,149255081
19310,909800898
19311,446802573
19312,861619768
19313,915221572
19314,714643161
19315,121641912
19316,642334978
19317,180679893
19318,85777900
19319,590953801
19320,26099626
19321,478645430
19322,350758170
19323,384294553
19324,338073741
19325,462507302
19326,899855954
19327,140083675
19328,602933549
19329,627382886
19330,573422966
19331,730074994
19332,777365590
19333,13423008
19334,632314732
19335,961614566
19336,260538265
19337,492861368
19338,829537996
19339,383110226
19340,12640654
19341,693010316
19342,613055442
19343,549229640
19344,126524658
19345,889201321
19346,258395655
19347,283326670
19348,99196360
19349,624948564
19350,627776935
19351,444590470
19352,891313998
19353,912573791
19354,463028725
19355,932897325
19356,246408024
19357,282536150
19358,570254220
19359,851937308
19360,890234542
19361,632057005
19362,194500893
19363,396512856
19364,534647419
19365,321600851
19366,464941601
19367,624319457
19368,916802839
19369,104710490
19370,456988280
19371,661882004
19372,69113332
19373,668766725
19374,549170266
19375,306870215
19376,541636858
19377,756073456
19378,307439618
19379,578177445
19380,384010813
19381,798450748
19382,526152241
19383,655613034
19384,193661962
19385,835691649
19386,864372056
19387,33600300
19388,576805135
19389,483991816
19390,537239587
19391,859177871
19392,153046929
19393,591931305
19394,388675340
19395,371000652
19396,912626288
19397,105192531
19398,690150096
19399,831979362
19400,42849031
19401,66506195
19402,733308523
19403,759895276
19404,773032982
19405,559624772
19406,585072648
19407,608323507
19408,692152331
19409,553003677
19410,365273309
19411,241032629
19412,566613404
19413,654938492
19414,831890746
19415,777013151
19416,408132396
19417,657878152
19418,471160102
19419,145186209
19420,24584300
19421,87628935
19422,356392030
19423,26146022
19424,232238635
19425,137700973
19426,963924950
19427,744732691
19428,211743031
19429,935340642
19430,718783628
19431,414248288
19432,71354827
19433,859695918
19434,916151840
19435,622180630
19436,640679324
19437,223454046
19438,483723568
19439,786712100
19440,263579181
19441,62861152
19442,978366360
19443,489109262
19444,282405748
19445,409903309
19446,230396373
19447,907003675
19448,901606851
19449,111792690
19450,21680505
19451,768649369
19452,451103068
19453,399496207
19454,234623098
19455,509513613
19456,469795117
19457,372345842
19458,331426135
19459,654137829
19460,189969193
19461,150427345
19462,656690786
19463,651282872
19464,848844929
19465,936041834
19466,446965513
19467,733662334
19468,310295578
19469,854285858
19470,899157514
19471,498917261
19472,263664609
19473,687811150
19474,40401621
19475,253124794
19476,185017383
19477,497028746
19478,803064249
19479,367886187
19480,681900835
19481,715807513
19482,234351480
19483,930074988
19484,921930666
19485,596136111
19486,415597365
19487,781477817
19488,81993677
19489,901466704
19490,725325158
19491,960073523
19492,701082411
19493,581360050
19494,416742514
19495,201299137
19496,509562868
19497,666957328
19498,816722125
19499,795632391
19500,596152062
19501,982627382
19502,824959076
19503,173954548
19504,979109754
19505,423761676
19506,765769362
19507,898803588
19508,442256399
19509,167540043
19510,770016643
19511,41056285
19512,271887307
19513,191202825
19514,591730098
19515,999477884
19516,479259012
19517,463104737
19518,308981867
19519,226173619
19520,360994339
19521,222672290
19522,918000168
19523,560149700
19524,35846117
19525,728804768
19526,899094648
19527,530355458
19528,10948928
19529,25742546
19530,538209293
19531,532548066
19532,857946283
19533,725580437
19534,157382276
19535,591073355
19536,431027595
19537,114637945
19538,686008774
19539,33823133
19540,211413728
19541,400086897
19542,149423366
19543,77228389
19544,485540966
19545,324279171
19546,694410537
19547,865962560
19548,823965887
19549,233644762
19550,210405414
19551,277933888
19552,873483083
19553,413038600
19554,540102344
19555,455410361
19556,34311494
19557,880486160
19558,345163353
19559,279824695
19560,782996587
19561,263727233
19562,361479179
19563,461093266
19564,351377812
19565,53566977
19566,969204087
19567,733334183
19568,891271497
19569,843549636
19570,510336576
19571,115268459
19572,642833310
19573,195322884
19574,182351048
19575,347573987
19576,63863719
19577,669813684
19578,122590015
19579,908787881
19580,360348728
19581,531156900
19582,458564471
19583,686888471
19584,942640863
19585,341736530
19586,822555776
19587,513375400
19588,228451412
19589,456703995
19590,228132725
19591,179252642
19592,566938827
19593,422247379
19594,363035158
19595,688461409
19596,50834165
19597,509219298
19598,553897410
19599,730156014
19600,253408255
19601,502501746
19602,209391163
19603,741332641
19604,195581510
19605,478932874
19606,332480468
19607,576885801
19608,986653532
19609,691647240
19610,684862578
19611,989403612
19612,588655202
19613,41688667
19614,189314527
19615,364931512
19616,275475475
19617,362397301
19618,250295725
19619,314878537
19620,748948833
19621,381144012
19622,451751065
19623,924104791
19624,140783025
19625,181213218
19626,356917237
19627,786181056
19628,516810229
19629,549088788
19630,134168852
19631,589577542
19632,68658250
19633,956267544
19634,184062438
19635,600609189
19636,800847193
19637,589019107
19638,910717614
19639,984363607
19640,582162844
19641,975343165
19642,135462356
19643,707109424
19644,194026249
19645,725092832
19646,84743068
19647,869327972
19648,848330755
19649,252352101
19650,829880427
19651,336277509
19652,588021784
19653,397720542
19654,366364146
19655,194316339
19656,789929629
19657,968089257
19658,791584477
19659,725583564
19660,237783392
19661,878570217
19662,400944558
19663,985892872
19664,448717727
19665,209963856
19666,677890365
19667,539103275
19668,575530898
19669,374520819
19670,164064424
19671,8636592
19672,406987386
19673,687923869
19674,461826418
19675,330108698
19676,10016216
19677,750727309
19678,438991976
19679,284708760
19680,383187439
19681,282264515
19682,564414903
19683,185276463
19684,80217759
19685,700470724
19686,275927245
19687,326920038
19688,137255113
19689,341067058
19690,871544909
19691,130778347
19692,156014019
19693,676549304
19694,982881837
19695,641891141
19696,375674862
19697,281568663
19698,171953685
19699,994872285
19700,174146614
19701,337206216
19702,602157950
19703,667462624
19704,791187429
19705,167706165
19706,202651373
19707,837376895
19708,544934370
19709,105963491
19710,907716860
19711,49903892
19712,107248943
19713,642625670
19714,563162745
19715,177168141
19716,979420953
19717,713040785
19718,963160111
19719,359747864
19720,615884554
19721,876020167
19722,765160959
19723,241140090
19724,285876484
19725,23332706
19726,653398360
19727,850600192
19728,240018542
19729,385045247
19730,871814849
19731,889006438
19732,208740344
19733,544729589
19734,777492014
19735,490728859
19736,60317924
19737,908949351
19738,708596484
19739,383061879
19740,264192775
19741,767459700
19742,466864621
19743,420293809
19744,275651077
19745,753454950
19746,970264654
19747,128031331
19748,28832002
19749,807787899
19750,259157455
19751,655733810
19752,957193609
19753,755127290
19754,360487489
19755,466765686
19756,343628226
19757,945454459
19758,123315177
19759,712141693
19760,789572504
19761,341845250
19762,850421176
19763,243375224
19764,207007595
19765,734609750
19766,84274452
19767,431085606
19768,545250
19769,762478269
19770,555195265
19771,428486073
19772,867399842
19773,666351283
19774,227813788
19775,119329736
19776,222836076
19777,767258935
19778,315813929
19779,512157262
19780,963984984
19781,799030332
19782,142462384
19783,497562857
19784,864017843
19785,103506910
19786,403956673
19787,330009027
19788,707204520
19789,480640792
19790,850918240
19791,135588329
19792,654769409
19793,655606321
19794,548829916
19795,838050576
19796,614378867
19797,32751489
19798,950181337
19799,980607390
19800,34791994
19801,187488886
19802,898737946
19803,687397158
19804,945797872
19805,608545301
19806,838586025
19807,474066082
19808,604110029
19809,615566514
19810,540198396
19811,507019819
19812,297051686
19813,256331399
19814,726248138
19815,680106382
19816,810809980
19817,84964829
19818,231439496
19819,620499658
19820,295115106
19821,97278743
19822,895274278
19823,306085670
19824,915592379
19825,819602309
19826,822143030
19827,873098322
19828,988279802
19829,130801334
19830,153176449
19831,195131519
19832,314985039
19833,242179658
19834,646029701
19835,518567405
19836,898996159
19837,49464296
19838,729004938
19839,485352811
19840,44030437
19841,999421805
19842,579820892
19843,200028979
19844,38625762
19845,284128490
19846,869808325
19847,701256708
19848,369546996
19849,439378360
19850,529135630
19851,381638052
19852,454318846
19853,458551629
19854,118944476
19855,242491629
19856,325011504
19857,436525915
19858,227830840
19859,52362023
19860,391294679
19861,267131241
19862,658868595
19863,954784737
19864,796808477
19865,373658114
19866,434434388
19867,270042690
19868,331191692
19869,855974938
19870,815753682
19871,947586170
19872,31858307
19873,945738357
19874,223788460
19875,984957510
19876,736673977
19877,303186956
19878,978252519
19879,657848098
19880,966972021
19881,916164368
19882,682802267
19883,287326077
19884,650450273
19885,539220440
19886,255472513
19887,109486508
19888,221246589
19889,184546472
19890,205421831
19891,65444258
19892,455755132
19893,351146257
19894,417969808
19895,68435764
19896,744186076
19897,445599243
19898,460376749
19899,573700822
19900,175998967
19901,929879487
19902,734927594
19903,900306585
19904,469506429
19905,880637832
19906,198595288
19907,919686542
19908,850954196
19909,596335499
19910,952771984
19911,944868872
19912,292338391
19913,804742321
19914,103580922
19915,89395804
19916,68173208
19917,655754827
19918,295605651
19919,889669343
19920,224270248
19921,574464279
19922,918963756
19923,102474220
19924,355975388
19925,581207092
19926,680993550
19927,265164358
19928,371727516
19929,769516348
19930,819867332
19931,198623094
19932,915876369
19933,464306013
19934,419174502
19935,29396753
19936,639433004
19937,193704070
19938,735689434
19939,895634620
19940,62638132
19941,647946524
19942,152839955
19943,883894244
19944,973120090
19945,993059530
19946,661386442
19947,669775051
19948,973194927
19949,242692586
19950,354376293
19951,836880421
19952,575815064
19953,192401860
19954,751278247
19955,155617341
19956,829564745
19957,151954286
19958,593006491
19959,397061836
19960,42146277
19961,222570247
19962,29981369
19963,44753713
19964,546211320
19965,478664712
19966,750034259
19967,338334038
19968,835477232
19969,987423466
19970,79704916
19971,799349983
19972,86298105
19973,132639136
19974,646657560
19975,643089412
19976,585232
19977,29639575
19978,612699974
19979,942530406
19980,106262637
19981,240083946
19982,719516088
19983,474605405
19984,218642586
19985,398873107
19986,622943016
19987,201052653
19988,29349263
19989,959215460
19990,651532198
19991,935754492
19992,848312739
19993,517095680
19994,382285354
19995,479674500
19996,107175086
19997,811533456
19998,591297119
19999,803735434
20000,128559998
20001,287926591
20002,445709030
20003,690184950
20004,72489124
20005,824887877
20006,955552040
20007,159642033
20008,163186497
20009,468364463
20010,814616324
20011,456549472
20012,952276341
20013,530453700
20014,620524890
20015,181549862
20016,996576962
20017,541755725
20018,596785910
20019,227006040
20020,783459869
20021,307914085
20022,235459783
20023,726275692
20024,653473261
20025,313138058
20026,622160936
20027,225114622
20028,925636954
20029,348384401
20030,957976866
20031,714289509
20032,397919495
20033,453987530
20034,228102797
20035,247773429
20036,969324714
20037,878407284
20038,261083392
20039,601730183
20040,178467694
20041,208879351
20042,29772905
20043,341000328
20044,489746380
20045,312374951
20046,413761918
20047,737212466
20048,293154908
20049,439703558
20050,883462532
20051,791914291
20052,695793005
20053,305789042
20054,896274171
20055,734909430
20056,632912800
20057,300945988
20058,765928282
20059,772359535
20060,259474559
20061,499188283
20062,242322021
20063,245923838
20064,786750434
20065,103325701
20066,59526995
20067,135979688
20068,618120773
20069,270846824
20070,892492558
20071,399157214
20072,281425377
20073,178095347
20074,845870031
20075,989298378
20076,990368661
20077,263815855
20078,806807163
20079,702417403
20080,960339387
20081,370431665
20082,118317717
20083,118119215
20084,315629269
20085,352673826
20086,821626540
20087,146090407
20088,326287827
20089,2135170
20090,454069047
20091,636232283
20092,486694131
20093,80748376
20094,952501820
20095,554702836
20096,91244696
20097,942449078
20098,443317919
20099,784957372
20100,36319839
20101,749747364
20102,769556732
20103,523530997
20104,325657296
20105,927347303
20106,862735057
20107,707129849
20108,494618031
20109,111800572
20110,177249265
20111,450528088
20112,275583258
20113,353140460
20114,702279898
20115,9483913
20116,620885322
20117,302420619
20118,792761707
20119,74475683
20120,247282336
20121,541613300
20122,472540411
20123,943107638
20124,963498183
20125,932827421
20126,794246012
20127,570865790
20128,918723365
20129,3229526
20130,541698025
20131,277548537
20132,9391783
20133,854637109
20134,506838182
20135,264588359
20136,834690660
20137,259745355
20138,333087109
20139,30979929
20140,105113506
20141,15621651
20142,380178817
20143,792562256
20144,531995971
20145,456965571
20146,576448402
20147,449757820
20148,524287909
20149,57194514
20150,838907112
20151,758632049
20152,467714156
20153,744666684
20154,888121701
20155,402696916
20156,618240846
20157,686030886
20158,91941659
20159,920420840
20160,855714177
20161,828992282
20162,381888119
20163,412965462
20164,171165717
20165,80062466
20166,99285107
20167,735127823
20168,810445129
20169,36218009
20170,724612869
20171,774454859
20172,385998941
20173,874090676
20174,720993940
20175,323952276
20176,743437222
20177,704246779
20178,745205293
20179,625133852
20180,940206420
20181,363718028
20182,740095223
20183,510051946
20184,854799861
20185,678090075
20186,498320934
20187,904258314
20188,757589335
20189,551080999
20190,775140998
20191,543694863
20192,224914986
20193,602199567
20194,825050648
20195,902220906
20196,192725362
20197,509575463
20198,888938201
20199,215066969
20200,494301225
20201,498688699
20202,271762577
20203,996778618
20204,468993566
20205,19019254
20206,198781734
20207,672613247
20208,153313123
20209,810456427
20210,764292695
20211,401427329
20212,8298211
20213,584220925
20214,277233621
20215,17477430
20216,145711318
20217,49791843
20218,12427543
20219,343333787
20220,692820548
20221,145640234
20222,827722850
20223,117198618
20224,618885286
20225,451373991
20226,196637518
20227,811306851
20228,951883292
20229,402951034
20230,113725428
20231,537487218
20232,578765374
20233,505552699
20234,945072138
20235,721330445
20236,928135825
20237,682259055
20238,559938363
20239,429156990
20240,772884773
20241,951135604
20242,374100413
20243,198217978
20244,314185001
20245,79902537
20246,869370316
20247,827210065
20248,448471104
20249,82652953
20250,340842898
20251,936494416
20252,650979502
20253,246554022
20254,356881381
20255,368075695
20256,575951662
20257,108547405
20258,783610371
20259,276478042
20260,760584645
20261,107266101
20262,788165446
20263,716576490
20264,720863091
20265,384701955
20266,999781817
20267,40553412
20268,682089422
20269,510343695
20270,960953335
20271,658932926
20272,387724494
20273,740683801
20274,156547871
20275,486868795
20276,542733747
20277,253378572
20278,42261240
20279,749207858
20280,469088601
20281,81574208
20282,341517859
20283,867054948
20284,486001044
20285,432055317
20286,128368414
20287,573111145
20288,933543287
20289,139308104
20290,412621424
20291,415091338
20292,132953919
20293,352881601
20294,539983777
20295,198993781
20296,502549732
20297,222961282
20298,731560550
20299,894857633
20300,514518155
20301,444995499
20302,939393094
20303,853468912
20304,646434500
20305,683332017
20306,243212242
20307,946063009
20308,70458399
20309,904959020
20310,298801906
20311,147454298
20312,568687640
20313,364841835
20314,632846003
20315,716484251
20316,681108593
20317,775745651
20318,942720757
20319,579974416
20320,258586151
20321,97497365
20322,16455745
20323,455798938
20324,130283381
20325,623550471
20326,940368899
20327,620712234
20328,270258104
20329,753093917
20330,149843353
20331,843045558
20332,454875887
20333,126598965
20334,163897900
20335,994016744
20336,756760068
20337,189793964
20338,945181354
20339,943063955
20340,348227436
20341,534322373
20342,52080149
20343,518492292
20344,986743134
20345,850129288
20346,616852657
20347,225717328
20348,356907116
20349,296657953
20350,469518392
20351,706378185
20352,63251461
20353,198885759
20354,832288568
20355,632482947
20356,13410268
20357,702650217
20358,912955642
20359,801154502
20360,904851838
20361,344517231
20362,952452630
20363,164818062
20364,374512291
20365,830644804
20366,730099757
20367,53825055
20368,552935657
20369,949337567
20370,998950609
20371,400468617
20372,868112048
20373,754741803
20374,865485943
20375,312762580
20376,593442657
20377,825652653
20378,313787077
20379,306137553
20380,626632687
20381,324775383
20382,603079284
20383,587152022
20384,158316531
20385,910813788
20386,508640173
20387,333705412
20388,548324505
20389,649171057
20390,977221663
20391,123728566
20392,639368161
20393,988151587
20394,894201407
20395,993819873
20396,799987727
20397,521417562
20398,908149899
20399,248572725
20400,949170483
20401,198097101
20402,322405994
20403,242799859
20404,828105150
20405,656247329
20406,317263987
20407,579483712
20408,702227016
20409,880622545
20410,455271375
20411,898184109
20412,789781119
20413,960829736
20414,420656922
20415,348798573
20416,145892035
20417,184354914
20418,779005836
20419,94368286
20420,586552724
20421,671817550
20422,954277103
20423,658531397
20424,365252221
20425,931978298
20426,490024961
20427,389774035
20428,506250097
20429,852595620
20430,333480493
20431,957435921
20432,642923962
20433,704402430
20434,301618792
20435,184528380
20436,308660502
20437,424050907
20438,771182000
20439,479668584
20440,972011126
20441,808539012
20442,824156762
20443,843814729
20444,530214392
20445,669386031
20446,512843777
20447,632165193
20448,370391173
20449,213407100
20450,684949158
20451,851945197
20452,348583423
20453,670342014
20454,747880161
20455,690492815
20456,469894036
20457,724424921
20458,415643872
20459,999567535
20460,24970785
20461,424137923
20462,615521782
20463,274507491
20464,19124763
20465,953592000
20466,887193353
20467,383451734
20468,643018912
20469,820260656
20470,762422873
20471,162551483
20472,303144411
20473,322993930
20474,957564446
20475,378177769
20476,548662050
20477,666880990
20478,497277222
20479,973629812
20480,527628739
20481,39159207
20482,983099141
20483,650034125
20484,298844299
20485,991765953
20486,566904912
20487,447683532
20488,348399893
20489,10761080
20490,873975852
20491,281322667
20492,95143195
20493,387930555
20494,403257211
20495,994995653
20496,99381774
20497,179983523
20498,989959494
20499,939759001
20500,149851719
20501,545529584
20502,9817504
20503,788988696
20504,219141095
20505,502692171
20506,216547473
20507,815089889
20508,912449579
20509,238853128
20510,668388574
20511,75517335
20512,872919455
20513,501853073
20514,94425663
20515,362102562
20516,169234453
20517,137424752
20518,237047889
20519,888814756
20520,122121062
20521,966409492
20522,445507009
20523,83722628
20524,74631908
20525,810472810
20526,31756428
20527,578500810
20528,328192682
20529,62540797
20530,858902118
20531,310463478
20532,844235149
20533,311364958
20534,901102059
20535,283533510
20536,174793268
20537,926851259
20538,756659974
20539,972611564
20540,121377725
20541,263846772
20542,389929123
20543,508336445
20544,18699127
20545,454384538
20546,163047186
20547,261950972
20548,910797893
20549,489499310
20550,86877645
20551,645094880
20552,193686164
20553,175791845
20554,168635720
20555,938759403
20556,290734554
20557,16663023
20558,572143077
20559,623862490
20560,818786221
20561,601601610
20562,208879374
20563,53075575
20564,180524500
20565,843747465
20566,819307082
20567,548414069
20568,870009395
20569,876133745
20570,238618347
20571,556531076
20572,195604689
20573,4579435
20574,664839892
20575,992210556
20576,381845144
20577,285072884
20578,485989267
20579,3071017
20580,96103801
20581,848357688
20582,161615864
20583,177761342
20584,51339575
20585,298539550
20586,242836181
20587,638778883
20588,636552793
20589,891110762
20590,786746241
20591,661186902
20592,607324584
20593,981908998
20594,657154398
20595,666472087
20596,260089881
20597,258759459
20598,851299891
20599,922016571
20600,921767649
20601,43520854
20602,374795633
20603,287374010
20604,773392249
20605,937875174
20606,893017894
20607,672380588
20608,519777674
20609,562981369
20610,611461873
20611,666728611
20612,430296231
20613,469639249
20614,542784968
20615,248005773
20616,759644757
20617,375082627
20618,101940858
20619,514711555
20620,954793763
20621,337750161
20622,147571810
20623,26702647
20624,127718748
20625,854059608
20626,457625773
20627,993660094
20628,896383143
20629,104454727
20630,879226513
20631,958981914
20632,360459097
20633,469224288
20634,356242409
20635,472995830
20636,453290588
20637,586756108
20638,579277003
20639,833904723
20640,293129889
20641,232107922
20642,844697383
20643,983565136
20644,630131164
20645,122041891
20646,446258994
20647,925873070
20648,28543646
20649,935992867
20650,296332396
20651,540676141
20652,185246167
20653,495658943
20654,129558174
20655,476967499
20656,493514573
20657,32920408
20658,542362799
20659,958708834
20660,742737449
20661,494794626
20662,303266027
20663,279268777
20664,102193262
20665,90289498
20666,787589863
20667,782219298
20668,657803052
20669,248746625
20670,252788244
20671,584053145
20672,206445803
20673,298082011
20674,284751466
20675,408743837
20676,681795569
20677,886859024
20678,468859605
20679,577849055
20680,783654676
20681,791541383
20682,243918666
20683,61305768
20684,43891732
20685,126254045
20686,462286374
20687,471734217
20688,713023289
20689,706446617
20690,555647834
20691,540777854
20692,399741711
20693,457763212
20694,178294446
20695,529065587
20696,757128191
20697,928902000
20698,535112831
20699,630128417
20700,46224396
20701,827638964
20702,842893175
20703,358802523
20704,716832682
20705,966896724
20706,985517729
20707,235693756
20708,108847517
20709,6189718
20710,218094618
20711,671074876
20712,515863302
20713,21413524
20714,74945894
20715,792853057
20716,228346367
20717,372091322
20718,578415573
20719,173297845
20720,888122571
20721,954587391
20722,301547006
20723,631894889
20724,578237925
20725,938479418
20726,488790963
20727,536428034
20728,522736768
20729,950465507
20730,426574685
20731,243180301
20732,140151737
20733,830574523
20734,868395654
20735,957806068
20736,607477822
20737,953685941
20738,872308167
20739,850165289
20740,503347640
20741,677207719
20742,450733669
20743,540775519
20744,280556501
20745,439890820
20746,726330671
20747,804943731
20748,672183948
20749,805734555
20750,145128608
20751,349760522
20752,374739082
20753,703256333
20754,231805515
20755,764096912
20756,806339018
20757,867964825
20758,711114647
20759,57753639
20760,494324017
20761,217747237
20762,517573544
20763,33219114
20764,95696487
20765,531973054
20766,524485421
20767,252881402
20768,69482798
20769,242961301
20770,684036230
20771,193764979
20772,368284271
20773,849523723
20774,260980641
20775,546653520
20776,745159209
20777,914767876
20778,633185547
20779,151861575
20780,272584588
20781,231955796
20782,634733484
20783,138001604
20784,482377208
20785,527557974
20786,328128819
20787,152607094
20788,259090220
20789,8811660
20790,316521719
20791,231429224
20792,27162598
20793,69146117
20794,621046679
20795,724572304
20796,727237599
20797,392392828
20798,381331835
20799,826268846
20800,306321255
20801,489438882
20802,487284576
20803,563174372
20804,615852205
20805,595183987
20806,410715876
20807,877060645
20808,484169754
20809,680023412
20810,982214274
20811,707918596
20812,883739654
20813,834445516
20814,920366169
20815,193307732
20816,543879984
20817,285397123
20818,678918145
20819,270343582
20820,228124634
20821,631177266
20822,520264132
20823,976254457
20824,846997723
20825,117555915
20826,598345747
20827,696295198
20828,282514131
20829,415670312
20830,81997231
20831,698876569
20832,853424159
20833,569719435
20834,113240730
20835,896189477
20836,568598580
20837,488083987
20838,24822621
20839,964910919
20840,356226738
20841,382562492
20842,611911364
20843,412692220
20844,490678784
20845,731808032
20846,661378141
20847,819999975
20848,641148754
20849,486908498
20850,676597349
20851,191918297
20852,273298207
20853,460631274
20854,667493012
20855,973385727
20856,679167
20857,845136024
20858,243824043
20859,927977345
20860,842315485
20861,717272446
20862,79210557
20863,531401169
20864,373822457
20865,285497862
20866,877767878
20867,91747595
20868,986599535
20869,619357221
20870,321189878
20871,406445190
20872,612280114
20873,304737221
20874,757176165
20875,552526106
20876,994377019
20877,745206916
20878,612012249
20879,960405607
20880,418652456
20881,389761714
20882,661531130
20883,414830897
20884,853131038
20885,255954992
20886,307519051
20887,37795997
20888,668019866
20889,227180789
20890,699027163
20891,47330956
20892,90352377
20893,857846383
20894,989933852
20895,376662211
20896,15662009
20897,117754044
20898,768082837
20899,235522019
20900,483537085
20901,841561528
20902,109475607
20903,338509981
20904,209264705
20905,642882939
20906,405535150
20907,1603588
20908,956328749
20909,760783173
20910,829438977
20911,651019823
20912,165234129
20913,581353422
20914,399602080
20915,350014818
20916,449181991
20917,945982369
20918,329202519
20919,738352222
20920,194431863
20921,823666080
20922,122827618
20923,890182363
20924,565328834
20925,963549806
20926,915731057
20927,85845453
20928,197507760
20929,927750768
20930,469097210
20931,917851517
20932,785664851
20933,909437114
20934,583850991
20935,809793896
20936,41500086
20937,417062754
20938,639857436
20939,178022672
20940,576956156
20941,401186226
20942,49927123
20943,572813339
20944,491534944
20945,188737313
20946,810258147
20947,613791685
20948,39724306
20949,34722829
20950,648811796
20951,311436315
20952,380908499
20953,738243613
20954,891340603
20955,29543575
20956,504562040
20957,363581293
20958,606753802
20959,794875785
20960,573008954
20961,992034835
20962,41891134
20963,734441974
20964,352669552
20965,684786323
20966,239826580
20967,735601624
20968,902111668
20969,548937512
20970,176456707
20971,496227355
20972,19538752
20973,273602566
20974,300468619
20975,280807671
20976,504409058
20977,877124908
20978,22840916
20979,206159343
20980,559447249
20981,828602993
20982,911621635
20983,111580165
20984,377411539
20985,576193828
20986,340386152
20987,653253756
20988,963634389
20989,681627051
20990,328803669
20991,735284142
20992,170659091
20993,379290554
20994,194639656
20995,476063447
20996,520619154
20997,236097361
20998,687798478
20999,947032814
21000,821723606
21001,269033417
21002,296408513
21003,76409202
21004,83984784
21005,678526933
21006,522636635
21007,171383712
21008,532891005
21009,57312034
21010,978032629
21011,512410008
21012,819599046
21013,599452743
21014,179795753
21015,363621150
21016,593545643
21017,243593419
21018,519161689
21019,817398370
21020,712779525
21021,501283277
21022,336045931
21023,906718297
21024,53591835
21025,899550767
21026,828756187
21027,25786828
21028,184928874
21029,699439172
21030,229199091
21031,325662059
21032,647008985
21033,471296557
21034,316141340
21035,417684209
21036,456242868
21037,44006526
21038,642076783
21039,507043129
21040,746974706
21041,805746587
21042,679882228
21043,880900176
21044,406016372
21045,682107633
21046,11133837
21047,983780157
21048,93339970
21049,568916304
21050,817793090
21051,353797796
21052,164640466
21053,956231239
21054,382724377
21055,163709645
21056,396227912
21057,719053099
21058,877353804
21059,229351697
21060,350537144
21061,872263703
21062,25553636
21063,985783791
21064,649649201
21065,139914393
21066,444968255
21067,229096760
21068,313381906
21069,463299611
21070,174763681
21071,263518245
21072,830551140
21073,645619454
21074,794091956
21075,597233347
21076,569794638
21077,252878670
21078,918007674
21079,291273398
21080,55013618
21081,825841618
21082,771687275
21083,24804747
21084,52208568
21085,164316127
21086,359965236
21087,71165218
21088,743419824
21089,270507761
21090,830404942
21091,745490112
21092,732189953
21093,823873197
21094,643786724
21095,330473329
21096,650580447
21097,154059441
21098,274730679
21099,568359966
21100,201962199
21101,999818424
21102,525198486
21103,436752626
21104,833338895
21105,422507604
21106,465645788
21107,920123657
21108,14124845
21109,821056568
21110,190703610
21111,656956866
21112,995993736
21113,651497692
21114,894075762
21115,531586009
21116,438602262
21117,471054617
21118,811483626
21119,443042068
21120,520549600
21121,931732541
21122,83021963
21123,306259186
21124,978854245
21125,657803460
21126,20070120
21127,409322458
21128,882094708
21129,278153647
21130,235768499
21131,682435606
21132,959423754
21133,144979031
21134,897825920
21135,193500560
21136,887785713
21137,51676266
21138,161242918
21139,282309717
21140,598463787
21141,197197106
21142,390825810
21143,884578266
21144,722121405
21145,951338780
21146,353281623
21147,640640718
21148,465888296
21149,405584062
21150,918015140
21151,141124900
21152,118456122
21153,491595028
21154,857185209
21155,185264890
21156,248327500
21157,551203351
21158,286263712
21159,937854492
21160,26407555
21161,69025944
21162,907543492
21163,504578191
21164,404646961
21165,516384605
21166,638792333
21167,885925123
21168,171879218
21169,668106849
21170,940870902
21171,223300245
21172,15646399
21173,932151047
21174,382367081
21175,336807621
21176,574198380
21177,625638832
21178,772882437
21179,809567735
21180,479968461
21181,443879843
21182,480878275
21183,980807057
21184,546207503
21185,223086489
21186,956294699
21187,760460462
21188,768288933
21189,377460894
21190,947945860
21191,296587760
21192,756547117
21193,289020136
21194,363979868
21195,264007698
21196,436043507
21197,419945239
21198,375997104
21199,69832462
21200,624164700
21201,796361132
21202,5765339
21203,998213299
21204,564383893
21205,744644801
21206,853659891
21207,601677982
21208,795626250
21209,523453011
21210,888425609
21211,412772489
21212,316178750
21213,169567566
21214,900953214
21215,893753800
21216,783563161
21217,223762244
21218,40393972
21219,250266217
21220,560220094
21221,917894576
21222,393060590
21223,429711778
21224,12511022
21225,669467784
21226,78252172
21227,396700261
21228,658809678
21229,956471514
21230,597085495
21231,734678918
21232,166119093
21233,343828005
21234,421651493
21235,275483009
21236,338147660
21237,977947213
21238,458154657
21239,143723246
21240,709040642
21241,307042148
21242,282691411
21243,390908374
21244,482561925
21245,981040725
21246,508489854
21247,201135978
21248,489730331
21249,878098930
21250,160771216
21251,936934310
21252,797544050
21253,200536670
21254,594866053
21255,450467306
21256,292607815
21257,885451553
21258,313967281
21259,88078465
21260,72487896
21261,401267542
21262,81240036
21263,343995486
21264,678851754
21265,386562928
21266,474028957
21267,937994153
21268,199944098
21269,620663324
21270,827031276
21271,527642508
21272,826176038
21273,850262347
21274,599291824
21275,802568138
21276,31158940
21277,679274476
21278,938081640
21279,248175159
21280,320860438
21281,239337716
21282,909227065
21283,864521848
21284,149848546
21285,346000410
21286,579280892
21287,317118004
21288,707616258
21289,126076630
21290,331941353
21291,83534386
21292,121416952
21293,74845427
21294,804194089
21295,142821170
21296,201274216
21297,111006474
21298,852960509
21299,579522722
21300,635736327
21301,563163419
21302,412506710
21303,575216694
21304,264130747
21305,897623846
21306,282177811
21307,566737205
21308,619285143
21309,730932860
21310,110873321
21311,450139160
21312,501901747
21313,238612808
21314,247126909
21315,540111200
21316,452442872
21317,998702420
21318,11287031
21319,30249708
21320,793570594
21321,231689894
21322,780282393
21323,162688312
21324,333558261
21325,33859592
21326,573737963
21327,946880524
21328,490653281
21329,692564142
21330,554057756
21331,5841186
21332,719908681
21333,230932922
21334,254035549
21335,906824700
21336,122002570
21337,866414877
21338,150790467
21339,565001191
21340,174742026
21341,920095163
21342,584280938
21343,344681176
21344,834507869
21345,223907149
21346,776758086
21347,221548693
21348,328871229
21349,680686509
21350,659481225
21351,102116518
21352,369259418
21353,1007547
21354,97633307
21355,85849570
21356,911463151
21357,957689525
21358,132674803
21359,356490135
21360,542192710
21361,167645926
21362,591416838
21363,258509391
21364,946671473
21365,835993691
21366,445220980
21367,923769786
21368,149626191
21369,389682023
21370,811592256
21371,974439483
21372,610359730
21373,140115897
21374,146235000
21375,823459680
21376,395736327
21377,19681057
21378,564745188
21379,987295479
21380,575920393
21381,715386274
21382,685850279
21383,148797588
21384,366404558
21385,996562178
21386,341409974
21387,440654946
21388,431246703
21389,89756092
21390,643796361
21391,942163057
21392,429675532
21393,442563750
21394,761887471
21395,970195126
21396,972118395
21397,363436016
21398,564819884
21399,685251493
21400,821610193
21401,992740613
21402,527192087
21403,766142873
21404,42783942
21405,248300143
21406,504819652
21407,260183573
21408,552188161
21409,150168040
21410,389193797
21411,320234480
21412,941766919
21413,861337381
21414,177498246
21415,275257427
21416,881773837
21417,603466117
21418,157369984
21419,795175471
21420,36376229
21421,224008259
21422,887148683
21423,825711185
21424,96405353
21425,238339616
21426,624682670
21427,74621375
21428,189026157
21429,76870945
21430,736697098
21431,288217879
21432,805481321
21433,751198657
21434,532762622
21435,156460963
21436,960257502
21437,670207248
21438,126201514
21439,201271899
21440,311061347
21441,495360075
21442,158647551
21443,669235395
21444,226898112
21445,219524047
21446,537872162
21447,311221319
21448,87574357
21449,129909128
21450,587875143
21451,706511207
21452,672198748
21453,84902746
21454,522966682
21455,377470200
21456,318040316
21457,25258465
21458,192550519
21459,112015570
21460,930919868
21461,319379885
21462,336074365
21463,889356187
21464,912610248
21465,294806887
21466,531377847
21467,703337229
21468,731903237
21469,515826217
21470,964124424
21471,139852555
21472,670604529
21473,717263292
21474,645040469
21475,783378233
21476,687598620
21477,934660190
21478,102518827
21479,595238394
21480,748941998
21481,213144200
21482,664178832
21483,525990865
21484,362857687
21485,220539227
21486,129973140
21487,359046595
21488,406572353
21489,531075388
21490,864928527
21491,957412093
21492,133287830
21493,840631159
21494,109641226
21495,675089967
21496,831552424
21497,455413289
21498,911610948
21499,956260003
21500,779916720
21501,852102565
21502,881299599
21503,264096592
21504,930008651
21505,402619819
21506,244200137
21507,998745819
21508,442623418
21509,264409298
21510,900858704
21511,60429737
21512,396256547
21513,6583290
21514,936810071
21515,152177555
21516,109073740
21517,491643728
21518,775528767
21519,298483713
21520,52045657
21521,321557806
21522,175765183
21523,259743605
21524,756718080
21525,856941822
21526,123640347
21527,670245233
21528,526244857
21529,169608936
21530,646464457
21531,294175017
21532,354832562
21533,832254677
21534,449965326
21535,622727995
21536,421429705
21537,510385675
21538,98503629
21539,158544486
21540,72921732
21541,997272421
21542,489800241
21543,610613248
21544,160790651
21545,851278746
21546,812401187
21547,523974434
21548,753003487
21549,800183068
21550,154416598
21551,530516872
21552,876847999
21553,983658517
21554,73497475
21555,924145617
21556,379303481
21557,730167420
21558,513832963
21559,878656370
21560,506718648
21561,910769102
21562,805813905
21563,594838839
21564,993331184
21565,426519628
21566,400414044
21567,931003721
21568,149284185
21569,288041895
21570,471507997
21571,220035997
21572,107239559
21573,132062350
21574,454077280
21575,360007498
21576,536146054
21577,115678105
21578,413516372
21579,336901798
21580,173519629
21581,423030981
21582,499721831
21583,366989470
21584,781119039
21585,704974090
21586,710818146
21587,690684251
21588,125469141
21589,955872897
21590,118943289
21591,193172267
21592,564306585
21593,40024880
21594,779167149
21595,948809596
21596,268890187
21597,561445273
21598,357257499
21599,667564387
21600,831721545
21601,229870296
21602,472273981
21603,557613350
21604,711497736
21605,33707149
21606,822145450
21607,99120956
21608,587763808
21609,71273905
21610,893854116
21611,137108909
21612,756709247
21613,963460681
21614,77987840
21615,774604199
21616,508797720
21617,433292954
21618,532014167
21619,806519906
21620,479591523
21621,66958893
21622,671629687
21623,509273534
21624,506451986
21625,560241843
21626,581952946
21627,542349267
21628,960004839
21629,671100710
21630,940895463
21631,417602349
21632,142376543
21633,401366944
21634,919328842
21635,849748198
21636,971867077
21637,779975215
21638,485649174
21639,30580620
21640,660564624
21641,882211759
21642,705022419
21643,449260276
21644,75321752
21645,59272336
21646,148416275
21647,659555990
21648,257283239
21649,743453950
21650,968486814
21651,897418690
21652,981590811
21653,497233835
21654,372036660
21655,170903936
21656,51615362
21657,100641524
21658,992120965
21659,331625237
21660,633092047
21661,534155083
21662,287732491
21663,404156772
21664,465268515
21665,376706268
21666,873029885
21667,766401743
21668,616583582
21669,783738931
21670,111957954
21671,159015087
21672,461573241
21673,564998053
21674,694248413
21675,153904475
21676,668030535
21677,556136850
21678,808301341
21679,840573085
21680,230797744
21681,764818663
21682,910256447
21683,988027505
21684,787798410
21685,148410252
21686,348098149
21687,635202506
21688,217253032
21689,887034474
21690,198593947
21691,387769663
21692,654693923
21693,941967358
21694,788850814
21695,425627219
21696,920361025
21697,745772715
21698,995454020
21699,376587560
21700,287990113
21701,494154858
21702,331517824
21703,196370292
21704,779940110
21705,641571280
21706,151002634
21707,993558051
21708,220989849
21709,956758886
21710,840052457
21711,79098297
21712,524497376
21713,415487270
21714,306418226
21715,320302214
21716,252813903
21717,2174950
21718,433778984
21719,769991456
21720,871205901
21721,528859363
21722,460653760
21723,23148511
21724,580610876
21725,458698363
21726,777823518
21727,928677596
21728,616674863
21729,506169880
21730,607064813
21731,103402832
21732,601147226
21733,102111480
21734,620571143
21735,875015751
21736,168794509
21737,108224137
21738,65266773
21739,68822863
21740,951661203
21741,123456517
21742,553704675
21743,598603743
21744,935910481
21745,342898378
21746,13533238
21747,598631957
21748,469527360
21749,484970392
21750,200583961
21751,202838015
21752,374060423
21753,271747678
21754,620268347
21755,606136412
21756,926082158
21757,135991031
21758,595508967
21759,971551980
21760,953914342
21761,437291
21762,928312820
21763,872729956
21764,37731418
21765,892804850
21766,725855143
21767,589405061
21768,720254138
21769,58503823
21770,6533466
21771,429754449
21772,560978981
21773,193721024
21774,426955082
21775,218822962
21776,188085832
21777,508233323
21778,790586816
21779,366423228
21780,76481017
21781,127464694
21782,499337013
21783,602198324
21784,261058297
21785,882555067
21786,321261076
21787,702205
21788,703537108
21789,179325200
21790,783171918
21791,426271101
21792,150682077
21793,286840371
21794,980987238
21795,872630289
21796,110516426
21797,980429079
21798,309218526
21799,742328573
21800,144532538
21801,846552933
21802,95886915
21803,848342231
21804,779878339
21805,646226410
21806,182440289
21807,9475697
21808,607117868
21809,612631632
21810,171244320
21811,206775356
21812,973419095
21813,476782965
21814,410140190
21815,306429499
21816,526415997
21817,736208761
21818,66164146
21819,417231257
21820,586476694
21821,674922233
21822,458754884
21823,566841767
21824,23576440
21825,329247464
21826,96788143
21827,145262630
21828,407041266
21829,469007622
21830,626845156
21831,348164266
21832,717021513
21833,564413549
21834,705781387
21835,371300439
21836,9432038
21837,627481876
21838,860643055
21839,61423126
21840,453190144
21841,511472563
21842,620682533
21843,820250572
21844,87267832
21845,186407355
21846,68895195
21847,123977516
21848,828296364
21849,772030983
21850,440280824
21851,76150670
21852,264338478
21853,501167895
21854,587770995
21855,168448397
21856,721717823
21857,544897493
21858,890515958
21859,797653278
21860,373709490
21861,455642565
21862,136959677
21863,617102144
21864,297507373
21865,434894788
21866,919603895
21867,290266041
21868,978640528
21869,186080126
21870,298016175
21871,459088417
21872,596529309
21873,941156702
21874,41477693
21875,9807001
21876,846500543
21877,485929072
21878,29057755
21879,309154568
21880,314351328
21881,643709313
21882,384209671
21883,337002836
21884,910680339
21885,523246427
21886,626986144
21887,453155460
21888,141057413
21889,235791835
21890,29967543
21891,79879503
21892,400760962
21893,662082318
21894,724890835
21895,582857816
21896,975926466
21897,259014379
21898,419966847
21899,301176083
21900,90664550
21901,332016291
21902,974483228
21903,490096096
21904,127037190
21905,447141792
21906,489846680
21907,79711432
21908,468923057
21909,629465621
21910,45452798
21911,914020958
21912,819405692
21913,261641844
21914,447986343
21915,45304432
21916,692389082
21917,529988877
21918,596966211
21919,895861463
21920,652809347
21921,663175688
21922,249505706
21923,631132445
21924,124829450
21925,533566351
21926,671241761
21927,607412492
21928,575617231
21929,35331878
21930,208138255
21931,999248135
21932,947280143
21933,294156083
21934,895160266
21935,733090543
21936,102054843
21937,298990575
21938,358093658
21939,533906300
21940,597040337
21941,730291002
21942,655728582
21943,563766053
21944,399897325
21945,542632077
21946,351955658
21947,229552029
21948,16057041
21949,938575696
21950,564007120
21951,411057039
21952,156968415
21953,993673636
21954,319447505
21955,821054258
21956,793707077
21957,737616998
21958,167408832
21959,555090708
21960,949146893
21961,853581672
21962,330386897
21963,197220446
21964,30709261
21965,800960433
21966,452419083
21967,90777787
21968,83469112
21969,92054645
21970,265969125
21971,223387381
21972,44391269
21973,584560484
21974,912863944
21975,899345695
21976,886019997
21977,59947663
21978,469056364
21979,187085924
21980,248928815
21981,692516041
21982,898264213
21983,218051064
21984,510622749
21985,833401441
21986,43269707
21987,39067256
21988,180634281
21989,630415169
21990,107915957
21991,453572077
21992,826886633
21993,420649441
21994,450268370
21995,66948208
21996,295529628
21997,648642880
21998,35519067
21999,19341081
22000,283864163
22001,589099796
22002,938182701
22003,629097045
22004,353611373
22005,212928979
22006,628834593
22007,865474030
22008,113127179
22009,37582331
22010,41628307
22011,601894022
22012,577796715
22013,836569210
22014,266407558
22015,911652349
22016,208383116
22017,329852622
22018,111926324
22019,523703449
22020,96828709
22021,574854684
22022,849366733
22023,206106534
22024,168079738
22025,907831621
22026,763588647
22027,271857734
22028,972895960
22029,607214159
22030,204911246
22031,697718187
22032,915728482
22033,671780260
22034,479600825
22035,38037189
22036,247847311
22037,327781744
22038,733696759
22039,898633608
22040,54733953
22041,650716138
22042,595668738
22043,249932632
22044,11094154
22045,343719063
22046,817442429
22047,652333677
22048,452171064
22049,449970967
22050,1745359
22051,344301801
22052,143328562
22053,208189528
22054,822578355
22055,844225490
22056,314648992
22057,118036693
22058,7427313
22059,258332750
22060,252923554
22061,514248039
22062,364511710
22063,660555637
22064,599097663
22065,584107319
22066,645342154
22067,547042997
22068,735344468
22069,186987162
22070,11438387
22071,918059429
22072,121612712
22073,742526844
22074,680749425
22075,468211772
22076,27430684
22077,839461221
22078,838387014
22079,271932574
22080,891551879
22081,49887466
22082,113223502
22083,746950372
22084,209846274
22085,50778966
22086,405650254
22087,615051205
22088,750374349
22089,675937845
22090,603639650
22091,657849612
22092,129332765
22093,791663024
22094,127763260
22095,221464631
22096,168878769
22097,488083820
22098,56523269
22099,280361285
22100,580549972
22101,191288618
22102,465392315
22103,605902504
22104,689892562
22105,52209794
22106,117789233
22107,382328388
22108,724747958
22109,680900708
22110,546019407
22111,794914637
22112,747817806
22113,592748461
22114,995175292
22115,935273175
22116,84253931
22117,356881229
22118,932693530
22119,469915942
22120,897931266
22121,536425201
22122,447977297
22123,26975969
22124,25589288
22125,550460192
22126,673945780
22127,479345991
22128,214687129
22129,80897453
22130,254160087
22131,459133599
22132,429604407
22133,920720464
22134,239339409
22135,118852710
22136,732848559
22137,74216247
22138,140603582
22139,386097012
22140,41840001
22141,36214387
22142,458411506
22143,319307168
22144,95323444
22145,414087468
22146,903964486
22147,108202532
22148,347113575
22149,834575393
22150,476377894
22151,161514790
22152,452502434
22153,102399581
22154,195536777
22155,700736174
22156,570049955
22157,147467726
22158,455489208
22159,219707612
22160,372385254
22161,127375734
22162,905271920
22163,801287727
22164,27125318
22165,443729402
22166,58266845
22167,47980430
22168,67961782
22169,929954583
22170,242264028
22171,330406404
22172,202791133
22173,364260801
22174,884401247
22175,895931279
22176,568684324
22177,986969786
22178,206325430
22179,89471759
22180,274269743
22181,988573349
22182,859805374
22183,629406885
22184,677562473
22185,613096744
22186,804598151
22187,821429260
22188,594224288
22189,79688205
22190,170036956
22191,682589276
22192,368295868
22193,359713053
22194,137042095
22195,888745940
22196,551767109
22197,336547392
22198,602212795
22199,773139051
22200,32662154
22201,546179101
22202,328947218
22203,518929936
22204,253495222
22205,309904395
22206,365723359
22207,690433406
22208,508546106
22209,990297531
22210,906208760
22211,44805605
22212,711733119
22213,89958179
22214,623068925
22215,944145641
22216,412487395
22217,535853723
22218,36524242
22219,202044752
22220,315227242
22221,560971405
22222,276133003
22223,21897307
22224,697941296
22225,637364103
22226,991996417
22227,815007017
22228,281749751
22229,574852509
22230,135169397
22231,978486136
22232,955470840
22233,21924774
22234,566951210
22235,619310300
22236,898338497
22237,96362633
22238,921401856
22239,432992962
22240,424316888
22241,50980894
22242,333276165
22243,209117346
22244,763849419
22245,843233445
22246,528975625
22247,423923213
22248,725616408
22249,752287841
22250,758304490
22251,633734086
22252,567413405
22253,939973837
22254,356714290
22255,36867670
22256,378605486
22257,954455700
22258,65043687
22259,921786637
22260,430628806
22261,147124490
22262,566527267
22263,460914767
22264,453790065
22265,29966135
22266,560863866
22267,246356300
22268,347240787
22269,950016595
22270,680946907
22271,737115468
22272,220895333
22273,130830149
22274,25247321
22275,516400849
22276,71226890
22277,163628932
22278,664795786
22279,646679193
22280,915420607
22281,841818502
22282,266101894
22283,429730396
22284,622112714
22285,750008738
22286,827744166
22287,265173061
22288,632078836
22289,508902853
22290,46071770
22291,280134041
22292,720788619
22293,170125027
22294,43757166
22295,221928634
22296,820941927
22297,420920782
22298,391786813
22299,571231903
22300,956790837
22301,94312750
22302,661594702
22303,621657341
22304,480184294
22305,971093193
22306,124601041
22307,537335659
22308,185006726
22309,826841980
22310,113551968
22311,690804195
22312,773955027
22313,202450085
22314,990732955
22315,740796868
22316,823351302
22317,13866391
22318,417361523
22319,20007367
22320,230409579
22321,130688928
22322,429582220
22323,89092266
22324,198274690
22325,494381546
22326,704499366
22327,479892159
22328,692063797
22329,656741561
22330,263216923
22331,94056560
22332,44874608
22333,899365965
22334,995445737
22335,328031795
22336,950303177
22337,125641217
22338,37157960
22339,20946077
22340,464752965
22341,38351018
22342,56739724
22343,765189185
22344,799103688
22345,942487391
22346,938672436
22347,445570070
22348,600551248
22349,660121894
22350,49341525
22351,649175611
22352,618007474
22353,653642936
22354,902560683
22355,491152323
22356,165448774
22357,346880192
22358,752538061
22359,133077756
22360,618374456
22361,859770803
22362,587634775
22363,774220545
22364,706919536
22365,91853668
22366,378554039
22367,597716573
22368,799729134
22369,933390574
22370,290707570
22371,536472642
22372,199925863
22373,536886529
22374,712802236
22375,496575706
22376,421718782
22377,549089171
22378,711461322
22379,479484140
22380,61312736
22381,635033654
22382,581920215
22383,507347241
22384,699386726
22385,528053989
22386,125835897
22387,234711719
22388,195139142
22389,560663311
22390,524779691
22391,920384799
22392,183943460
22393,189262654
22394,545437099
22395,409711113
22396,550186358
22397,159597399
22398,91602874
22399,894071655
22400,339030990
22401,139472092
22402,280400502
22403,362343094
22404,971977593
22405,437598710
22406,597848542
22407,446311036
22408,540359939
22409,496297380
22410,370234723
22411,914066666
22412,310694215
22413,780728592
22414,39448844
22415,485795390
22416,478201199
22417,714797353
22418,165744302
22419,524849496
22420,544580378
22421,427592088
22422,439102982
22423,847783070
22424,818407981
22425,35796511
22426,340112563
22427,43427220
22428,724922658
22429,408249154
22430,257936400
22431,839827595
22432,480573987
22433,961488845
22434,978648912
22435,906312947
22436,881610419
22437,109926071
22438,251595768
22439,383038680
22440,591336039
22441,591853641
22442,530453797
22443,821144069
22444,713008904
22445,356228573
22446,93054059
22447,192325658
22448,967648421
22449,748782071
22450,218880544
22451,625940025
22452,862513989
22453,988445558
22454,702834494
22455,383804075
22456,653792145
22457,942120780
22458,343416165
22459,176367255
22460,124704551
22461,874836858
22462,317674240
22463,662800813
22464,19486864
22465,926940121
22466,797758821
22467,32653069
22468,386148389
22469,664874137
22470,985691500
22471,116372128
22472,715775920
22473,886876649
22474,611501267
22475,615459939
22476,988685446
22477,911743975
22478,914883897
22479,79830967
22480,380112760
22481,66200397
22482,725593448
22483,275468888
22484,951426323
22485,72417281
22486,79249349
22487,977147439
22488,942519656
22489,222397607
22490,513619992
22491,208591503
22492,804481330
22493,99777017
22494,324864638
22495,149985794
22496,407092255
22497,131279574
22498,670233180
22499,317563458
22500,281871860
22501,940613768
22502,823857198
22503,771598871
22504,87606287
22505,18784915
22506,559330596
22507,100532091
22508,690268211
22509,779821579
22510,869604931
22511,572534566
22512,78859167
22513,708104616
22514,571398390
22515,702575375
22516,874570083
22517,82061727
22518,998496804
22519,715153606
22520,669002134
22521,944730036
22522,612044343
22523,402592904
22524,361054114
22525,510061432
22526,188186260
22527,13290827
22528,673435232
22529,482954291
22530,149481541
22531,746885169
22532,380703301
22533,131461704
22534,609720113
22535,795100505
22536,81316401
22537,100860993
22538,530213451
22539,980221932
22540,128376743
22541,34636979
22542,670427753
22543,101578101
22544,614155467
22545,24487092
22546,234441514
22547,159318593
22548,185388221
22549,423273396
22550,498117050
22551,129357138
22552,940848974
22553,419021055
22554,230783444
22555,608240692
22556,713399186
22557,782525936
22558,722031802
22559,855257284
22560,393805594
22561,346894582
22562,485067623
22563,380317357
22564,617270691
22565,154137150
22566,729542868
22567,184424028
22568,386737371
22569,652191119
22570,179701681
22571,481041781
22572,478883753
22573,589670375
22574,461983661
22575,481063281
22576,510345874
22577,968342509
22578,127828312
22579,125286209
22580,366885396
22581,785203217
22582,272364122
22583,350027639
22584,831216066
22585,799117467
22586,901932733
22587,842412469
22588,824182973
22589,37480492
22590,964081905
22591,303981189
22592,404791623
22593,280004730
22594,562334021
22595,383827534
22596,394426288
22597,471887374
22598,740573204
22599,207597211
22600,490830919
22601,641702105
22602,805769733
22603,80046047
22604,293071707
22605,536074723
22606,878445214
22607,959753618
22608,286553957
22609,290385141
22610,369308693
22611,604576878
22612,665749114
22613,818535904
22614,407839564
22615,713007840
22616,273658644
22617,595652569
22618,6344481
22619,278364487
22620,415967850
22621,327978869
22622,516222427
22623,862439380
22624,960744079
22625,919161360
22626,793800091
22627,610350065
22628,750917507
22629,945875814
22630,95945302
22631,347903156
22632,168726659
22633,330502460
22634,648169645
22635,914755901
22636,330922701
22637,825326891
22638,148479576
22639,340762808
22640,734002851
22641,774871916
22642,564556616
22643,76071715
22644,545695697
22645,992757430
22646,947699567
22647,42337095
22648,565584791
22649,318675017
22650,969726741
22651,680316702
22652,115370900
22653,524537894
22654,566162054
22655,912419133
22656,647468299
22657,259251678
22658,417579196
22659,565816815
22660,934166601
22661,654592479
22662,772204690
22663,678305063
22664,559939478
22665,758917462
22666,756356116
22667,842798903
22668,410089817
22669,764368130
22670,689573592
22671,781595639
22672,306708711
22673,766150877
22674,453475691
22675,735485490
22676,161404082
22677,489814705
22678,949114378
22679,806929468
22680,517081412
22681,581615087
22682,235510332
22683,204964632
22684,460407305
22685,376068171
22686,759225066
22687,19395769
22688,733045581
22689,716104341
22690,341751072
22691,631695894
22692,240150336
22693,38798247
22694,872235993
22695,780059395
22696,370187035
22697,686113681
22698,381017159
22699,348467558
22700,211786012
22701,940180398
22702,153066972
22703,571731674
22704,404613897
22705,34900188
22706,317894150
22707,295268120
22708,609764789
22709,831911766
22710,599207803
22711,783036377
22712,981703639
22713,885413174
22714,925806496
22715,680290040
22716,511742649
22717,564729872
22718,681607460
22719,240978747
22720,22571362
22721,465610065
22722,372990501
22723,481701003
22724,698796612
22725,826231418
22726,779621481
22727,540841664
22728,396341464
22729,493377537
22730,581810837
22731,2576132
22732,220657595
22733,44723491
22734,263394815
22735,182656815
22736,839453383
22737,334838542
22738,244177734
22739,508345092
22740,19888528
22741,37805735
22742,647227517
22743,730202510
22744,542280002
22745,581091405
22746,948875738
22747,810700725
22748,125544215
22749,666880671
22750,385876829
22751,809177452
22752,222969649
22753,918609844
22754,265339830
22755,229479816
22756,129412976
22757,134715276
22758,138110343
22759,196588225
22760,501488909
22761,286513039
22762,731357523
22763,963367872
22764,759780096
22765,757891433
22766,313379356
22767,886136691
22768,310015710
22769,419034136
22770,782811298
22771,447896175
22772,764463938
22773,316157856
22774,148685383
22775,933167618
22776,233162882
22777,555670272
22778,916387461
22779,855604655
22780,849831904
22781,799079419
22782,442146693
22783,650221308
22784,695004508
22785,405357119
22786,863670858
22787,796616033
22788,178598999
22789,694635889
22790,646091402
22791,755213928
22792,815462790
22793,730910380
22794,226073153
22795,358891451
22796,956762664
22797,603528859
22798,123386738
22799,931619468
22800,422055769
22801,108687127
22802,320968859
22803,818224903
22804,572300346
22805,551881509
22806,683346028
22807,405918178
22808,877487278
22809,89270882
22810,730589286
22811,393570445
22812,691148249
22813,80787800
22814,272403148
22815,794407936
22816,89548632
22817,567812177
22818,884758723
22819,360567304
22820,466295958
22821,784201668
22822,127084738
22823,255109226
22824,352642018
22825,675594267
22826,538351789
22827,40925503
22828,544159318
22829,241644830
22830,992824018
22831,441289260
22832,912422437
22833,359037289
22834,768337743
22835,633355090
22836,192233357
22837,680141590
22838,928536493
22839,390117952
22840,750038044
22841,183086669
22842,333548019
22843,508245129
22844,104916560
22845,42451358
22846,829157640
22847,791802039
22848,859458537
22849,777255370
22850,413734589
22851,16689066
22852,548389998
22853,656856428
22854,109395348
22855,182057527
22856,573742140
22857,15214232
22858,644231565
22859,491919243
22860,834673077
22861,921400187
22862,650160123
22863,722801118
22864,635693416
22865,605233440
22866,575361791
22867,170937267
22868,916625898
22869,817958059
22870,980139135
22871,371827733
22872,254881554
22873,427084637
22874,428054937
22875,626805985
22876,38201559
22877,7358728
22878,442424091
22879,381508000
22880,98462395
22881,251316521
22882,327892083
22883,721440736
22884,62568941
22885,595579524
22886,179555954
22887,922959673
22888,973369400
22889,482304276
22890,757832963
22891,419811064
22892,514105922
22893,64014702
22894,783526029
22895,279468051
22896,427115666
22897,382869931
22898,946713262
22899,678586269
22900,104275606
22901,726688534
22902,362815950
22903,490908218
22904,487599205
22905,282356989
22906,230997068
22907,453443887
22908,478999977
22909,587056901
22910,378105793
22911,312558805
22912,640587900
22913,37906478
22914,857222629
22915,53535317
22916,565370288
22917,197943949
22918,873980902
22919,530412395
22920,548717585
22921,129472553
22922,753877575
22923,106933878
22924,587671558
22925,388170095
22926,798939690
22927,564352461
22928,866590341
22929,654235747
22930,665602740
22931,122799813
22932,218429360
22933,500615827
22934,702092655
22935,953069290
22936,711365004
22937,265096748
22938,336689190
22939,713717954
22940,888891619
22941,456393251
22942,786838743
22943,95046798
22944,541674170
22945,885835908
22946,942319159
22947,748856738
22948,587186157
22949,527597355
22950,754298008
22951,897434574
22952,921628537
22953,936356739
22954,227036509
22955,730672704
22956,995644000
22957,34457880
22958,759097217
22959,47096581
22960,709469249
22961,471449468
22962,379227722
22963,10436747
22964,621020738
22965,216878681
22966,833280398
22967,61621026
22968,489935046
22969,939637904
22970,105105029
22971,761284117
22972,904939177
22973,570429611
22974,930748721
22975,200550268
22976,620019267
22977,363544888
22978,511159692
22979,417719052
22980,805846642
22981,921097283
22982,660252555
22983,963100485
22984,482858342
22985,995506370
22986,444470845
22987,270255403
22988,139284208
22989,195499511
22990,472326649
22991,783534707
22992,478485739
22993,341721706
22994,423329092
22995,22189476
22996,407680103
22997,112867575
22998,667301479
22999,988472860
23000,918831577
23001,396377665
23002,268155418
23003,754415226
23004,637015294
23005,976081996
23006,890691165
23007,7394042
23008,748881488
23009,899380019
23010,191493606
23011,392162501
23012,942518422
23013,453619405
23014,686758250
23015,964791413
23016,434896179
23017,953433751
23018,970060277
23019,579786084
23020,290838741
23021,890715978
23022,82485146
23023,755337609
23024,732586072
23025,69696306
23026,882289722
23027,682258938
23028,178182734
23029,168262190
23030,750863085
23031,920879105
23032,286799225
23033,360161764
23034,114785545
23035,809528240
23036,647820863
23037,914090919
23038,807341569
23039,415176904
23040,773268132
23041,577992432
23042,199084148
23043,520608809
23044,921930190
23045,153769407
23046,909105946
23047,42388118
23048,389136559
23049,185504036
23050,804245798
23051,452713635
23052,889525671
23053,810979477
23054,986276958
23055,126111957
23056,112299812
23057,125899656
23058,506468811
23059,945815278
23060,287136343
23061,848193157
23062,104613176
23063,110977909
23064,30883287
23065,80224718
23066,516857668
23067,689380581
23068,938624878
23069,331489788
23070,441172188
23071,281447251
23072,169208995
23073,717190580
23074,385816763
23075,201932463
23076,467435636
23077,420981236
23078,560262566
23079,507687726
23080,351521468
23081,610517517
23082,987183766
23083,552565205
23084,494627486
23085,913020485
23086,179590341
23087,962969789
23088,581661430
23089,126226897
23090,718008663
23091,514490056
23092,970451918
23093,537720663
23094,450666380
23095,389860882
23096,73176694
23097,797223298
23098,955681906
23099,799695070
23100,751487031
23101,917127233
23102,34590372
23103,649018157
23104,458851624
23105,777586008
23106,410410742
23107,8861060
23108,303708663
23109,703240169
23110,856155321
23111,413000792
23112,896819178
23113,333323995
23114,113994355
23115,584869756
23116,195525399
23117,53689484
23118,542974506
23119,605287888
23120,519682489
23121,679514668
23122,946831988
23123,372671189
23124,580012877
23125,234764347
23126,388470516
23127,66609829
23128,406755677
23129,762059467
23130,643153179
23131,132720784
23132,101655794
23133,413132967
23134,303833640
23135,711693227
23136,367086368
23137,814425411
23138,107255671
23139,620895210
23140,183522207
23141,750820242
23142,659928067
23143,564591451
23144,200519140
23145,928957955
23146,989963414
23147,751394553
23148,599589681
23149,196212292
23150,818436632
23151,378956462
23152,930976201
23153,91626267
23154,269726596
23155,887071815
23156,568922279
23157,369736605
23158,217069512
23159,538647797
23160,120941481
23161,730396867
23162,311691505
23163,423336387
23164,109825200
23165,806180657
23166,210564045
23167,619166616
23168,11145751
23169,666270046
23170,673156586
23171,286911076
23172,432091592
23173,526229580
23174,902805285
23175,991412008
23176,639122716
23177,163602715
23178,566271056
23179,406675935
23180,117052419
23181,663617322
23182,462913877
23183,115244535
23184,782557650
23185,153116973
23186,178986797
23187,183900212
23188,977118751
23189,745556442
23190,834990730
23191,904652826
23192,474301421
23193,291446449
23194,962666835
23195,607311969
23196,931132172
23197,998435240
23198,43440994
23199,763625849
23200,934439608
23201,43181907
23202,936140605
23203,871528923
23204,187911798
23205,873149030
23206,10388277
23207,527357041
23208,554576582
23209,362333458
23210,581362030
23211,390810237
23212,377335253
23213,142409567
23214,760381239
23215,56461997
23216,690138394
23217,985055528
23218,669987195
23219,561997571
23220,328818223
23221,271003390
23222,528289083
23223,459293730
23224,146507634
23225,905692221
23226,938750620
23227,641818721
23228,999346061
23229,504045321
23230,109552567
23231,553958325
23232,897563307
23233,441559814
23234,751434025
23235,158143179
23236,494808985
23237,642970467
23238,421413202
23239,250180583
23240,662873415
23241,152454903
23242,637665634
23243,748854538
23244,719777823
23245,490933371
23246,695685026
23247,968700740
23248,727702233
23249,677757530
23250,289627523
23251,79766986
23252,242586656
23253,933407626
23254,684135382
23255,352731670
23256,77807654
23257,770512792
23258,448134761
23259,17775751
23260,328939137
23261,842499685
23262,164145608
23263,597690350
23264,974093774
23265,351612030
23266,62527782
23267,966567545
23268,273898552
23269,45471609
23270,833122290
23271,55077293
23272,710448442
23273,175868024
23274,551814619
23275,569268073
23276,594037917
23277,158139005
23278,793125211
23279,755449300
23280,83952954
23281,864643518
23282,663981111
23283,698207598
23284,328118256
23285,287397451
23286,737916887
23287,938016263
23288,288788555
23289,822099293
23290,727451948
23291,559503773
23292,846236402
23293,806900734
23294,83197342
23295,373243700
23296,973528842
23297,37193514
23298,895295068
23299,303973989
23300,902114170
23301,518726479
23302,365238196
23303,812394005
23304,708438122
23305,389356485
23306,543387368
23307,876950274
23308,932458646
23309,299690201
23310,915467674
23311,8419339
23312,554302364
23313,646756452
23314,804586911
23315,528630185
23316,15361378
23317,585970979
23318,283150341
23319,118906995
23320,668849165
23321,447244265
23322,366383998
23323,906713984
23324,306031276
23325,941137465
23326,837839026
23327,354148022
23328,952680049
23329,792044432
23330,586022426
23331,883078343
23332,113195955
23333,876637286
23334,570287722
23335,560614348
23336,238922329
23337,282488779
23338,696843085
23339,694695564
23340,766245931
23341,655429620
23342,286175338
23343,725460671
23344,396783057
23345,994539754
23346,973167702
23347,411319862
23348,204157977
23349,290549725
23350,353996925
23351,487578832
23352,262281117
23353,932452456
23354,423818131
23355,976097062
23356,891022513
23357,808291338
23358,835587294
23359,584284189
23360,103386283
23361,315275112
23362,288667554
23363,187740803
23364,113990024
23365,40645457
23366,943014586
23367,905525103
23368,918310424
23369,738987457
23370,545454272
23371,197018540
23372,722665267
23373,89688400
23374,763593134
23375,960274572
23376,104281880
23377,153173273
23378,681657385
23379,71988364
23380,429060420
23381,121655376
23382,683377857
23383,634556726
23384,121052403
23385,242252688
23386,569373960
23387,919021701
23388,217325059
23389,406400863
23390,853721108
23391,749991304
23392,658413180
23393,540286504
23394,256358944
23395,269540855
23396,481679148
23397,463316997
23398,980302240
23399,773668023
23400,352884612
23401,723625230
23402,642379664
23403,546482992
23404,176255717
23405,866016442
23406,793969921
23407,239508511
23408,12428631
23409,254368504
23410,268264045
23411,473794525
23412,179812608
23413,125427790
23414,476610816
23415,855504411
23416,544284509
23417,752752483
23418,974940571
23419,632374274
23420,430291934
23421,569051155
23422,733497451
23423,6135722
23424,505056307
23425,132000446
23426,553937889
23427,168995254
23428,574538782
23429,515721365
23430,113930666
23431,239307813
23432,257561917
23433,84029639
23434,595293216
23435,347133049
23436,77835092
23437,665903345
23438,843484744
23439,924364155
23440,516807168
23441,430612718
23442,254518576
23443,871554520
23444,815057807
23445,325577082
23446,808792406
23447,582452313
23448,132177441
23449,919653316
23450,225230150
23451,736500707
23452,979499430
23453,866604827
23454,157060633
23455,25738911
23456,225498186
23457,96992385
23458,866789788
23459,814965279
23460,559269535
23461,731022809
23462,663352415
23463,833003298
23464,219009075
23465,660887051
23466,752866371
23467,328981837
23468,534838553
23469,52187464
23470,79172182
23471,397091002
23472,545541200
23473,38374064
23474,12452358
23475,688055625
23476,87258038
23477,975828220
23478,265158892
23479,222496883
23480,582051743
23481,731090566
23482,409108286
23483,648700200
23484,267534209
23485,644491694
23486,227816799
23487,730789611
23488,703365523
23489,756288602
23490,219663323
23491,840626967
23492,915976320
23493,109953441
23494,192385349
23495,522870575
23496,717037432
23497,575508440
23498,470762356
23499,655541902
23500,988457260
23501,704984870
23502,516098213
23503,891911348
23504,222785654
23505,545014954
23506,472115887
23507,306235722
23508,56662392
23509,503547776
23510,780121379
23511,761018844
23512,177538411
23513,318370497
23514,31601510
23515,720463027
23516,221288173
23517,302208575
23518,92620637
23519,355673606
23520,385073608
23521,87851360
23522,557711802
23523,853594934
23524,879502166
23525,946274035
23526,475363862
23527,237649097
23528,443338698
23529,359348715
23530,563987795
23531,520365265
23532,949077290
23533,306646965
23534,4557671
23535,213870280
23536,456911225
23537,950577435
23538,899931493
23539,488913672
23540,52554604
23541,824738422
23542,133562248
23543,431128686
23544,703140613
23545,553403673
23546,473759270
23547,167426847
23548,791982387
23549,227983394
23550,754288046
23551,977583126
23552,560813943
23553,904173977
23554,612259504
23555,612305479
23556,974378966
23557,59184783
23558,63776886
23559,690979052
23560,645657836
23561,594744215
23562,414538355
23563,263938018
23564,507311270
23565,921120246
23566,485416073
23567,263381512
23568,504231565
23569,745201253
23570,876846134
23571,322451184
23572,671646472
23573,342779365
23574,360521120
23575,875917242
23576,205389246
23577,541138681
23578,834779646
23579,680225646
23580,279336657
23581,404722118
23582,635385276
23583,934323791
23584,924950308
23585,187325078
23586,82805344
23587,105153728
23588,152585577
23589,955720458
23590,824839796
23591,182602171
23592,360102151
23593,596371313
23594,453297803
23595,729301312
23596,573019304
23597,398090038
23598,903840188
23599,851954942
23600,122968747
23601,216362393
23602,216165426
23603,258549375
23604,919572932
23605,479407128
23606,314267318
23607,527716351
23608,262869107
23609,469915528
23610,58814870
23611,974898122
23612,713767591
23613,205976181
23614,699103499
23615,215660579
23616,107884195
23617,261649959
23618,27293937
23619,189584481
23620,303246736
23621,810992872
23622,262181343
23623,703940866
23624,36832641
23625,443268760
23626,777244816
23627,965203248
23628,106831799
23629,358279832
23630,766663117
23631,407204545
23632,746391218
23633,854030403
23634,461043967
23635,354202235
23636,112025896
23637,553629373
23638,968956932
23639,647904538
23640,423100675
23641,121206668
23642,539744726
23643,709778169
23644,547602203
23645,400754896
23646,142611188
23647,354490178
23648,637181648
23649,334664334
23650,832448144
23651,396074745
23652,538196614
23653,456437712
23654,867714334
23655,405842722
23656,121475192
23657,910343318
23658,340345197
23659,58752662
23660,580647461
23661,231750495
23662,238734602
23663,818172869
23664,332843537
23665,804473281
23666,749391485
23667,865514728
23668,283616543
23669,605717648
23670,868390314
23671,940254493
23672,120846655
23673,322295310
23674,654489939
23675,435287075
23676,484440478
23677,514213339
23678,693921272
23679,854010239
23680,720131084
23681,147823407
23682,252241715
23683,772458716
23684,551853968
23685,922594280
23686,184362491
23687,289305079
23688,35473270
23689,326160658
23690,129881325
23691,656176319
23692,482087595
23693,4967546
23694,223171191
23695,472150284
23696,654323506
23697,263138951
23698,596165389
23699,147176170
23700,135889820
23701,915227743
23702,704303706
23703,936583093
23704,123228154
23705,445752612
23706,803191850
23707,942270005
23708,485897712
23709,146747682
23710,469778090
23711,72866398
23712,872718115
23713,609940944
23714,128016884
23715,19325208
23716,218257709
23717,944591221
23718,626647689
23719,462157452
23720,486456307
23721,96912484
23722,718090620
23723,653763920
23724,748099951
23725,216622936
23726,189704533
23727,340553201
23728,175919007
23729,827433423
23730,76537616
23731,146690149
23732,345467297
23733,422057671
23734,393280390
23735,565556896
23736,657444259
23737,874488430
23738,763020523
23739,321244235
23740,438460554
23741,276216296
23742,174807819
23743,225499633
23744,325648162
23745,189828953
23746,807221847
23747,374175636
23748,704472756
23749,369288288
23750,592870079
23751,759166719
23752,293975151
23753,452377916
23754,9710161
23755,228611892
23756,995899654
23757,993299451
23758,486296371
23759,684015656
23760,780150777
23761,137664273
23762,804364579
23763,129736158
23764,46497929
23765,681785141
23766,432233675
23767,378598356
23768,787595546
23769,1066810
23770,286667943
23771,229913401
23772,213645113
23773,743872946
23774,934603730
23775,788716115
23776,231683325
23777,121882969
23778,556108466
23779,179964535
23780,254913166
23781,824804232
23782,336268171
23783,644653569
23784,276106098
23785,9298728
23786,559093361
23787,325355067
23788,884354308
23789,861129199
23790,44866780
23791,456375977
23792,394630189
23793,922710018
23794,453926879
23795,215084478
23796,136815206
23797,524172785
23798,537188933
23799,521934760
23800,685843912
23801,931833459
23802,907574194
23803,918721367
23804,670974772
23805,280679308
23806,43688137
23807,322843906
23808,766916667
23809,9879633
23810,344590416
23811,451159732
23812,388644749
23813,521739213
23814,804477268
23815,688577777
23816,202017096
23817,365897244
23818,655191119
23819,775202938
23820,106286270
23821,656612244
23822,921324155
23823,775743776
23824,94743099
23825,50643729
23826,671324081
23827,74748403
23828,564814379
23829,917856700
23830,329175907
23831,660197581
23832,800922337
23833,787563050
23834,368604915
23835,75188641
23836,233614827
23837,229321193
23838,382234116
23839,735967665
23840,118505379
23841,16779049
23842,778722844
23843,640394728
23844,922531721
23845,220951974
23846,410642
23847,505276478
23848,249346290
23849,177566746
23850,160931713
23851,222964012
23852,29611396
23853,748722842
23854,695633224
23855,257684171
23856,889912619
23857,651269811
23858,177672924
23859,263767394
23860,572940345
23861,732872265
23862,172388679
23863,412747570
23864,615107002
23865,569961304
23866,242059200
23867,618467535
23868,579610058
23869,518260819
23870,182603410
23871,202152467
23872,95224725
23873,801642059
23874,756473338
23875,804736384
23876,134085484
23877,618335063
23878,392957010
23879,259236958
23880,225901578
23881,569769733
23882,285556482
23883,286863869
23884,413341124
23885,598950144
23886,899325974
23887,872046870
23888,625662641
23889,715668161
23890,900956698
23891,280445852
23892,473094527
23893,885595282
23894,571415709
23895,665776186
23896,641537032
23897,749585025
23898,888370322
23899,893137348
23900,244971254
23901,368814459
23902,964224317
23903,98719224
23904,147537044
23905,933797621
23906,936304993
23907,274354131
23908,301592072
23909,687224887
23910,368648606
23911,112013325
23912,632121125
23913,420082875
23914,245785114
23915,77810520
23916,147958817
23917,343852040
23918,657351111
23919,894836047
23920,256107343
23921,154019566
23922,511126410
23923,10960832
23924,978331484
23925,653519655
23926,685101675
23927,180124763
23928,690916470
23929,649457126
23930,775959526
23931,442731153
23932,780249471
23933,974527623
23934,610746645
23935,678780648
23936,753107476
23937,906492647
23938,881015715
23939,32570315
23940,144314008
23941,76727063
23942,744142411
23943,3053426
23944,553336238
23945,838772537
23946,340597928
23947,321175327
23948,455333372
23949,949180689
23950,964733537
23951,69275299
23952,822945955
23953,221072547
23954,738111014
23955,761930843
23956,717195287
23957,677149476
23958,448391996
23959,188084546
23960,534333357
23961,843305686
23962,577736671
23963,366281565
23964,80313782
23965,977249152
23966,532584083
23967,750326062
23968,487966797
23969,128497960
23970,318396438
23971,304170065
23972,171814787
23973,808687484
23974,266246881
23975,447548372
23976,259690469
23977,437506568
23978,71911229
23979,731312279
23980,311093030
23981,731466819
23982,580678092
23983,681480559
23984,414552764
23985,622497744
23986,405935363
23987,151878482
23988,596901056
23989,925601926
23990,425406378
23991,933267473
23992,679304932
23993,824922918
23994,896314615
23995,874012502
23996,555372585
23997,303561351
23998,128514178
23999,68324113
24000,476585036
24001,608692740
24002,877990009
24003,257873155
24004,931188671
24005,596713025
24006,428084048
24007,479999907
24008,627149279
24009,747020991
24010,412735402
24011,342285136
24012,222028994
24013,483379401
24014,174353464
24015,649195066
24016,980582594
24017,708368127
24018,353758124
24019,669733190
24020,421312811
24021,295026048
24022,111178903
24023,531046298
24024,637574466
24025,250092099
24026,753222185
24027,725629371
24028,518569974
24029,676532955
24030,552588071
24031,214058776
24032,126769918
24033,327513322
24034,604950509
24035,92497066
24036,136948027
24037,481937521
24038,899812108
24039,110911586
24040,772619106
24041,767327888
24042,791030938
24043,452484274
24044,426413349
24045,920913442
24046,260314349
24047,393653383
24048,590785549
24049,108451866
24050,72748332
24051,519690493
24052,548680863
24053,840873463
24054,741905748
24055,316881956
24056,698068103
24057,356109184
24058,858238154
24059,368976626
24060,144829684
24061,745626258
24062,677719143
24063,676676522
24064,825681193
24065,252086278
24066,903381915
24067,331739118
24068,649662949
24069,560058157
24070,932830597
24071,599836895
24072,539664504
24073,548593202
24074,346002232
24075,797502161
24076,513123006
24077,478689854
24078,481678379
24079,967679331
24080,803788320
24081,644842495
24082,139117316
24083,532425416
24084,475123040
24085,796231732
24086,621535862
24087,498614530
24088,393413399
24089,807977849
24090,211592233
24091,225880762
24092,365508827
24093,834835634
24094,15863249
24095,282269575
24096,197567102
24097,668430740
24098,274080144
24099,29178104
24100,413069540
24101,570511970
24102,435833730
24103,642060822
24104,342300971
24105,506835495
24106,627729323
24107,367329769
24108,615916250
24109,995537701
24110,923348534
24111,721223707
24112,786184073
24113,424405224
24114,636953876
24115,93175632
24116,999064745
24117,886873052
24118,447086101
24119,5963258
24120,519548288
24121,156029217
24122,107618660
24123,468380250
24124,381127580
24125,317969496
24126,757884382
24127,366944247
24128,156474291
24129,216634775
24130,633838605
24131,229982132
24132,511243751
24133,890320864
24134,662593833
24135,666970960
24136,144878099
24137,813563726
24138,297867294
24139,462199852
24140,297452104
24141,960505084
24142,441513371
24143,185742099
24144,317131989
24145,17021380
24146,208375242
24147,844004567
24148,99376620
24149,222036184
24150,449442775
24151,855304090
24152,483916188
24153,775128785
24154,427669887
24155,254706445
24156,436480142
24157,180441727
24158,889232891
24159,161438709
24160,383445244
24161,506012859
24162,272047854
24163,207428047
24164,494071263
24165,722662593
24166,848234572
24167,636985029
24168,68744359
24169,367181297
24170,138273865
24171,206170593
24172,740861272
24173,347491255
24174,611906973
24175,577550984
24176,634750343
24177,519553216
24178,969626333
24179,946967407
24180,896069566
24181,537306042
24182,730614998
24183,77302426
24184,483086926
24185,659001885
24186,330576734
24187,388914045
24188,543931650
24189,335701286
24190,245373536
24191,139000280
24192,234638758
24193,321126619
24194,880448686
24195,60052713
24196,256666377
24197,155605488
24198,849523159
24199,674140991
24200,138314402
24201,200328452
24202,35530313
24203,642593066
24204,124052270
24205,216469807
24206,838668022
24207,93450294
24208,448298973
24209,535146068
24210,676212041
24211,109998323
24212,612703629
24213,707284371
24214,766985061
24215,831786706
24216,311054483
24217,654363844
24218,465336226
24219,942487701
24220,888646581
24221,203117128
24222,309778122
24223,910630920
24224,962941269
24225,267622394
24226,343585502
24227,695965128
24228,403259308
24229,799125055
24230,145441955
24231,599334016
24232,669711766
24233,73878349
24234,789252912
24235,376576668
24236,296608129
24237,330304124
24238,50304795
24239,778475139
24240,937772663
24241,795223639
24242,951152099
24243,429787156
24244,252006817
24245,74633842
24246,599559944
24247,150735314
24248,139793837
24249,5740945
24250,487123994
24251,484720885
24252,469756199
24253,490428310
24254,205356654
24255,865428268
24256,54994116
24257,370055344
24258,410323703
24259,659494083
24260,392305435
24261,510279866
24262,393105854
24263,659230499
24264,186786027
24265,627646603
24266,250977045
24267,588339995
24268,234852445
24269,90802552
24270,656012813
24271,730665944
24272,322482449
24273,807447507
24274,859934779
24275,360155093
24276,321952477
24277,741170012
24278,610160233
24279,608075599
24280,491001762
24281,687482025
24282,768007179
24283,48405750
24284,729280821
24285,243110512
24286,468737647
24287,104330483
24288,518720199
24289,572601493
24290,264890908
24291,410740234
24292,136479965
24293,182008615
24294,957744929
24295,276658874
24296,388356252
24297,601025529
24298,106222050
24299,706417417
24300,957397502
24301,269642723
24302,778976613
24303,349654276
24304,571763506
24305,563526576
24306,531600051
24307,491655010
24308,40461188
24309,15356216
24310,454589586
24311,925246348
24312,960942350
24313,360069454
24314,180783664
24315,231678507
24316,82607200
24317,39098522
24318,831068530
24319,250768843
24320,389529379
24321,705326146
24322,289374171
24323,940262057
24324,61979343
24325,110038307
24326,696207765
24327,867511216
24328,732149009
24329,134022229
24330,623642777
24331,47797328
24332,14113333
24333,50435209
24334,695994221
24335,121503861
24336,635489103
24337,992228676
24338,313560012
24339,369764673
24340,118490681
24341,746113984
24342,290464225
24343,183918745
24344,193935883
24345,787149752
24346,861750736
24347,428022590
24348,9018669
24349,352911707
24350,623777655
24351,752544187
24352,441517855
24353,611672869
24354,536080651
24355,540422062
24356,229556968
24357,582659572
24358,73415873
24359,686698762
24360,780090176
24361,391960940
24362,660911286
24363,671571692
24364,338344919
24365,73401299
24366,820285695
24367,343034337
24368,742318972
24369,903928445
24370,433141269
24371,280657827
24372,349717579
24373,625005409
24374,510978574
24375,62179211
24376,606056951
24377,388466388
24378,745082098
24379,370670917
24380,449372792
24381,648341750
24382,420618579
24383,236465527
24384,270429424
24385,246946290
24386,578023475
24387,242730088
24388,141539050
24389,939080266
24390,310818500
24391,910395260
24392,379593763
24393,134733867
24394,406681071
24395,32413154
24396,477456814
24397,561765216
24398,896969827
24399,533504775
24400,29739091
24401,490537518
24402,987805976
24403,272682494
24404,151111171
24405,383868279
24406,461832266
24407,53319950
24408,114051893
24409,457345651
24410,152010658
24411,880105392
24412,996592662
24413,508865211
24414,475012997
24415,113274982
24416,675747671
24417,649601209
24418,250257138
24419,297194942
24420,314456470
24421,964438183
24422,787297992
24423,30782849
24424,442690766
24425,765377365
24426,916020385
24427,456502135
24428,547375452
24429,152069891
24430,191352977
24431,994441401
24432,68433222
24433,245029822
24434,900229289
24435,78516279
24436,661114829
24437,803484472
24438,62114752
24439,790528135
24440,25659262
24441,518535948
24442,219119482
24443,417186669
24444,64369654
24445,156786189
24446,275505681
24447,132451557
24448,843123326
24449,444664757
24450,540948155
24451,803986909
24452,495659495
24453,696062232
24454,495532386
24455,834147883
24456,850405018
24457,698026596
24458,510564617
24459,654493535
24460,790867589
24461,865236689
24462,177970251
24463,318085695
24464,519785060
24465,439773
24466,485459609
24467,926452822
24468,400714192
24469,761890075
24470,93898978
24471,428819284
24472,18829484
24473,500961233
24474,216036090
24475,203677605
24476,22473643
24477,664325212
24478,545510409
24479,696369893
24480,380814748
24481,810308375
24482,342658194
24483,176351347
24484,212318722
24485,500742461
24486,674150914
24487,825109741
24488,550879892
24489,2685086
24490,428803810
24491,651724872
24492,200856457
24493,971265872
24494,857100341
24495,848728403
24496,275392769
24497,741407502
24498,781843488
24499,86275241
24500,409740981
24501,335102846
24502,341380968
24503,802059100
24504,285739471
24505,634910226
24506,33830573
24507,603495998
24508,576412861
24509,707362731
24510,374706473
24511,26594033
24512,781495687
24513,74867623
24514,510527935
24515,519867566
24516,987574060
24517,44376685
24518,915844888
24519,292759625
24520,55489641
24521,807741235
24522,973456360
24523,867595085
24524,842068919
24525,614543365
24526,94115606
24527,383456946
24528,870945788
24529,758384187
24530,120580479
24531,353350074
24532,496634220
24533,116570109
24534,797540513
24535,36857408
24536,762156615
24537,834601746
24538,264468420
24539,186058827
24540,225130237
24541,206655983
24542,409099927
24543,201019973
24544,780674170
24545,299296163
24546,186571876
24547,897061489
24548,284602570
24549,369409596
24550,262032489
24551,30278674
24552,943691098
24553,618760533
24554,292598804
24555,883854625
24556,567088874
24557,363177442
24558,451767185
24559,855317193
24560,53119069
24561,679323847
24562,173798531
24563,590196403
24564,578191566
24565,665948189
24566,925581944
24567,666987294
24568,920153290
24569,170250398
24570,756005296
24571,975687070
24572,768637327
24573,794702056
24574,423276896
24575,402442472
24576,491993658
24577,364971199
24578,986471315
24579,799142070
24580,563096751
24581,961667650
24582,814971228
24583,670942845
24584,218136822
24585,651315685
24586,150367045
24587,422040715
24588,17277744
24589,11774569
24590,75933592
24591,897167100
24592,13985971
24593,201031793
24594,660424019
24595,602675573
24596,265533074
24597,219896339
24598,428333137
24599,345489085
24600,701498553
24601,276475154
24602,281392557
24603,213765353
24604,556024752
24605,397679300
24606,172071815
24607,165569491
24608,37505836
24609,329795538
24610,590872732
24611,793529419
24612,642360916
24613,862175620
24614,676369623
24615,645356662
24616,315984043
24617,83279402
24618,341581413
24619,167619028
24620,224300056
24621,779224449
24622,639469493
24623,34204905
24624,647933557
24625,852794774
24626,952334961
24627,11010170
24628,224244216
24629,452029750
24630,713042889
24631,419787173
24632,586727602
24633,259910110
24634,22888330
24635,657754576
24636,583675963
24637,158017151
24638,73208180
24639,278634460
24640,683666594
24641,422260371
24642,498432610
24643,51309130
24644,638775620
24645,136485106
24646,600739944
24647,530314195
24648,594780664
24649,476769291
24650,11303649
24651,881211464
24652,345074546
24653,988974788
24654,568944418
24655,673438821
24656,868597217
24657,865268919
24658,822038277
24659,45510974
24660,436477060
24661,486799480
24662,676170268
24663,322207941
24664,628576920
24665,555035973
24666,748783198
24667,303895235
24668,224725087
24669,376062593
24670,306218921
24671,292592553
24672,807795
24673,462069059
24674,480853390
24675,707074869
24676,936882212
24677,920474476
24678,539707646
24679,109774508
24680,731398489
24681,432179719
24682,563553857
24683,90811193
24684,912648206
24685,745553876
24686,736433871
24687,553409239
24688,245071239
24689,909513923
24690,170442606
24691,271147265
24692,148233749
24693,589378354
24694,531214477
24695,887349816
24696,614909233
24697,228754481
24698,888227864
24699,971864618
24700,837195565
24701,579675363
24702,340179283
24703,716668827
24704,319871130
24705,928478454
24706,981721656
24707,124109759
24708,178767931
24709,496813539
24710,267805375
24711,246060379
24712,956604849
24713,811813895
24714,995899734
24715,835969012
24716,39192528
24717,572719680
24718,589487015
24719,49738658
24720,603784927
24721,577540882
24722,543008384
24723,964355914
24724,746571823
24725,501314779
24726,838680440
24727,616060827
24728,704199271
24729,121220121
24730,857241742
24731,240241147
24732,922424106
24733,393212517
24734,447730339
24735,353822076
24736,688426536
24737,777049947
24738,135291445
24739,929919894
24740,861126150
24741,208521017
24742,468936855
24743,185587430
24744,517693648
24745,819508460
24746,470062998
24747,875225228
24748,757620962
24749,201997289
24750,894876154
24751,55997120
24752,847916447
24753,257057318
24754,200000790
24755,774976869
24756,493064803
24757,176364792
24758,35041549
24759,690222490
24760,729591127
24761,174632623
24762,924741185
24763,547550487
24764,408551324
24765,460615275
24766,954303138
24767,339839360
24768,661150193
24769,837809672
24770,794197683
24771,638356623
24772,29371809
24773,152594960
24774,578755173
24775,718428574
24776,846695839
24777,19459203
24778,4765240
24779,419145356
24780,642984144
24781,624937474
24782,68654191
24783,230592154
24784,850278669
24785,798829319
24786,782282789
24787,745687563
24788,593743683
24789,726749994
24790,478772554
24791,104782975
24792,705308989
24793,540076627
24794,859578766
24795,617480436
24796,757814693
24797,706608624
24798,623401819
24799,840563076
24800,457929625
24801,284332457
24802,455013523
24803,192918401
24804,397811332
24805,852990041
24806,634436117
24807,543068670
24808,487571129
24809,656162957
24810,718745222
24811,157800147
24812,349143076
24813,589160920
24814,93135712
24815,492961083
24816,259262589
24817,844357012
24818,616681580
24819,162612948
24820,738677537
24821,618766898
24822,721468333
24823,294545724
24824,186474610
24825,942971999
24826,621244253
24827,310591424
24828,540118050
24829,562543691
24830,624589322
24831,506514051
24832,785534626
24833,52270220
24834,878326388
24835,198051046
24836,713220381
24837,495081683
24838,282165227
24839,424536158
24840,234400303
24841,132480072
24842,659687226
24843,286578870
24844,491498074
24845,583908313
24846,24333754
24847,827486832
24848,750918316
24849,282413428
24850,328665557
24851,22444277
24852,924438807
24853,910689328
24854,994699333
24855,293093367
24856,470630190
24857,434529295
24858,800003299
24859,889726593
24860,36818723
24861,858471133
24862,827718704
24863,935467364
24864,213035897
24865,867550925
24866,93793091
24867,404385235
24868,674147123
24869,211730271
24870,496563790
24871,887133078
24872,20112387
24873,454358547
24874,213418917
24875,932061682
24876,418959547
24877,484314945
24878,624574610
24879,271906856
24880,371937959
24881,887622009
24882,703072507
24883,684533838
24884,533052388
24885,408264327
24886,984616538
24887,544659890
24888,837190848
24889,66179325
24890,620661476
24891,946426794
24892,206389642
24893,96962057
24894,955418431
24895,142523238
24896,861852158
24897,48516370
24898,378005311
24899,953259525
24900,534790748
24901,945114610
24902,908075392
24903,928703464
24904,454757974
24905,694588652
24906,12115409
24907,570309823
24908,891254698
24909,353861347
24910,373348659
24911,323767465
24912,741847823
24913,729611190
24914,549784538
24915,430221426
24916,558156660
24917,896401519
24918,421223801
24919,25411323
24920,861074377
24921,133752358
24922,976548922
24923,589253119
24924,205820623
24925,541017832
24926,316047521
24927,848711907
24928,265247228
24929,343313686
24930,727329678
24931,836298756
24932,803196748
24933,108347901
24934,934778371
24935,886205969
24936,755635092
24937,302077777
24938,816450038
24939,755173046
24940,66041358
24941,746705166
24942,695931818
24943,886662383
24944,45337734
24945,130627743
24946,585342098
24947,561753454
24948,798530912
24949,559082536
24950,922979000
24951,222257399
24952,789691652
24953,384352852
24954,546412391
24955,187695496
24956,999565922
24957,999813168
24958,627062114
24959,970986064
24960,982528252
24961,333567383
24962,671696633
24963,731896565
24964,573573769
24965,678127786
24966,844767277
24967,740799762
24968,976668451
24969,903431064
24970,256520778
24971,899701762
24972,5969435
24973,483202214
24974,200193599
24975,853097992
24976,509503075
24977,409638693
24978,712442343
24979,962958350
24980,180783880
24981,240951530
24982,700292812
24983,295920311
24984,2793821
24985,710461444
24986,879927318
24987,156836162
24988,330205344
24989,67760908
24990,125324620
24991,632137910
24992,24887494
24993,709371167
24994,91663260
24995,934216202
24996,514196188
24997,352386744
24998,879139104
24999,88916141
25000,985952809
25001,415086697
25002,269180512
25003,322934647
25004,315486612
25005,665769674
25006,518623774
25007,449515167
25008,172066785
25009,409756151
25010,745732461
25011,534624841
25012,742797293
25013,943538175
25014,378888336
25015,933659396
25016,486319763
25017,497943723
25018,627046231
25019,451929102
25020,848316580
25021,227765211
25022,27891107
25023,617906648
25024,855532680
25025,371192700
25026,383069212
25027,488926759
25028,14359304
25029,831700274
25030,958874961
25031,857438549
25032,836584103
25033,283489609
25034,150683471
25035,874663170
25036,985082355
25037,337270482
25038,200694544
25039,929422641
25040,886016145
25041,400632332
25042,71755013
25043,74029293
25044,97484696
25045,683194365
25046,203078317
25047,549662118
25048,890866142
25049,189110698
25050,638818851
25051,14573065
25052,762248652
25053,746137606
25054,421255475
25055,403716051
25056,359762530
25057,776705075
25058,368617119
25059,236529274
25060,589880080
25061,975049781
25062,815809914
25063,601711327
25064,87818424
25065,176929692
25066,553969762
25067,693658028
25068,842294442
25069,554377974
25070,254873809
25071,862323072
25072,455092137
25073,376499728
25074,191778868
25075,220841351
25076,898281580
25077,429492609
25078,957067386
25079,898930542
25080,630648940
25081,978041647
25082,573677046
25083,378777174
25084,899579002
25085,170960478
25086,419843726
25087,139726293
25088,362013780
25089,146428796
25090,295549448
25091,249186788
25092,168133557
25093,360479297
25094,288752563
25095,927001398
25096,462280295
25097,813356773
25098,732225207
25099,998631339
25100,945727623
25101,764275156
25102,317718100
25103,744911291
25104,568022096
25105,26094876
25106,544468341
25107,709988742
25108,756770837
25109,739000955
25110,67840943
25111,172921054
25112,396482201
25113,923549460
25114,466489998
25115,859379319
25116,859000862
25117,943682670
25118,447619455
25119,459870572
25120,53963064
25121,366783808
25122,143712690
25123,259627119
25124,774310164
25125,889870640
25126,292200985
25127,254689175
25128,279715793
25129,553107468
25130,89533305
25131,571504263
25132,560556863
25133,337228790
25134,706494987
25135,472946345
25136,514750382
25137,2996718
25138,117204697
25139,188401701
25140,272687883
25141,841329111
25142,131333799
25143,904090445
25144,108245507
25145,298905810
25146,49223131
25147,906196208
25148,786287419
25149,895252923
25150,270934129
25151,45577913
25152,962392893
25153,319871059
25154,613256953
25155,829610414
25156,410368847
25157,676422890
25158,240077703
25159,765492830
25160,229375404
25161,276162613
25162,76487166
25163,537205616
25164,883306154
25165,587971417
25166,5954629
25167,172866469
25168,674316935
25169,632567404
25170,372062154
25171,442013026
25172,656144142
25173,780978772
25174,857103213
25175,402360970
25176,888985283
25177,988277780
25178,512099434
25179,835014528
25180,495258216
25181,929345422
25182,130430053
25183,360353813
25184,768148319
25185,221940528
25186,969194757
25187,587439389
25188,787602726
25189,628560055
25190,558145925
25191,801768835
25192,965376554
25193,874952250
25194,914615009
25195,845502402
25196,117451082
25197,468301074
25198,338253558
25199,63174331
25200,844690445
25201,357860408
25202,250979284
25203,686373217
25204,508421477
25205,986089934
25206,146891119
25207,15838646
25208,460798084
25209,809053750
25210,844559291
25211,850502354
25212,18024308
25213,192416168
25214,120708359
25215,369757924
25216,146112247
25217,515411596
25218,682836823
25219,867824635
25220,863124675
25221,277110945
25222,463156981
25223,543240173
25224,672346154
25225,837722837
25226,563580194
25227,415858509
25228,835313184
25229,712707741
25230,225601251
25231,556063584
25232,850238786
25233,10705329
25234,948861874
25235,173757716
25236,863279138
25237,117905952
25238,402038453
25239,103486140
25240,124457337
25241,613246416
25242,955274163
25243,570169728
25244,812437053
25245,757484394
25246,979913553
25247,375221069
25248,847893417
25249,155373160
25250,304349950
25251,312731624
25252,346597977
25253,350918147
25254,369145703
25255,652065440
25256,315631591
25257,675961322
25258,957217040
25259,102856829
25260,673889833
25261,482771992
25262,67845009
25263,484467280
25264,519150470
25265,722777022
25266,750630897
25267,142115390
25268,751513678
25269,532619286
25270,768912824
25271,752601500
25272,627343800
25273,426683161
25274,430115293
25275,471228715
25276,892961105
25277,245099330
25278,46025813
25279,654149739
25280,569456376
25281,436374810
25282,578432667
25283,213064337
25284,248907445
25285,394506540
25286,225599580
25287,92357320
25288,585594165
25289,808730467
25290,412163762
25291,116796741
25292,610094568
25293,527462836
25294,431586012
25295,468822890
25296,302684444
25297,105393805
25298,589385544
25299,486951125
25300,821186069
25301,248471234
25302,144691548
25303,424461712
25304,521856588
25305,771732092
25306,909395118
25307,85812060
25308,574973040
25309,253027380
25310,428328886
25311,246872651
25312,312878935
25313,515648000
25314,206979410
25315,482858424
25316,722259432
25317,848546144
25318,532545529
25319,918670735
25320,328371227
25321,187726069
25322,322638126
25323,745424350
25324,962004814
25325,922872502
25326,637035603
25327,416510188
25328,478755632
25329,730486786
25330,306412475
25331,814827381
25332,14748815
25333,863693766
25334,500051727
25335,327474369
25336,414531461
25337,358310209
25338,331523857
25339,439149836
25340,638435678
25341,65557086
25342,826537438
25343,341003237
25344,62986883
25345,434623419
25346,990292603
25347,881233830
25348,521095139
25349,64160517
25350,396312047
25351,107385488
25352,715159119
25353,571805299
25354,63221139
25355,699519992
25356,173395039
25357,359445431
25358,514199485
25359,266189132
25360,626164791
25361,899191844
25362,84281121
25363,82230719
25364,80309957
25365,624561171
25366,707127854
25367,604476502
25368,742832127
25369,284085592
25370,583255739
25371,631576187
25372,818008395
25373,473976631
25374,875146303
25375,916658044
25376,559283972
25377,589251353
25378,785504984
25379,169275991
25380,736484573
25381,309821325
25382,632283683
25383,676569426
25384,28827608
25385,188835732
25386,134857715
25387,248991606
25388,811847152
25389,883615013
25390,117770953
25391,79143606
25392,898686405
25393,954461160
25394,7540882
25395,178338938
25396,815780518
25397,632578315
25398,500212747
25399,304436480
25400,218855903
25401,896774315
25402,336764734
25403,67694107
25404,620656929
25405,181316181
25406,543604425
25407,921104095
25408,593891923
25409,499144833
25410,876038779
25411,108400789
25412,750481232
25413,908275487
25414,393267958
25415,92595023
25416,551197456
25417,661640363
25418,527354674
25419,955573046
25420,927977033
25421,297703846
25422,131980861
25423,533900720
25424,62656748
25425,979238900
25426,746426911
25427,710610314
25428,166927214
25429,404345108
25430,194004656
25431,659166046
25432,517265984
25433,710808081
25434,329328172
25435,225232656
25436,618169039
25437,60399611
25438,526767171
25439,605819312
25440,181526551
25441,272542641
25442,201749755
25443,31699118
25444,923937178
25445,75125308
25446,842681
25447,379875720
25448,261096050
25449,560413035
25450,78248634
25451,565316337
25452,61311713
25453,467554720
25454,247477498
25455,260536680
25456,425627703
25457,201662589
25458,691188858
25459,117379381
25460,196759197
25461,25907021
25462,249200215
25463,610286999
25464,574117068
25465,199305325
25466,779080378
25467,959095867
25468,349219767
25469,955970301
25470,260645897
25471,977606138
25472,58387563
25473,181785362
25474,462575566
25475,248066253
25476,785244926
25477,811808258
25478,807909001
25479,683537342
25480,908531496
25481,875354397
25482,810233678
25483,387171339
25484,549180248
25485,413628328
25486,478248541
25487,423134158
25488,839868245
25489,554567022
25490,757362689
25491,430224337
25492,651684841
25493,907294819
25494,556598196
25495,845805153
25496,285435702
25497,920120074
25498,896028097
25499,519831782
25500,640971554
25501,910173201
25502,766311543
25503,717859099
25504,278466416
25505,974750196
25506,930742869
25507,116504815
25508,891803959
25509,97546522
25510,375541362
25511,340465300
25512,706905225
25513,974231873
25514,115692493
25515,99994319
25516,567820138
25517,175758955
25518,634868748
25519,515052136
25520,972095799
25521,23787525
25522,772234639
25523,864163556
25524,346028135
25525,356335231
25526,858346054
25527,117641476
25528,523354462
25529,321106347
25530,429423200
25531,872218971
25532,613862119
25533,541023472
25534,793695834
25535,241591783
25536,10732315
25537,310459832
25538,690353683
25539,583752639
25540,50216001
25541,103705474
25542,847508141
25543,23554774
25544,769130725
25545,254347779
25546,611232548
25547,723217827
25548,116510174
25549,681703764
25550,565312797
25551,659198734
25552,551144499
25553,50714909
25554,394599065
25555,1722130
25556,256398494
25557,4291492
25558,772277552
25559,406586623
25560,384313395
25561,153479892
25562,153065788
25563,148442150
25564,321763014
25565,445456539
25566,222221127
25567,860519290
25568,828985591
25569,611719696
25570,265162311
25571,175658736
25572,873527822
25573,938140986
25574,862488661
25575,532958971
25576,971170588
25577,116381691
25578,131994545
25579,942384581
25580,582129254
25581,737114157
25582,203519798
25583,254138950
25584,826391868
25585,955542824
25586,509913994
25587,791120890
25588,960358225
25589,318674225
25590,527482851
25591,911224066
25592,697885699
25593,171665699
25594,761391402
25595,428891670
25596,364533377
25597,994654178
25598,253424409
25599,572069603
25600,439466111
25601,582357985
25602,571252739
25603,244242909
25604,772181458
25605,54632775
25606,226698492
25607,707545039
25608,994518610
25609,175838737
25610,685536616
25611,811148659
25612,136907564
25613,102020244
25614,433442618
25615,721029541
25616,359041948
25617,933170823
25618,101399748
25619,358784141
25620,587876552
25621,633583851
25622,112155257
25623,651305789
25624,830924209
25625,861886166
25626,761310271
25627,929041072
25628,960703787
25629,878648623
25630,37411149
25631,500863263
25632,456417411
25633,80652591
25634,133266994
25635,132316830
25636,362010769
25637,828121177
25638,191700653
25639,319708019
25640,143002057
25641,840279047
25642,925668737
25643,246039934
25644,394082300
25645,973404512
25646,368247763
25647,867701657
25648,413886846
25649,922400717
25650,744454542
25651,18929302
25652,749591286
25653,58700068
25654,527991580
25655,124340616
25656,13858782
25657,50165620
25658,363429145
25659,776031849
25660,323281631
25661,272249409
25662,518638479
25663,216157382
25664,559963243
25665,205624431
25666,724297832
25667,874791654
25668,798731381
25669,566054882
25670,487501821
25671,818082916
25672,547899179
25673,519343985
25674,63762762
25675,699324613
25676,120894551
25677,558402266
25678,275779143
25679,422842321
25680,447596793
25681,980147865
25682,464645135
25683,537954017
25684,732416643
25685,461177205
25686,708631208
25687,1003112
25688,867795679
25689,272053008
25690,962575991
25691,38574655
25692,61778424
25693,491288821
25694,778141086
25695,487764503
25696,329620208
25697,374086126
25698,917449470
25699,207381918
25700,64882578
25701,945641398
25702,525254992
25703,439339760
25704,828633067
25705,297496325
25706,729742351
25707,689919884
25708,117273180
25709,290761129
25710,370235483
25711,774533686
25712,137013008
25713,623705808
25714,449245426
25715,19064378
25716,591646781
25717,451033058
25718,568187451
25719,190567057
25720,645535419
25721,450150519
25722,286347496
25723,206040304
25724,450935022
25725,703801802
25726,61929415
25727,567936190
25728,403109643
25729,99156300
25730,761909322
25731,146613339
25732,667623097
25733,861356482
25734,909424975
25735,852712668
25736,229816678
25737,235581294
25738,455693498
25739,14182834
25740,385974847
25741,209589813
25742,874065026
25743,822405388
25744,341890017
25745,912938928
25746,573333064
25747,659384547
25748,205243831
25749,957898811
25750,784481362
25751,295854796
25752,602821314
25753,927673432
25754,856883479
25755,895184256
25756,805471934
25757,541873594
25758,559111950
25759,756205245
25760,280618853
25761,600311901
25762,665456804
25763,305051191
25764,50363399
25765,778965374
25766,751199016
25767,956700593
25768,135297811
25769,483247251
25770,506563603
25771,381622871
25772,661784263
25773,317117853
25774,360004506
25775,584995885
25776,659690200
25777,648549355
25778,237413788
25779,426020212
25780,652362661
25781,476155729
25782,647446714
25783,205490830
25784,586055751
25785,13740520
25786,11303570
25787,262567677
25788,752599842
25789,297368885
25790,557079365
25791,190429986
25792,428752227
25793,975245226
25794,948815087
25795,296590974
25796,790701202
25797,855089029
25798,156184571
25799,899504881
25800,949772103
25801,145977535
25802,780292914
25803,39383779
25804,860308186
25805,747817516
25806,464543627
25807,29991972
25808,633068125
25809,327220153
25810,484028724
25811,60972634
25812,138710941
25813,844626020
25814,182393627
25815,478258856
25816,400207339
25817,321624975
25818,549135544
25819,530990711
25820,266146249
25821,116412237
25822,996674726
25823,89611302
25824,395959367
25825,634203282
25826,365268357
25827,844676934
25828,3148507
25829,862370534
25830,286938528
25831,453553985
25832,812182927
25833,860307651
25834,143645617
25835,614741474
25836,700182439
25837,39070164
25838,702044924
25839,42988615
25840,738522116
25841,55302862
25842,38518172
25843,583369986
25844,260281906
25845,565481968
25846,809958755
25847,486549141
25848,953187297
25849,226752637
25850,983502069
25851,35666677
25852,341401027
25853,612074225
25854,6838166
25855,29526414
25856,19440865
25857,536900670
25858,955917776
25859,552807712
25860,571535508
25861,162458867
25862,896157325
25863,698388046
25864,620458355
25865,817042678
25866,93729001
25867,297077162
25868,439352855
25869,512922484
25870,511357782
25871,175426404
25872,746355408
25873,866027839
25874,55039099
25875,422444873
25876,817084946
25877,708055957
25878,385574649
25879,155549336
25880,239627979
25881,53557785
25882,202305938
25883,554242126
25884,435224070
25885,733351812
25886,424908542
25887,412315721
25888,321014806
25889,71887770
25890,920759380
25891,380237723
25892,450783642
25893,338122098
25894,215563908
25895,594026363
25896,74272058
25897,63327953
25898,139199096
25899,861002755
25900,976858683
25901,50194342
25902,564566838
25903,51087156
25904,955017665
25905,901023282
25906,603072683
25907,446344734
25908,102596319
25909,296971926
25910,621791310
25911,406535785
25912,708272527
25913,268112146
25914,934179592
25915,724518608
25916,479631553
25917,974883608
25918,479445712
25919,660697213
25920,823581199
25921,827007053
25922,698689653
25923,515397508
25924,543811938
25925,423169733
25926,540941923
25927,25711295
25928,834147122
25929,468558793
25930,804851142
25931,760569892
25932,170671596
25933,350738357
25934,220213259
25935,353840705
25936,144675613
25937,502608037
25938,133509361
25939,78244711
25940,529391094
25941,293739588
25942,119811724
25943,569653985
25944,756297894
25945,732364054
25946,731693052
25947,872024908
25948,891595473
25949,945994255
25950,147134282
25951,700190110
25952,555345970
25953,21065765
25954,319597754
25955,771290350
25956,280692383
25957,692215840
25958,725798087
25959,364222316
25960,681768533
25961,690438496
25962,140602189
25963,341846744
25964,650074384
25965,546714618
25966,438622537
25967,996839725
25968,174303912
25969,996761653
25970,867991182
25971,967528289
25972,541969321
25973,704775633
25974,60076008
25975,372185443
25976,127880554
25977,222338600
25978,263813210
25979,176462267
25980,886092165
25981,482513128
25982,99063116
25983,61244063
25984,6413420
25985,278988100
25986,457098516
25987,280449698
25988,183073332
25989,497879460
25990,7973524
25991,206951764
25992,497467332
25993,727414961
25994,48211804
25995,676118017
25996,400761095
25997,682060858
25998,508899947
25999,352011707
26000,528089851
26001,93802524
26002,815438250
26003,77641983
26004,2223963
26005,547392505
26006,224839045
26007,394352975
26008,242548308
26009,283197342
26010,362645673
26011,593211089
26012,580704165
26013,142274159
26014,126915380
26015,412303165
26016,201984184
26017,499990550
26018,167321242
26019,275439830
26020,663914548
26021,18400556
26022,985232327
26023,681803371
26024,128017685
26025,722184226
26026,5831264
26027,562799092
26028,294154357
26029,765704271
26030,652187523
26031,117421752
26032,394238757
26033,912325473
26034,762211805
26035,781818023
26036,713700608
26037,718948101
26038,22975214
26039,801711555
26040,482322743
26041,243001585
26042,323649497
26043,745380456
26044,501070602
26045,247212431
26046,26657709
26047,451971094
26048,760403433
26049,447488612
26050,96300880
26051,157914302
26052,812931710
26053,499875397
26054,165213299
26055,828978612
26056,894697161
26057,223777939
26058,785088334
26059,217309477
26060,433962502
26061,44002247
26062,28946688
26063,479600306
26064,906079147
26065,821450613
26066,911500293
26067,738124616
26068,50013624
26069,672709967
26070,110486207
26071,819554301
26072,44282981
26073,535770021
26074,880887201
26075,188657073
26076,681710117
26077,416614503
26078,672639543
26079,18617200
26080,541158995
26081,465597356
26082,214478939
26083,863976537
26084,599551859
26085,674893489
26086,427437637
26087,784965180
26088,111082663
26089,621599387
26090,97357318
26091,573934488
26092,704194653
26093,794847074
26094,88240671
26095,445041162
26096,478555849
26097,2444030
26098,656863824
26099,180368477
26100,750210431
26101,345596527
26102,249071250
26103,151026308
26104,292335763
26105,425723660
26106,68709565
26107,276481039
26108,249972263
26109,333059310
26110,143312077
26111,568368736
26112,458380709
26113,428037513
26114,434657062
26115,91050134
26116,330269306
26117,824800914
26118,500231152
26119,934584741
26120,364885624
26121,573675282
26122,775790962
26123,860706337
26124,945702572
26125,24001474
26126,492641305
26127,556478481
26128,292881458
26129,761497599
26130,190262637
26131,583829350
26132,582593064
26133,229889645
26134,87494042
26135,912501537
26136,176349328
26137,821797942
26138,978566573
26139,720129866
26140,218847981
26141,222740827
26142,620770529
26143,582307296
26144,606428530
26145,684024492
26146,913890852
26147,302600890
26148,847125637
26149,915443757
26150,354857770
26151,525229228
26152,725486661
26153,121042808
26154,415467353
26155,177660855
26156,834055232
26157,137329024
26158,985842581
26159,3690686
26160,842406340
26161,592699006
26162,792987384
26163,281729437
26164,911306392
26165,298395601
26166,502848593
26167,183729555
26168,235459079
26169,581053066
26170,206854384
26171,730186113
26172,942623826
26173,124765519
26174,810510113
26175,69570972
26176,67110113
26177,380791022
26178,236935022
26179,540862000
26180,204918740
26181,503500369
26182,263678885
26183,193260254
26184,129055078
26185,197339942
26186,412537973
26187,58709859
26188,971302214
26189,492229123
26190,210883941
26191,422631918
26192,599086723
26193,639994178
26194,416639464
26195,775600742
26196,501643480
26197,395344512
26198,987125651
26199,323901381
26200,655935784
26201,280745307
26202,717077600
26203,900994718
26204,665345398
26205,122427973
26206,493691902
26207,453106834
26208,131064301
26209,280214341
26210,551097731
26211,229347417
26212,723208875
26213,663963241
26214,659016704
26215,958228836
26216,32003292
26217,142042676
26218,727157791
26219,124577333
26220,23360320
26221,152355053
26222,338294408
26223,408635362
26224,119625614
26225,353495217
26226,881425553
26227,991054715
26228,149168344
26229,101914879
26230,712839119
26231,422132121
26232,300786370
26233,433529322
26234,117039486
26235,873470756
26236,179044657
26237,259463760
26238,431846574
26239,848567033
26240,319102366
26241,23866396
26242,41914401
26243,824073690
26244,496564517
26245,954536272
26246,231253242
26247,95917587
26248,172484604
26249,170018773
26250,488440272
26251,244626686
26252,616480841
26253,72497360
26254,757069139
26255,818382755
26256,276044558
26257,177752
26258,577289913
26259,794573306
26260,729234212
26261,26589303
26262,838633125
26263,359655509
26264,802009416
26265,657213549
26266,878776745
26267,824113109
26268,872701092
26269,140847981
26270,87896386
26271,853671594
26272,589982241
26273,453276010
26274,988596545
26275,596543384
26276,277945225
26277,504142735
26278,718257078
26279,705359205
26280,309923334
26281,10433947
26282,582246096
26283,689570830
26284,70761240
26285,55742033
26286,736411046
26287,340295624
26288,748821184
26289,592663707
26290,808452227
26291,663504504
26292,367065131
26293,210686412
26294,113234205
26295,349722598
26296,789492686
26297,433496358
26298,259415762
26299,909060664
26300,29984173
26301,154401481
26302,930579851
26303,901487826
26304,189031666
26305,406279924
26306,253038512
26307,26100932
26308,622995428
26309,726983135
26310,160431937
26311,217486612
26312,509031107
26313,587148386
26314,657912693
26315,18444211
26316,448382348
26317,865039670
26318,511539769
26319,524992119
26320,532099257
26321,226973058
26322,69631364
26323,649073394
26324,243536734
26325,634335953
26326,451365703
26327,111682496
26328,899812598
26329,829501214
26330,157381851
26331,449636899
26332,699067751
26333,788097807
26334,412747359
26335,183338112
26336,488568574
26337,773372838
26338,903838846
26339,884814165
26340,754781726
26341,130336359
26342,27621067
26343,531007692
26344,732384276
26345,643693985
26346,825659118
26347,906753446
26348,502764848
26349,965145080
26350,388853351
26351,762115626
26352,838255349
26353,569896253
26354,383683832
26355,481128342
26356,256261669
26357,299545939
26358,415975345
26359,81904055
26360,408305504
26361,578025934
26362,323455434
26363,186759259
26364,870655347
26365,828138198
26366,546399207
26367,206419429
26368,629409628
26369,817534206
26370,656813887
26371,102219233
26372,302577610
26373,148312969
26374,622823815
26375,307143973
26376,17102148
26377,418851491
26378,197430684
26379,817232628
26380,319808927
26381,502012860
26382,501346002
26383,897602431
26384,845619460
26385,765618787
26386,172369681
26387,667696028
26388,879526895
26389,808257910
26390,637301844
26391,723869435
26392,75035808
26393,249207257
26394,283964980
26395,31661863
26396,452050568
26397,652479976
26398,175013108
26399,218772270
26400,631819780
26401,208785652
26402,375222361
26403,291057124
26404,750705493
26405,120319784
26406,785410146
26407,348536007
26408,43025556
26409,379135116
26410,660284131
26411,463405768
26412,33672408
26413,944436611
26414,368153900
26415,905265305
26416,649625340
26417,854651466
26418,26969838
26419,986764065
26420,659873595
26421,488129689
26422,391673985
26423,154346465
26424,452041145
26425,261654438
26426,67706928
26427,9924065
26428,129004062
26429,695146926
26430,935986062
26431,230498462
26432,136087959
26433,630399282
26434,765449803
26435,886200876
26436,409374978
26437,907540528
26438,861216126
26439,768315405
26440,950107367
26441,684965385
26442,415289257
26443,504882091
26444,517643102
26445,824819964
26446,814325127
26447,234497740
26448,685068872
26449,74845673
26450,725909646
26451,787592592
26452,189748199
26453,182483633
26454,997784923
26455,139483385
26456,270500350
26457,889473056
26458,465005115
26459,694893651
26460,715323608
26461,815995170
26462,251237823
26463,261539640
26464,557010508
26465,837154835
26466,425628876
26467,977311780
26468,320264859
26469,97867787
26470,950044313
26471,601799388
26472,880788215
26473,946639641
26474,997498358
26475,240702982
26476,711154662
26477,144686494
26478,982478535
26479,191921358
26480,55432536
26481,481289500
26482,789685440
26483,822560515
26484,344293881
26485,610076346
26486,303884376
26487,639410011
26488,978493159
26489,9781095
26490,581867239
26491,513838428
26492,267634046
26493,321299737
26494,664500684
26495,853873091
26496,95786512
26497,884539011
26498,910501671
26499,396578716
26500,419294165
26501,457950205
26502,214529166
26503,325287783
26504,139802520
26505,239035625
26506,612545816
26507,225457508
26508,791502422
26509,901063307
26510,3666949
26511,926938724
26512,632606135
26513,141898318
26514,334622502
26515,165724836
26516,375794907
26517,156441512
26518,621986702
26519,914489834
26520,787484930
26521,248417765
26522,201319936
26523,610042090
26524,325216670
26525,722580117
26526,540210590
26527,734397923
26528,134836465
26529,589946685
26530,289709954
26531,92560950
26532,742469676
26533,867937254
26534,713844779
26535,179543703
26536,26094494
26537,422190939
26538,625599812
26539,337951160
26540,154326235
26541,848960623
26542,878529380
26543,286883197
26544,739810316
26545,181353618
26546,538779352
26547,870532539
26548,196862351
26549,887949238
26550,488567716
26551,933579634
26552,118565643
26553,688539749
26554,504314926
26555,943606743
26556,826810334
26557,920579914
26558,244749717
26559,119269644
26560,334977292
26561,229560069
26562,183372830
26563,795588184
26564,588213367
26565,915772866
26566,972372125
26567,363391385
26568,793696724
26569,707865749
26570,77522057
26571,668369823
26572,596998972
26573,808034677
26574,674092477
26575,673108324
26576,712888211
26577,139545161
26578,953530401
26579,31635903
26580,422179036
26581,490711693
26582,456657094
26583,674179273
26584,383759615
26585,694599166
26586,866691539
26587,343038920
26588,543629344
26589,932164151
26590,522485487
26591,93857896
26592,463246087
26593,149037497
26594,397015740
26595,303602432
26596,761827272
26597,529967585
26598,632048174
26599,69695741
26600,933908478
26601,931519951
26602,404528619
26603,2961229
26604,563166426
26605,118954160
26606,32885894
26607,11636602
26608,10724679
26609,412175259
26610,400861484
26611,946264817
26612,319832099
26613,941814474
26614,804627156
26615,170482788
26616,504812235
26617,125091300
26618,939536084
26619,531370780
26620,318585528
26621,634054995
26622,420746240
26623,330240270
26624,843921916
26625,249307663
26626,890465321
26627,39754037
26628,999838773
26629,231996491
26630,905916453
26631,391310984
26632,193636094
26633,989745569
26634,986272238
26635,725285313
26636,156765779
26637,542578190
26638,903527280
26639,371243904
26640,916307645
26641,627448091
26642,854467070
26643,246026199
26644,581284180
26645,569823978
26646,782926317
26647,62063788
26648,81962125
26649,653617566
26650,376426203
26651,275693719
26652,960896416
26653,826687753
26654,283658773
26655,60311926
26656,258757683
26657,678350660
26658,106370769
26659,528438794
26660,94174550
26661,211496867
26662,105063321
26663,78728378
26664,108837082
26665,287540345
26666,661587736
26667,642041152
26668,904338563
26669,435923797
26670,110289231
26671,701917032
26672,55825758
26673,145071521
26674,311104518
26675,572017660
26676,533837635
26677,636775098
26678,802660477
26679,168930493
26680,439342569
26681,482851530
26682,324257620
26683,61937356
26684,891574796
26685,830665101
26686,691853343
26687,695033133
26688,480811634
26689,948355870
26690,677399180
26691,303836013
26692,299256792
26693,879616515
26694,730787323
26695,846180435
26696,359703934
26697,539150762
26698,94817758
26699,851306836
26700,173716643
26701,828524519
26702,602450410
26703,85119583
26704,307458919
26705,531746543
26706,292655888
26707,208626027
26708,293338114
26709,949300236
26710,953899147
26711,938308112
26712,577041222
26713,416149127
26714,438303498
26715,283575372
26716,942653088
26717,873777054
26718,584857873
26719,710370621
26720,776966418
26721,641551231
26722,260389164
26723,709536859
26724,772852700
26725,224553188
26726,786845241
26727,533280122
26728,178851526
26729,774336655
26730,502563400
26731,813005559
26732,92062466
26733,894467247
26734,25968565
26735,418841256
26736,946824114
26737,757801028
26738,283126886
26739,978586075
26740,947140879
26741,903998052
26742,409927035
26743,558809400
26744,563566090
26745,635888219
26746,262726942
26747,208069217
26748,569737710
26749,507268348
26750,297284692
26751,747476652
26752,771733169
26753,223990538
26754,584776607
26755,691238666
26756,135063623
26757,776208295
26758,264281758
26759,559619966
26760,664934709
26761,356577702
26762,946526033
26763,267955705
26764,874851243
26765,154234687
26766,158799884
26767,351204018
26768,112138012
26769,286168307
26770,228468030
26771,538578502
26772,169487315
26773,84899945
26774,815214037
26775,72129778
26776,399047921
26777,828524448
26778,757193970
26779,574850104
26780,548490639
26781,450792807
26782,242165643
26783,256514094
26784,350526734
26785,364641776
26786,46821595
26787,156826222
26788,231678335
26789,632090127
26790,910034475
26791,54807178
26792,400644442
26793,472388507
26794,686299912
26795,483344131
26796,624567061
26797,288475583
26798,444115759
26799,239357202
26800,244271384
26801,70044010
26802,201739674
26803,205545956
26804,21247897
26805,776886120
26806,959620995
26807,441976494
26808,919701778
26809,386723037
26810,363840360
26811,483935326
26812,403452337
26813,35398870
26814,103596371
26815,235882252
26816,262939181
26817,433373878
26818,196120716
26819,385944201
26820,903790246
26821,130179079
26822,455967280
26823,351061366
26824,82339361
26825,294761158
26826,236943391
26827,792295970
26828,19456626
26829,692263275
26830,19201225
26831,789093846
26832,772141109
26833,410209101
26834,780245183
26835,834444200
26836,240806050
26837,56604790
26838,518627001
26839,288810609
26840,319068807
26841,386060385
26842,251696994
26843,331152046
26844,141809554
26845,377304829
26846,980851711
26847,972314622
26848,79617194
26849,532504043
26850,464307318
26851,158910720
26852,169751309
26853,343344759
26854,667774522
26855,223776449
26856,836146204
26857,542084827
26858,650267493
26859,985895785
26860,139360564
26861,121979140
26862,181891253
26863,122226609
26864,542283401
26865,953935526
26866,203922741
26867,422011402
26868,220076198
26869,482994351
26870,714279690
26871,394188323
26872,152942595
26873,411761568
26874,754534341
26875,273422659
26876,346003813
26877,959283176
26878,459855764
26879,333725272
26880,227594284
26881,907759602
26882,798840565
26883,73821469
26884,529600049
26885,428737982
26886,168988826
26887,611101297
26888,772593635
26889,418331901
26890,944043553
26891,548509911
26892,357128580
26893,485983061
26894,696918808
26895,825858216
26896,610804851
26897,168646916
26898,88234592
26899,860931149
26900,308037361
26901,762801024
26902,890393479
26903,415887695
26904,388611473
26905,486766287
26906,721535741
26907,302090732
26908,999308374
26909,957509705
26910,483522311
26911,687330096
26912,57511117
26913,696444525
26914,653176663
26915,270154327
26916,848479841
26917,221471987
26918,351716823
26919,478596364
26920,72564370
26921,630176315
26922,676364662
26923,915498582
26924,853992593
26925,209458905
26926,489436210
26927,762971947
26928,597352307
26929,170622939
26930,193260868
26931,545175420
26932,863539535
26933,52187038
26934,196411353
26935,521321885
26936,165393325
26937,419654790
26938,923573121
26939,276786020
26940,233957240
26941,527941253
26942,532500381
26943,950232052
26944,734770970
26945,15460381
26946,779381724
26947,462589599
26948,399314707
26949,479380976
26950,407218249
26951,931697224
26952,41767638
26953,663047754
26954,280096628
26955,61750576
26956,440470942
26957,559332005
26958,688246830
26959,898913878
26960,398452814
26961,616270213
26962,471077621
26963,302281800
26964,397032143
26965,718817779
26966,481680328
26967,689863461
26968,504313501
26969,143037518
26970,357154237
26971,84251182
26972,650955502
26973,792377719
26974,966915996
26975,811752659
26976,619124296
26977,336062671
26978,554617992
26979,838532569
26980,204775721
26981,788180645
26982,498303366
26983,968440964
26984,222741771
26985,850440232
26986,899450050
26987,174202722
26988,265052227
26989,859810272
26990,675179175
26991,954960722
26992,746303865
26993,767991567
26994,162014292
26995,292592200
26996,347533884
26997,57025667
26998,704995411
26999,994077455
27000,189757439
27001,574195180
27002,225188277
27003,693008302
27004,722754385
27005,881789009
27006,707011893
27007,106847059
27008,745550569
27009,807728783
27010,797222354
27011,923284055
27012,138088383
27013,559419234
27014,429816805
27015,684687011
27016,649256488
27017,327953399
27018,761972080
27019,547031039
27020,787469794
27021,983235115
27022,388861902
27023,656991020
27024,883725278
27025,482366791
27026,627535029
27027,858101613
27028,201197097
27029,421596421
27030,681482177
27031,418868704
27032,170879145
27033,173961945
27034,75168621
27035,349073013
27036,949184116
27037,522522466
27038,471853269
27039,46384956
27040,84604070
27041,807314268
27042,483479438
27043,940346839
27044,860457930
27045,144105854
27046,155717455
27047,920879591
27048,131782062
27049,290066840
27050,83158939
27051,967050179
27052,318919309
27053,176366378
27054,952408671
27055,353981580
27056,499939446
27057,293766942
27058,909400724
27059,963126947
27060,196360495
27061,212246217
27062,267129639
27063,756346342
27064,560444529
27065,278717155
27066,456278402
27067,683149082
27068,8410704
27069,551738152
27070,527214695
27071,101304970
27072,6026597
27073,604118602
27074,474949886
27075,875348857
27076,705862363
27077,286848982
27078,773557135
27079,311207426
27080,709413652
27081,544160638
27082,622204811
27083,11387157
27084,475339447
27085,662408939
27086,949685493
27087,380519172
27088,175617129
27089,719151259
27090,818262270
27091,374177345
27092,478352457
27093,582100610
27094,771487008
27095,240713721
27096,211780953
27097,873810536
27098,717568952
27099,426131263
27100,655866480
27101,829223971
27102,495081796
27103,222468952
27104,260708290
27105,820584864
27106,677722088
27107,633296254
27108,622218049
27109,800461518
27110,978888907
27111,94573588
27112,331386682
27113,127308021
27114,260388621
27115,10185540
27116,992870874
27117,143171830
27118,959210039
27119,917572960
27120,467304561
27121,187261611
27122,756366604
27123,125523136
27124,57378537
27125,163075378
27126,877001426
27127,335219941
27128,780847619
27129,718985454
27130,720321790
27131,65348037
27132,253371220
27133,351398283
27134,279041757
27135,376747593
27136,516059843
27137,425760877
27138,336364518
27139,221240794
27140,870401464
27141,898498662
27142,237676081
27143,631369498
27144,692258684
27145,943259353
27146,98016966
27147,827003611
27148,767786142
27149,252875471
27150,95588087
27151,379136855
27152,772338299
27153,976927720
27154,153236422
27155,337703302
27156,214534551
27157,122675044
27158,349109429
27159,482402865
27160,675004892
27161,724945885
27162,903360368
27163,700074177
27164,8759792
27165,265544339
27166,228981276
27167,632784347
27168,908337975
27169,50053787
27170,122958787
27171,196238928
27172,290022342
27173,270363596
27174,353883044
27175,200631721
27176,9938887
27177,697157564
27178,925620428
27179,96518405
27180,908611058
27181,143048117
27182,792028709
27183,536169587
27184,327837032
27185,237304631
27186,932903248
27187,496004849
27188,243984017
27189,184551084
27190,904252043
27191,668162174
27192,319178945
27193,603391406
27194,931237342
27195,604259333
27196,473543924
27197,749094149
27198,684550931
27199,292426222
27200,121272771
27201,331487593
27202,547967508
27203,418597951
27204,798970959
27205,912255921
27206,278274039
27207,417164621
27208,688029827
27209,36216437
27210,115471034
27211,936205127
27212,165249330
27213,231691
27214,263995610
27215,66349959
27216,731798528
27217,577086793
27218,633738925
27219,692404643
27220,984752166
27221,530712197
27222,287950387
27223,919563778
27224,957690697
27225,477739849
27226,780222617
27227,336841417
27228,539171801
27229,393454047
27230,981562414
27231,326643788
27232,233134824
27233,649530469
27234,67609678
27235,602569660
27236,587853532
27237,346869404
27238,584139628
27239,861355956
27240,848442309
27241,620644197
27242,547811081
27243,92177317
27244,139054630
27245,560402067
27246,328856125
27247,962297603
27248,88429148
27249,397095710
27250,561595417
27251,606811815
27252,258949276
27253,236016656
27254,30068816
27255,536867539
27256,130921675
27257,129381647
27258,161220929
27259,772722776
27260,61199490
27261,728043207
27262,371953492
27263,802123085
27264,382834423
27265,399242725
27266,181268706
27267,688632278
27268,18644498
27269,993258513
27270,267705643
27271,960768408
27272,807888828
27273,331042640
27274,986028902
27275,132912632
27276,493768704
27277,767904722
27278,418775852
27279,862294732
27280,424567255
27281,244911115
27282,676688337
27283,927958999
27284,444831160
27285,728917808
27286,378545624
27287,645392856
27288,838976324
27289,368930425
27290,571532254
27291,434844711
27292,731344153
27293,926476654
27294,640783357
27295,152480095
27296,429936097
27297,822006441
27298,674371992
27299,441331142
27300,945475921
27301,383869634
27302,115313594
27303,555797931
27304,932745413
27305,525478980
27306,866053791
27307,448838801
27308,121812768
27309,473798921
27310,333315969
27311,65453564
27312,480865264
27313,34417509
27314,68061997
27315,237462786
27316,432669094
27317,40376038
27318,410487397
27319,925798097
27320,264189194
27321,750309577
27322,794161207
27323,298005424
27324,737683217
27325,910902381
27326,332947418
27327,287282663
27328,395007087
27329,848729328
27330,824918957
27331,921498560
27332,511504610
27333,7782559
27334,189805063
27335,908431339
27336,923322149
27337,849973311
27338,94896913
27339,337189850
27340,599536252
27341,706862774
27342,647991691
27343,543286774
27344,359469801
27345,632574354
27346,796094232
27347,869956268
27348,327391611
27349,828266807
27350,405614823
27351,820811257
27352,71872923
27353,103145154
27354,439077283
27355,5627970
27356,49315785
27357,245667516
27358,972649499
27359,959633702
27360,407116722
27361,311282183
27362,256516414
27363,797161166
27364,503058405
27365,557515405
27366,574424265
27367,77506182
27368,573657583
27369,281446554
27370,396000038
27371,722940380
27372,498608750
27373,870809018
27374,313776195
27375,419676344
27376,27981588
27377,236827137
27378,828332345
27379,673055839
27380,443595890
27381,9382541
27382,346592296
27383,849127664
27384,208843734
27385,682475928
27386,575022150
27387,878060165
27388,102546938
27389,856067614
27390,824142397
27391,293658755
27392,823335804
27393,701302898
27394,559388277
27395,434433935
27396,509316356
27397,720494649
27398,887998985
27399,33595059
27400,678824109
27401,444478765
27402,55326842
27403,931787118
27404,186477701
27405,665571456
27406,246012827
27407,241104473
27408,762141994
27409,600663052
27410,710616411
27411,774017496
27412,968406215
27413,830982121
27414,8142411
27415,923947792
27416,356518037
27417,667405412
27418,339178761
27419,555609915
27420,730393472
27421,935639495
27422,938615350
27423,749471471
27424,768918917
27425,868142968
27426,219948651
27427,11447881
27428,163253365
27429,213122026
27430,121899292
27431,105529814
27432,305266741
27433,908394601
27434,141042488
27435,876813883
27436,639607883
27437,933291466
27438,940460333
27439,785397294
27440,923673011
27441,350746429
27442,295354786
27443,41330391
27444,908678645
27445,954681249
27446,98681898
27447,495580458
27448,840498876
27449,714150256
27450,165088275
27451,237578040
27452,470836627
27453,42669174
27454,240284549
27455,53499177
27456,417746864
27457,130259143
27458,543212904
27459,552455162
27460,61943207
27461,206654997
27462,171673318
27463,784227780
27464,893665871
27465,94700472
27466,373605564
27467,461960165
27468,195558655
27469,983069450
27470,552238615
27471,949069233
27472,453624154
27473,273114768
27474,444331977
27475,222258310
27476,557630470
27477,903814565
27478,669545839
27479,947594839
27480,869388952
27481,35399649
27482,235766680
27483,120209680
27484,1970662
27485,722752308
27486,923669682
27487,353556244
27488,826169523
27489,428230444
27490,883721520
27491,889893228
27492,724222756
27493,62797727
27494,753826822
27495,776436192
27496,791449662
27497,128763735
27498,920167174
27499,521351037
27500,750537520
27501,808000676
27502,447714005
27503,473028917
27504,425976738
27505,12552504
27506,530124654
27507,611550795
27508,999756519
27509,509278061
27510,717276081
27511,372424111
27512,240083515
27513,853430895
27514,15683834
27515,408798447
27516,82438637
27517,477412709
27518,402119901
27519,231975793
27520,21066179
27521,864334822
27522,679704769
27523,894945923
27524,492744282
27525,461510130
27526,813913942
27527,795556923
27528,923167840
27529,536184573
27530,382377519
27531,132583266
27532,86854120
27533,636919817
27534,186569327
27535,729264113
27536,179790053
27537,962626821
27538,478453459
27539,878404819
27540,143239560
27541,100588923
27542,663956799
27543,790762788
27544,542874813
27545,235766245
27546,608765397
27547,274935343
27548,659787465
27549,579799742
27550,57197582
27551,464824919
27552,669521672
27553,690147244
27554,567092250
27555,887802169
27556,276905299
27557,741427604
27558,194738148
27559,314000497
27560,660504539
27561,197436221
27562,447844988
27563,373918966
27564,568317919
27565,914668762
27566,375795667
27567,937397985
27568,710205613
27569,126885972
27570,830471571
27571,374180551
27572,329850059
27573,584515930
27574,765772407
27575,905058623
27576,746158727
27577,900660276
27578,914379391
27579,567274010
27580,177245962
27581,328463316
27582,205265466
27583,296118975
27584,171240539
27585,155815135
27586,51926966
27587,5642878
27588,841602399
27589,704442275
27590,258923222
27591,730496078
27592,93686323
27593,311922001
27594,461070946
27595,785912356
27596,697142328
27597,352163401
27598,44898202
27599,819108670
27600,873846252
27601,349812119
27602,170506760
27603,581898589
27604,234878243
27605,108873883
27606,996002504
27607,247889859
27608,305779421
27609,324856158
27610,295175693
27611,507890982
27612,636854126
27613,779442577
27614,23444472
27615,202272739
27616,754031307
27617,457053448
27618,820827574
27619,917372321
27620,245274778
27621,352804694
27622,219336904
27623,6882743
27624,525175919
27625,664448865
27626,781624915
27627,764550487
27628,374279096
27629,809143466
27630,111235475
27631,719100097
27632,254016818
27633,549481876
27634,449649575
27635,8270535
27636,864976204
27637,627748586
27638,785233245
27639,579207973
27640,891339462
27641,155455797
27642,653734145
27643,234290329
27644,487734126
27645,869789269
27646,426812744
27647,741358656
27648,362031565
27649,2972275
27650,167313134
27651,381786414
27652,534365491
27653,714460725
27654,663807398
27655,781275166
27656,872562195
27657,582376250
27658,273990311
27659,685772971
27660,490378710
27661,559417936
27662,350370945
27663,654190240
27664,516385168
27665,960372887
27666,494297115
27667,469535118
27668,869053482
27669,763458657
27670,802792919
27671,511179827
27672,175905576
27673,636698362
27674,159066496
27675,228061168
27676,541924456
27677,4703058
27678,207507304
27679,287536034
27680,253988228
27681,895969555
27682,253644329
27683,863726542
27684,890843530
27685,402828359
27686,993093474
27687,29016892
27688,224554486
27689,275577038
27690,205464837
27691,618148214
27692,846619625
27693,501930982
27694,200336224
27695,370972834
27696,163928513
27697,678282519
27698,108608795
27699,915175937
27700,960018764
27701,67523392
27702,935143856
27703,228783516
27704,104882760
27705,662929598
27706,41669255
27707,672211105
27708,108833945
27709,532627772
27710,543401653
27711,627925472
27712,505685363
27713,194956830
27714,272001766
27715,824398380
27716,762053071
27717,532298563
27718,703453466
27719,267683614
27720,127120101
27721,926767981
27722,453
27723,704395976
27724,428300634
27725,77547880
27726,315232394
27727,59349634
27728,944794424
27729,735176335
27730,62651690
27731,298350914
27732,18062988
27733,612559661
27734,314426240
27735,304250592
27736,987606780
27737,76289492
27738,874953607
27739,65724351
27740,367864934
27741,562388450
27742,62247466
27743,553631414
27744,746159944
27745,334585538
27746,624231186
27747,528796657
27748,668912722
27749,677059377
27750,281326372
27751,444198415
27752,802985334
27753,749352047
27754,365871206
27755,692670162
27756,444816486
27757,78272771
27758,354653780
27759,767811992
27760,144263884
27761,169752280
27762,494479367
27763,975832637
27764,552255748
27765,842417071
27766,188278648
27767,982251392
27768,68890705
27769,650973487
27770,441781067
27771,580637647
27772,834462028
27773,925712068
27774,324572013
27775,60870765
27776,104648405
27777,363962024
27778,64380972
27779,361533916
27780,401520457
27781,798903744
27782,176659756
27783,143847553
27784,694385263
27785,360006787
27786,780924654
27787,307813507
27788,862967791
27789,675687212
27790,362591984
27791,466145732
27792,250309707
27793,9173390
27794,609572838
27795,48507191
27796,92050712
27797,97037925
27798,530599641
27799,655075918
27800,418026887
27801,844748781
27802,593449187
27803,189222739
27804,617565620
27805,720623194
27806,484563320
27807,165957406
27808,703878773
27809,912584223
27810,197318631
27811,152630618
27812,180478334
27813,822926252
27814,484459441
27815,740965607
27816,91135430
27817,822764219
27818,841972955
27819,136420170
27820,508713736
27821,770903850
27822,792210644
27823,459550593
27824,611652901
27825,486536806
27826,944483214
27827,35441880
27828,404412136
27829,298009721
27830,694054133
27831,377256734
27832,334901189
27833,533213903
27834,701538936
27835,461296761
27836,341196184
27837,759589551
27838,300777230
27839,676207950
27840,654037885
27841,556867582
27842,875086023
27843,997342570
27844,215570534
27845,145815969
27846,863658771
27847,886585144
27848,969020828
27849,16659314
27850,227630522
27851,901005642
27852,99692673
27853,843019448
27854,220122771
27855,904384081
27856,14716574
27857,125067578
27858,709022281
27859,416990210
27860,248167965
27861,524654527
27862,835868035
27863,337817208
27864,121984824
27865,17455970
27866,705586080
27867,156434663
27868,871033740
27869,257887580
27870,824152157
27871,516971909
27872,597492563
27873,834687966
27874,172337258
27875,535704651
27876,754752568
27877,518352812
27878,383649165
27879,106343598
27880,907937627
27881,789563888
27882,533860020
27883,312399810
27884,336985538
27885,745777221
27886,928777737
27887,636606754
27888,284618268
27889,834226072
27890,84123157
27891,631682334
27892,933784953
27893,747861361
27894,954700939
27895,356763719
27896,675394051
27897,98103956
27898,736987648
27899,581961994
27900,983979945
27901,626737797
27902,500674889
27903,106031804
27904,925391651
27905,174976348
27906,384428779
27907,101727475
27908,197925838
27909,103375026
27910,910662170
27911,112628759
27912,378437745
27913,219761853
27914,112864546
27915,116390290
27916,407415608
27917,259233138
27918,713649722
27919,506411747
27920,112145648
27921,781011204
27922,377201003
27923,92214736
27924,199619605
27925,943187200
27926,516218308
27927,354742979
27928,126782331
27929,594809302
27930,355808373
27931,24155202
27932,722216813
27933,503687909
27934,18638286
27935,226360081
27936,767603569
27937,421455117
27938,550151585
27939,901439306
27940,529664123
27941,323419118
27942,349356797
27943,14517284
27944,399667222
27945,89498112
27946,477447606
27947,817494151
27948,420535968
27949,117052662
27950,423932829
27951,533371066
27952,137463731
27953,833677032
27954,707255302
27955,858709787
27956,290054584
27957,242774619
27958,765765833
27959,233499565
27960,42256331
27961,15792783
27962,135551199
27963,517194258
27964,838180226
27965,136905594
27966,475930976
27967,649672754
27968,805404439
27969,294317315
27970,112202623
27971,811123026
27972,712146136
27973,535677862
27974,745471016
27975,520486515
27976,928719991
27977,908559476
27978,448694065
27979,158842613
27980,137610416
27981,831166103
27982,202430384
27983,744165580
27984,803095652
27985,771035970
27986,604126135
27987,357417588
27988,392089461
27989,333412619
27990,450582606
27991,642243015
27992,321152886
27993,522890737
27994,653262426
27995,420195228
27996,960992955
27997,173118755
27998,467385124
27999,109607340
28000,659242506
28001,826006191
28002,221396659
28003,21746907
28004,675565604
28005,743757897
28006,857345866
28007,570947881
28008,824054889
28009,541311585
28010,37514281
28011,205724219
28012,307420603
28013,864901481
28014,509452064
28015,842259366
28016,187095489
28017,733157009
28018,974012314
28019,99657932
28020,530535583
28021,967711684
28022,433546628
28023,357810369
28024,732835030
28025,790810062
28026,4386098
28027,796109800
28028,129975086
28029,422151059
28030,957088378
28031,473468241
28032,713739428
28033,18275552
28034,292555066
28035,28502148
28036,817971020
28037,425924301
28038,493102393
28039,206764001
28040,238127111
28041,736517084
28042,8264543
28043,543978732
28044,467313196
28045,698229099
28046,879018179
28047,864853158
28048,82764100
28049,104566216
28050,396964214
28051,99210606
28052,190828114
28053,456134096
28054,836600781
28055,310235523
28056,709329499
28057,424139551
28058,865149446
28059,20549853
28060,16887542
28061,347119641
28062,59924836
28063,4399988
28064,550656034
28065,424221958
28066,743806774
28067,327210760
28068,709954309
28069,220262349
28070,520579414
28071,85217034
28072,53334522
28073,428120864
28074,733034354
28075,926072165
28076,57131407
28077,32594300
28078,518870571
28079,285539482
28080,573680946
28081,867571567
28082,109314323
28083,105546630
28084,187137492
28085,533379635
28086,79919442
28087,339373085
28088,599358713
28089,86294900
28090,321036105
28091,137832014
28092,600853758
28093,160725513
28094,816285831
28095,43144117
28096,776582551
28097,165344702
28098,753893836
28099,782597500
28100,277879849
28101,455383452
28102,947644509
28103,639508971
28104,450382595
28105,451812134
28106,297285404
28107,858854683
28108,86818626
28109,945049918
28110,674765296
28111,222974945
28112,908339342
28113,736173818
28114,840395873
28115,558984704
28116,673424822
28117,348867535
28118,775918226
28119,256187681
28120,849610964
28121,541939744
28122,105774912
28123,767059246
28124,180096776
28125,888602961
28126,970956548
28127,260087404
28128,763043912
28129,421653240
28130,461036260
28131,595918839
28132,597685519
28133,37972816
28134,568398327
28135,261758828
28136,25314136
28137,916616204
28138,30219845
28139,424689841
28140,219710485
28141,221601218
28142,350314832
28143,573669033
28144,339013639
28145,132119762
28146,925578231
28147,451224258
28148,14243017
28149,469499282
28150,42071976
28151,951409495
28152,174191648
28153,254900856
28154,151938078
28155,782118827
28156,578579005
28157,954616487
28158,447370118
28159,857797017
28160,392253442
28161,663173143
28162,171063357
28163,41937077
28164,938960076
28165,20888139
28166,638847757
28167,144350505
28168,860682282
28169,505350924
28170,620851518
28171,476917730
28172,543844591
28173,882416036
28174,839966184
28175,192574012
28176,70886845
28177,630670444
28178,844610667
28179,121243112
28180,980200503
28181,326618344
28182,86589001
28183,838709392
28184,308490441
28185,162708899
28186,690701557
28187,172572338
28188,668722383
28189,864558364
28190,541151601
28191,26994936
28192,496977029
28193,108714084
28194,980228020
28195,588488815
28196,882431329
28197,869820144
28198,49681717
28199,160651661
28200,653786018
28201,257339925
28202,724836012
28203,495884719
28204,570748607
28205,350171893
28206,774598393
28207,297830292
28208,734067214
28209,729102685
28210,122359809
28211,622949648
28212,473887498
28213,44472282
28214,264912695
28215,270611277
28216,789543240
28217,718314774
28218,755329568
28219,538542483
28220,394101443
28221,220743881
28222,618694614
28223,56717357
28224,347924869
28225,592625290
28226,884673517
28227,138995831
28228,54683449
28229,366164125
28230,639341672
28231,912629952
28232,703210786
28233,743607972
28234,221144466
28235,496946128
28236,46949320
28237,237716473
28238,102066206
28239,308635719
28240,39542744
28241,58460321
28242,90586621
28243,41261746
28244,844586604
28245,303159991
28246,674211209
28247,124122679
28248,273498920
28249,934510327
28250,258731780
28251,937139405
28252,348122957
28253,323905761
28254,342823692
28255,683910641
28256,689280645
28257,102795575
28258,313127309
28259,656898850
28260,170999175
28261,971327448
28262,898473503
28263,810890000
28264,411236797
28265,116205880
28266,976937031
28267,452799880
28268,156307006
28269,152048065
28270,970542465
28271,209098741
28272,944950449
28273,210719046
28274,177161788
28275,874900295
28276,942624315
28277,203377891
28278,993788505
28279,222143242
28280,243508276
28281,778577193
28282,724468106
28283,114636495
28284,235576576
28285,690804096
28286,270783841
28287,293440604
28288,172382396
28289,989912409
28290,824354976
28291,645761391
28292,48498011
28293,529608313
28294,662136245
28295,230064001
28296,805376491
28297,427444421
28298,228905989
28299,489348645
28300,480046158
28301,537382200
28302,827468097
28303,558104998
28304,543590051
28305,193098626
28306,477712326
28307,832725210
28308,879560772
28309,201639745
28310,861007975
28311,67022647
28312,443410866
28313,34195485
28314,439572477
28315,470760099
28316,966032860
28317,9763787
28318,183179909
28319,522519826
28320,10495043
28321,479612731
28322,777262168
28323,618138505
28324,277062304
28325,408651055
28326,101736233
28327,178778837
28328,70024855
28329,749509837
28330,611508953
28331,230553241
28332,723748540
28333,697998196
28334,407439293
28335,46349361
28336,365168604
28337,442254156
28338,300444587
28339,299314379
28340,344266330
28341,23313537
28342,145936683
28343,87047512
28344,796998355
28345,210711058
28346,467503602
28347,777497270
28348,382650504
28349,408161808
28350,809459559
28351,418824460
28352,369525535
28353,414629088
28354,465503953
28355,186294946
28356,474315134
28357,254801107
28358,1745660
28359,74167519
28360,860471266
28361,357105480
28362,338752385
28363,254703304
28364,195149776
28365,196151720
28366,738465534
28367,718304948
28368,16677855
28369,10242247
28370,529512088
28371,551290708
28372,161806298
28373,227626915
28374,867949581
28375,410195394
28376,136376360
28377,762765613
28378,817167030
28379,920670586
28380,500522891
28381,964330711
28382,970460228
28383,349007542
28384,980331194
28385,671024729
28386,799365572
28387,25473195
28388,93581420
28389,851667630
28390,783430385
28391,66529494
28392,925712524
28393,419268220
28394,134634941
28395,504236489
28396,503981001
28397,925180897
28398,620692830
28399,718355360
28400,652627244
28401,842421139
28402,864978615
28403,158802189
28404,672883195
28405,611548246
28406,670606481
28407,567576525
28408,913487152
28409,548899758
28410,752325757
28411,482967913
28412,445496716
28413,296047046
28414,966628487
28415,957451878
28416,582002923
28417,179182407
28418,646987536
28419,238123216
28420,47563527
28421,277470899
28422,181896015
28423,938601503
28424,374766726
28425,193964955
28426,365190988
28427,545676778
28428,944995040
28429,373588310
28430,42451534
28431,714832732
28432,708187114
28433,471017429
28434,894954367
28435,252306569
28436,366190273
28437,62943302
28438,193768717
28439,266255728
28440,591474375
28441,639256431
28442,893804458
28443,277496669
28444,695454247
28445,5188394
28446,586141978
28447,978833062
28448,438777673
28449,398523978
28450,844476355
28451,989608375
28452,595958015
28453,771250844
28454,683912909
28455,815989943
28456,277356683
28457,151835245
28458,541249324
28459,976514979
28460,471712213
28461,333605166
28462,42629900
28463,111368209
28464,408238777
28465,878357854
28466,577107935
28467,628112043
28468,138949684
28469,643323210
28470,567419858
28471,257019081
28472,394988383
28473,983061618
28474,202209409
28475,125038066
28476,530668574
28477,195022086
28478,87171404
28479,661357799
28480,372045782
28481,35116334
28482,50838299
28483,933601668
28484,403379201
28485,758849112
28486,845613622
28487,28272148
28488,582122058
28489,947502541
28490,695312373
28491,986174399
28492,243835387
28493,31502103
28494,18018183
28495,905009321
28496,43831955
28497,39381987
28498,47727199
28499,740630559
28500,720420759
28501,101309324
28502,78281332
28503,524560783
28504,170702326
28505,69588485
28506,394293603
28507,916327792
28508,514898361
28509,176766834
28510,439924052
28511,209075196
28512,605315858
28513,43624206
28514,946119227
28515,983087903
28516,68299299
28517,113126175
28518,50491817
28519,134968882
28520,326310984
28521,197537022
28522,41553469
28523,514220725
28524,759289205
28525,647537521
28526,361675320
28527,308078058
28528,817195174
28529,439639950
28530,887722675
28531,411045089
28532,395866969
28533,941544074
28534,640772001
28535,865991993
28536,887475281
28537,719982893
28538,752974652
28539,223505129
28540,685857962
28541,811448760
28542,309738290
28543,992234811
28544,238125052
28545,519066071
28546,409061870
28547,995405589
28548,608347494
28549,601754373
28550,430421126
28551,235997818
28552,532743449
28553,201858576
28554,271060521
28555,739822068
28556,616407255
28557,232461356
28558,788929234
28559,950746057
28560,980070031
28561,700993633
28562,511275847
28563,728172506
28564,776439353
28565,789601581
28566,296799505
28567,320508066
28568,435621272
28569,529275143
28570,225479375
28571,724987354
28572,80073953
28573,981933951
28574,867536549
28575,416449317
28576,45855770
28577,308716585
28578,49363027
28579,997653174
28580,713514998
28581,20590379
28582,712157582
28583,508860898
28584,730846272
28585,853896918
28586,483597489
28587,292567325
28588,262427445
28589,500750605
28590,190789175
28591,39132524
28592,810363437
28593,516578898
28594,93278823
28595,115306751
28596,664806619
28597,711044724
28598,457141348
28599,61583745
28600,308404569
28601,586342402
28602,567733070
28603,408272498
28604,884941155
28605,105207658
28606,569639622
28607,179708982
28608,848698017
28609,631061167
28610,731869412
28611,761834920
28612,786750184
28613,744219205
28614,564541240
28615,127451833
28616,496843383
28617,556923454
28618,135238553
28619,443058269
28620,495886260
28621,679503408
28622,86553049
28623,472951025
28624,696738512
28625,164577986
28626,523542441
28627,239517864
28628,726721621
28629,305337659
28630,561982281
28631,699833824
28632,505017212
28633,141480451
28634,372478517
28635,644084325
28636,559237669
28637,66054474
28638,748792375
28639,477605547
28640,696401887
28641,418555783
28642,183264534
28643,893371295
28644,834722338
28645,690002130
28646,540920088
28647,596315235
28648,621139264
28649,928461889
28650,665798447
28651,910220366
28652,629901009
28653,420933926
28654,420628994
28655,745243956
28656,881331705
28657,632084880
28658,517309528
28659,768223954
28660,801091629
28661,602423033
28662,713989397
28663,465387741
28664,523930620
28665,287133032
28666,348349806
28667,332726989
28668,985598653
28669,502958942
28670,350803239
28671,922978222
28672,168226399
28673,325219723
28674,76063081
28675,651490999
28676,154870579
28677,607466779
28678,371972486
28679,153940001
28680,94223914
28681,555328998
28682,400245454
28683,406876307
28684,548935743
28685,788305524
28686,451931840
28687,821429224
28688,333899183
28689,931834138
28690,189945283
28691,652608185
28692,495856086
28693,880792122
28694,203690718
28695,514309600
28696,968991425
28697,281471614
28698,98114101
28699,341441581
28700,314310999
28701,545732369
28702,979063536
28703,735206184
28704,800523199
28705,327110239
28706,519184482
28707,127143620
28708,800952297
28709,141225393
28710,822241144
28711,234482872
28712,101708414
28713,409419800
28714,837073816
28715,177671302
28716,745724653
28717,674491447
28718,547797128
28719,783942794
28720,384018279
28721,664065866
28722,162374763
28723,825651219
28724,867160165
28725,795183411
28726,850139038
28727,647128389
28728,541322453
28729,844329746
28730,852289014
28731,575923606
28732,179145302
28733,680795687
28734,242513368
28735,374949688
28736,640647058
28737,145167298
28738,326967634
28739,672106456
28740,589508615
28741,384394370
28742,195024785
28743,265188306
28744,854564484
28745,118025322
28746,9532447
28747,225280575
28748,761117003
28749,851922901
28750,699023221
28751,450093517
28752,13518899
28753,641711832
28754,815530726
28755,944359770
28756,255877372
28757,437076815
28758,758273580
28759,286887467
28760,13816232
28761,751890041
28762,275793402
28763,535645936
28764,212162952
28765,271441792
28766,178322200
28767,562226242
28768,410472384
28769,252475937
28770,752049667
28771,570921351
28772,767330443
28773,924532440
28774,606444086
28775,389784581
28776,759812253
28777,172758427
28778,943886343
28779,431248349
28780,49336967
28781,751435441
28782,305044574
28783,76185484
28784,349071996
28785,910484456
28786,613067658
28787,995968901
28788,764447877
28789,732940008
28790,722671789
28791,657340757
28792,58227071
28793,153913670
28794,791687236
28795,992819856
28796,720816568
28797,455928708
28798,527996247
28799,497240358
28800,57849638
28801,807807859
28802,989277517
28803,335286638
28804,907584325
28805,616593914
28806,178637572
28807,474185937
28808,345074060
28809,286303719
28810,787848850
28811,977788800
28812,99599628
28813,245794330
28814,937949280
28815,569889265
28816,49253788
28817,139192317
28818,432242381
28819,560778721
28820,224485428
28821,536586830
28822,918145510
28823,867519585
28824,444103859
28825,639074115
28826,555680311
28827,24894500
28828,325362752
28829,849173230
28830,89143393
28831,670602977
28832,387167502
28833,219107663
28834,769709957
28835,916823949
28836,272808857
28837,848253581
28838,415871547
28839,848113799
28840,445526891
28841,808153851
28842,821040353
28843,934139403
28844,452718145
28845,8539387
28846,922895380
28847,839257490
28848,733927204
28849,896668021
28850,748299215
28851,789118212
28852,601311080
28853,414370816
28854,883792755
28855,773126089
28856,777898824
28857,322096468
28858,853886059
28859,693872063
28860,417461865
28861,805705298
28862,411453433
28863,291994269
28864,458191567
28865,930937784
28866,45343219
28867,129473496
28868,372998265
28869,878226469
28870,869856807
28871,77329293
28872,712206292
28873,23657952
28874,738783189
28875,842924557
28876,445734425
28877,87129520
28878,33077663
28879,738936237
28880,133676268
28881,599675674
28882,895490623
28883,840610454
28884,27446084
28885,762388292
28886,522041392
28887,491617700
28888,895561211
28889,418026285
28890,548757319
28891,707500084
28892,677751835
28893,129247648
28894,544338445
28895,338486097
28896,417968142
28897,924430130
28898,418629843
28899,794669820
28900,864379815
28901,97673617
28902,109375473
28903,35323350
28904,407416406
28905,170594187
28906,295627119
28907,296572504
28908,862199621
28909,209249230
28910,236858273
28911,152078056
28912,179440658
28913,455972364
28914,590356989
28915,232077278
28916,502069201
28917,963679530
28918,996691654
28919,989238241
28920,529353550
28921,809904619
28922,548384240
28923,653274443
28924,60179354
28925,196386183
28926,194596634
28927,167069327
28928,818070492
28929,818190677
28930,475679770
28931,891544757
28932,245373681
28933,738347644
28934,370834155
28935,303799592
28936,494022026
28937,694171003
28938,329500655
28939,510278700
28940,964983274
28941,474806737
28942,754241216
28943,738974292
28944,76762090
28945,970856453
28946,337734015
28947,462257183
28948,117035376
28949,51002427
28950,611582417
28951,223681805
28952,37689654
28953,924891323
28954,540224288
28955,995630478
28956,914231851
28957,590545647
28958,502076207
28959,874933322
28960,734972523
28961,120290531
28962,35495588
28963,543606131
28964,616708872
28965,264197495
28966,780867041
28967,367943799
28968,339479013
28969,771375294
28970,949565110
28971,119631838
28972,188921097
28973,115086459
28974,507929711
28975,965035159
28976,539481473
28977,180341003
28978,870783680
28979,730261317
28980,596157574
28981,520604985
28982,16800520
28983,816249091
28984,454129246
28985,625958294
28986,634806847
28987,129885375
28988,146363301
28989,288166374
28990,207803100
28991,593036474
28992,587481343
28993,656519531
28994,639583529
28995,853620519
28996,97947585
28997,340414636
28998,51225704
28999,412519547
29000,970215542
29001,893298085
29002,681473043
29003,604067935
29004,709526510
29005,310115310
29006,180558628
29007,776985146
29008,51639424
29009,299089675
29010,694151309
29011,498156062
29012,547685095
29013,154431979
29014,154037154
29015,88059724
29016,32979899
29017,791952734
29018,944446480
29019,554471864
29020,249988444
29021,714352054
29022,775754707
29023,861685769
29024,530172757
29025,708389732
29026,277649687
29027,49867670
29028,709429719
29029,493920
29030,177991180
29031,309024035
29032,592845542
29033,392188653
29034,176957640
29035,636523522
29036,347763316
29037,495273806
29038,650618063
29039,808710623
29040,807017562
29041,14181619
29042,797538490
29043,333984729
29044,416485818
29045,898340243
29046,486659214
29047,115150218
29048,411596996
29049,989282352
29050,497408681
29051,782905922
29052,237539869
29053,860767822
29054,172917416
29055,613058818
29056,454101517
29057,909562387
29058,717634229
29059,530491069
29060,438293562
29061,447191291
29062,644760226
29063,215049024
29064,740825027
29065,233191476
29066,286104389
29067,233255894
29068,362672353
29069,596830803
29070,184272015
29071,59870160
29072,123779820
29073,992704561
29074,358680659
29075,971587710
29076,199986287
29077,392237952
29078,216299890
29079,921020126
29080,166504373
29081,422068586
29082,267940220
29083,243349074
29084,25504145
29085,617212736
29086,78166030
29087,282196523
29088,430808100
29089,373017709
29090,36517245
29091,345045189
29092,723447836
29093,874712433
29094,943460691
29095,512070753
29096,987320527
29097,697650409
29098,822440367
29099,340535257
29100,391022835
29101,174532282
29102,101657861
29103,144287666
29104,819610519
29105,846826978
29106,771667134
29107,223575817
29108,65328938
29109,736394606
29110,582885880
29111,881936105
29112,540943464
29113,493509034
29114,658978428
29115,848695135
29116,837999494
29117,445920190
29118,394978959
29119,56902625
29120,129902625
29121,682632599
29122,706589810
29123,905416791
29124,57164728
29125,276998308
29126,188520765
29127,305190002
29128,710315251
29129,108940303
29130,569186875
29131,473537571
29132,605200050
29133,864632202
29134,276955883
29135,431520683
29136,866112327
29137,214669112
29138,97787997
29139,776733535
29140,595772155
29141,834399550
29142,117250146
29143,749820698
29144,225943288
29145,944438328
29146,73106844
29147,146865420
29148,155971327
29149,976582404
29150,347212009
29151,791977274
29152,121715163
29153,413357554
29154,949610739
29155,443383037
29156,256506079
29157,512045774
29158,346299708
29159,762312483
29160,94201849
29161,551695456
29162,823808816
29163,491591272
29164,110994344
29165,827415674
29166,727942945
29167,987181147
29168,106291810
29169,85610193
29170,671155420
29171,520538939
29172,122373554
29173,16394780
29174,756945756
29175,822894581
29176,937849919
29177,579131243
29178,604762558
29179,226959632
29180,732846132
29181,686832063
29182,910334327
29183,755296616
29184,360710350
29185,842480431
29186,870748367
29187,544605415
29188,662522996
29189,80829048
29190,51998106
29191,36869586
29192,541310029
29193,108283106
29194,972452518
29195,421818439
29196,327883408
29197,593653671
29198,655017767
29199,191294412
29200,203434823
29201,72058976
29202,96467788
29203,195479795
29204,331221823
29205,529430119
29206,305191120
29207,96025113
29208,409041595
29209,387721893
29210,614133590
29211,545612586
29212,948479917
29213,687674202
29214,890878661
29215,226202670
29216,642824697
29217,211019234
29218,189028425
29219,344050001
29220,584518812
29221,568466290
29222,505844499
29223,172589514
29224,400165684
29225,589737680
29226,273183642
29227,616661346
29228,147067635
29229,371650373
29230,207905343
29231,4653266
29232,291618419
29233,960082293
29234,177707813
29235,601713601
29236,436937985
29237,592802128
29238,63486881
29239,593274239
29240,449378829
29241,893603546
29242,787437595
29243,14445178
29244,920025704
29245,142521228
29246,941813488
29247,434626806
29248,553178207
29249,27493966
29250,484406695
29251,649325703
29252,814385175
29253,331894537
29254,594710543
29255,131227268
29256,982303947
29257,688761622
29258,328542069
29259,488038100
29260,723214364
29261,815727482
29262,489505605
29263,552203057
29264,697933660
29265,700617992
29266,938758980
29267,48036222
29268,790233190
29269,496851421
29270,398014855
29271,589188829
29272,357349455
29273,40154193
29274,832191595
29275,969548470
29276,394306095
29277,586879256
29278,314711782
29279,679980514
29280,73777271
29281,86450279
29282,989878983
29283,720002376
29284,778642827
29285,45574689
29286,427715777
29287,451902244
29288,624990947
29289,849211095
29290,902104318
29291,457229432
29292,421363077
29293,575136526
29294,255133794
29295,621362555
29296,64029104
29297,590660321
29298,642423598
29299,296955492
29300,127272218
29301,489309061
29302,417973901
29303,197586391
29304,633383421
29305,270830850
29306,147113900
29307,942053546
29308,248116833
29309,878452783
29310,975301020
29311,589999995
29312,872265174
29313,731590101
29314,782479078
29315,469947400
29316,510295472
29317,705231095
29318,709448690
29319,74453564
29320,79046069
29321,123654470
29322,374980008
29323,442560872
29324,415226448
29325,676893010
29326,632138733
29327,841502362
29328,984007387
29329,172123745
29330,266444912
29331,246411048
29332,13951803
29333,718697189
29334,742496515
29335,199855890
29336,363916419
29337,52214775
29338,608629093
29339,844567376
29340,21122048
29341,439579373
29342,703363984
29343,293111822
29344,965958985
29345,529226415
29346,436275042
29347,243767228
29348,23667183
29349,770691207
29350,15646110
29351,786358252
29352,228462732
29353,754356079
29354,561012217
29355,256539358
29356,314588017
29357,45491166
29358,307967056
29359,843265044
29360,892906263
29361,561579749
29362,584901386
29363,951987450
29364,677251359
29365,631568620
29366,664580798
29367,297430867
29368,653889632
29369,133471889
29370,583214320
29371,988164320
29372,49981512
29373,93967176
29374,755698021
29375,834049980
29376,31148240
29377,519320369
29378,889756373
29379,904933032
29380,294481879
29381,88605573
29382,315197141
29383,605918676
29384,388844196
29385,209286622
29386,392267814
29387,247318796
29388,782765510
29389,219895633
29390,189503697
29391,418445592
29392,569766556
29393,470152619
29394,648812748
29395,274503068
29396,419922475
29397,99831814
29398,936949646
29399,137972549
29400,754284147
29401,871066536
29402,649688075
29403,164619447
29404,316693653
29405,583951768
29406,265706452
29407,282803601
29408,920282748
29409,23270319
29410,527349844
29411,90275948
29412,172486416
29413,624485519
29414,705310638
29415,404346497
29416,757542034
29417,113387783
29418,175432916
29419,903981153
29420,47365224
29421,901620966
29422,373678438
29423,209653818
29424,822165361
29425,275931480
29426,921771967
29427,200533748
29428,230690510
29429,574253273
29430,971991572
29431,296398789
29432,355658883
29433,282639101
29434,892738637
29435,375829760
29436,154792773
29437,236138520
29438,437098556
29439,651089002
29440,161963155
29441,160826369
29442,689193373
29443,619156201
29444,671524288
29445,413898789
29446,471115232
29447,348933896
29448,316814875
29449,894898410
29450,995903350
29451,418304986
29452,856250689
29453,176985585
29454,607331650
29455,977062638
29456,759716814
29457,329907342
29458,958941456
29459,126054046
29460,988152310
29461,804547521
29462,790951163
29463,727437140
29464,139535477
29465,860006256
29466,388755742
29467,588623783
29468,202499985
29469,500269779
29470,333798284
29471,552110636
29472,139153885
29473,718634010
29474,492327172
29475,574103906
29476,357042944
29477,948059541
29478,475835849
29479,967323249
29480,911392144
29481,808411628
29482,208253425
29483,778651450
29484,437056414
29485,355116150
29486,757676130
29487,962076265
29488,260180008
29489,900565016
29490,928332529
29491,345227974
29492,395504351
29493,797413474
29494,327919937
29495,551185692
29496,632201493
29497,987868213
29498,851637524
29499,707000831
29500,151021748
29501,870215067
29502,735032595
29503,687027827
29504,412294587
29505,689562314
29506,559029603
29507,81607495
29508,469315742
29509,890900638
29510,791979491
29511,110964776
29512,100126305
29513,798887460
29514,136897326
29515,180331377
29516,314009464
29517,295274950
29518,451955222
29519,780133961
29520,143419999
29521,567335235
29522,839528884
29523,989500506
29524,254319571
29525,68173710
29526,428341143
29527,457085234
29528,636274629
29529,341028378
29530,177859306
29531,787015526
29532,27484686
29533,794571486
29534,39390253
29535,179551106
29536,106597810
29537,957025645
29538,116885764
29539,817481921
29540,260004937
29541,167267589
29542,22157141
29543,373959065
29544,574752520
29545,134333
29546,528229344
29547,441223393
29548,114436964
29549,794642195
29550,447740869
29551,896718298
29552,194988255
29553,881901229
29554,220912635
29555,501971837
29556,640488278
29557,38673049
29558,27286533
29559,551934170
29560,829182403
29561,417192961
29562,228607678
29563,435089227
29564,885549129
29565,936118262
29566,601817547
29567,867852465
29568,13097081
29569,415527480
29570,46641089
29571,870669506
29572,71605521
29573,294820295
29574,361473727
29575,200361515
29576,598428791
29577,118472295
29578,822022329
29579,413922022
29580,735346792
29581,691817387
29582,618419296
29583,762718744
29584,217377069
29585,760790502
29586,645651699
29587,854190701
29588,226037234
29589,505932252
29590,114500830
29591,413197894
29592,487053826
29593,996221009
29594,403411898
29595,768612858
29596,85379254
29597,78580007
29598,537422414
29599,870846670
29600,714118787
29601,212667002
29602,594406476
29603,718644209
29604,864277964
29605,60662138
29606,856348835
29607,766408206
29608,112186461
29609,90125848
29610,764877356
29611,312704139
29612,885004793
29613,272315570
29614,873100978
29615,765692090
29616,62119743
29617,745431658
29618,546668878
29619,557497536
29620,67679937
29621,431389825
29622,133590195
29623,753741153
29624,174740508
29625,251194459
29626,145565636
29627,117963828
29628,369891531
29629,879548664
29630,267198070
29631,190582323
29632,38267345
29633,457523401
29634,819472362
29635,928945382
29636,790629052
29637,405762406
29638,742174777
29639,237262508
29640,951958771
29641,996066957
29642,38906837
29643,397413574
29644,112766987
29645,861619612
29646,524382451
29647,227922539
29648,180086412
29649,115713447
29650,733310136
29651,407609000
29652,679575686
29653,973456738
29654,767956597
29655,726327284
29656,955853246
29657,467267713
29658,586064590
29659,405062407
29660,86001880
29661,805361967
29662,445488
29663,577067742
29664,410487448
29665,495442743
29666,658210764
29667,913649974
29668,471968996
29669,299601077
29670,444388454
29671,175333051
29672,394761235
29673,82690953
29674,459601669
29675,408839600
29676,962651849
29677,278149475
29678,100769252
29679,766787272
29680,563937918
29681,208912590
29682,396464879
29683,122712512
29684,76015348
29685,660229309
29686,477604146
29687,312893700
29688,101795340
29689,947190794
29690,733368807
29691,60357649
29692,663981752
29693,704421257
29694,851128526
29695,61087901
29696,192699690
29697,41078613
29698,239341459
29699,406541334
29700,230093185
29701,982189842
29702,28069964
29703,625985900
29704,138762685
29705,117901215
29706,860101336
29707,405089774
29708,883001232
29709,659188306
29710,919781347
29711,935566060
29712,154123905
29713,448060237
29714,368012003
29715,236280210
29716,220189110
29717,105731092
29718,46634174
29719,149960366
29720,620721247
29721,190355194
29722,350736469
29723,841897120
29724,238594387
29725,487635261
29726,316726623
29727,937983048
29728,33354292
29729,193351958
29730,162440019
29731,271778444
29732,434769333
29733,121405931
29734,410530911
29735,780810371
29736,692196896
29737,93052815
29738,842163305
29739,237382177
29740,535496967
29741,959173737
29742,868975235
29743,602083546
29744,260365457
29745,557714913
29746,63349725
29747,673002426
29748,146501879
29749,232614368
29750,297051010
29751,110051345
29752,120432593
29753,962671214
29754,747704938
29755,223917267
29756,243866120
29757,219226660
29758,195488814
29759,422997763
29760,772459119
29761,661494468
29762,667493389
29763,678388313
29764,840408295
29765,449226196
29766,97015181
29767,363437286
29768,289796443
29769,276561675
29770,67701114
29771,761153824
29772,894347589
29773,352455316
29774,653516401
29775,815769662
29776,22421956
29777,62896930
29778,51148375
29779,683387353
29780,665583265
29781,345472843
29782,407872273
29783,540611721
29784,860232682
29785,933961950
29786,865444637
29787,913785123
29788,899765234
29789,77132660
29790,281010163
29791,753793009
29792,771572163
29793,757330898
29794,71011695
29795,360629737
29796,290853184
29797,587413536
29798,29659207
29799,231250342
29800,521402997
29801,802411235
29802,733212490
29803,438680809
29804,416953035
29805,988384297
29806,818647111
29807,536046706
29808,249812722
29809,93108635
29810,630039460
29811,614763200
29812,241449139
29813,9353804
29814,692260762
29815,662395040
29816,7244666
29817,872428155
29818,65225038
29819,594813674
29820,889618008
29821,72165142
29822,264087545
29823,659509509
29824,271090789
29825,987221339
29826,780951846
29827,743992882
29828,592789584
29829,972429816
29830,438854106
29831,795526325
29832,372802553
29833,731244623
29834,108711841
29835,913054570
29836,306074171
29837,365184245
29838,997837863
29839,846454090
29840,633434149
29841,592544105
29842,399140717
29843,219386522
29844,185677954
29845,691305281
29846,647545426
29847,740968588
29848,569331816
29849,315884861
29850,805327435
29851,427568767
29852,741060380
29853,58432637
29854,745568983
29855,506620456
29856,337412310
29857,405245470
29858,727831821
29859,47307506
29860,79440672
29861,704988819
29862,870102939
29863,673384077
29864,925698030
29865,93418253
29866,953542607
29867,300954737
29868,548411988
29869,671599381
29870,90875098
29871,650269053
29872,176390025
29873,573363586
29874,741288111
29875,315302095
29876,579977746
29877,268547547
29878,404525832
29879,600662907
29880,295319144
29881,820955422
29882,776089030
29883,89101417
29884,519390409
29885,807465439
29886,639548160
29887,831250124
29888,949328869
29889,52332190
29890,409832210
29891,12781310
29892,283971409
29893,129711299
29894,716410675
29895,522548736
29896,467720254
29897,28676793
29898,848995337
29899,506178697
29900,866820594
29901,649559444
29902,725336702
29903,360178191
29904,632117048
29905,361098952
29906,822513864
29907,825895102
29908,321162824
29909,231127307
29910,178768204
29911,890893154
29912,34512479
29913,711300433
29914,685596743
29915,657466956
29916,168677849
29917,470981388
29918,435281855
29919,684338570
29920,307812300
29921,489618058
29922,747624243
29923,787496652
29924,461405212
29925,673477492
29926,148136323
29927,809680635
29928,530591880
29929,289988655
29930,678323238
29931,146069600
29932,499513762
29933,812295415
29934,810235314
29935,879986628
29936,25530590
29937,563495462
29938,628612560
29939,656474432
29940,182130002
29941,852126066
29942,119423049
29943,881792310
29944,167955866
29945,83914504
29946,194168640
29947,31821853
29948,789534781
29949,834450334
29950,470473189
29951,736141887
29952,505495422
29953,595970555
29954,194950648
29955,387672753
29956,831231902
29957,722964629
29958,539124387
29959,281547861
29960,90906969
29961,706880853
29962,476089627
29963,569367609
29964,102669462
29965,768925502
29966,386867666
29967,187167691
29968,532004058
29969,367920276
29970,459253847
29971,914772428
29972,102185002
29973,715383500
29974,37250842
29975,75391892
29976,996236590
29977,589981550
29978,403997869
29979,533116027
29980,152091374
29981,916352335
29982,315335760
29983,553778139
29984,896902760
29985,982091369
29986,394694461
29987,371433669
29988,553161706
29989,9257181
29990,207402117
29991,51748
29992,265709180
29993,363174039
29994,180925491
29995,867330536
29996,524364146
29997,203524901
29998,916734559
29999,423999858
30000,409009692
30001,399605589
30002,376597873
30003,216588847
30004,486938584
30005,932720787
30006,88602734
30007,413666361
30008,346195419
30009,349947419
30010,546419243
30011,577981539
30012,809928089
30013,530259208
30014,50609081
30015,190341002
30016,549596709
30017,908738285
30018,305429140
30019,460130499
30020,348510172
30021,501388448
30022,375791695
30023,808079395
30024,920442892
30025,972783522
30026,500393762
30027,967926921
30028,548194282
30029,843504327
30030,535692122
30031,286343787
30032,83325621
30033,719986404
30034,805437246
30035,885079827
30036,668497578
30037,39947714
30038,21479849
30039,472655211
30040,369094443
30041,914999251
30042,395521447
30043,493332365
30044,956268235
30045,750987230
30046,380771260
30047,609986819
30048,72313502
30049,89028477
30050,965283176
30051,522139655
30052,692600758
30053,737948431
30054,164385224
30055,604926512
30056,51340931
30057,185491293
30058,350977043
30059,769793511
30060,481018374
30061,763142281
30062,262030939
30063,863770833
30064,771784332
30065,80675954
30066,329568898
30067,568021724
30068,739512979
30069,458703256
30070,404025499
30071,233673325
30072,800600629
30073,882395494
30074,67493646
30075,665543132
30076,483381994
30077,69597752
30078,777693240
30079,916195392
30080,246805491
30081,385800989
30082,20914309
30083,609772652
30084,740484532
30085,140131802
30086,133909599
30087,157423886
30088,313583019
30089,739647662
30090,925652539
30091,421251386
30092,403215799
30093,212225895
30094,568728719
30095,552332872
30096,402324294
30097,517859488
30098,776400224
30099,983351101
30100,298730069
30101,713427393
30102,749353880
30103,449554158
30104,297620536
30105,195839312
30106,877516710
30107,121176812
30108,88400867
30109,985364196
30110,824580886
30111,611367687
30112,633673544
30113,550427966
30114,730095709
30115,933767778
30116,820684243
30117,16189889
30118,325242275
30119,638857540
30120,101819833
30121,235530824
30122,474690435
30123,451156714
30124,649288185
30125,834637540
30126,622304357
30127,260559473
30128,250918376
30129,678841943
30130,514301090
30131,125522296
30132,59395489
30133,74612580
30134,218430592
30135,703554301
30136,403827152
30137,490404580
30138,890225331
30139,954027379
30140,972078695
30141,906521590
30142,714118051
30143,999073336
30144,743087176
30145,157204447
30146,850602060
30147,218325923
30148,170147542
30149,692355024
30150,49169487
30151,911412968
30152,331748953
30153,272770374
30154,705207692
30155,173486116
30156,35400682
30157,710126505
30158,267461593
30159,655240883
30160,627888656
30161,146545950
30162,228703501
30163,390046971
30164,932971080
30165,347542822
30166,244316480
30167,238356757
30168,163212693
30169,402815105
30170,678014070
30171,299164209
30172,108773364
30173,177508406
30174,170025481
30175,163229357
30176,316848629
30177,642670555
30178,41308078
30179,588007221
30180,621686120
30181,318165560
30182,444142276
30183,672879023
30184,711478490
30185,539892659
30186,363137612
30187,162701451
30188,748785599
30189,119778260
30190,414404941
30191,196033466
30192,798824906
30193,701868655
30194,884932032
30195,270984511
30196,74696005
30197,362614151
30198,647912694
30199,801471898
30200,473768246
30201,231057701
30202,426150819
30203,632467940
30204,844897655
30205,538570723
30206,639043290
30207,520336964
30208,469841742
30209,996668415
30210,150910474
30211,86291743
30212,380740533
30213,418168519
30214,713280132
30215,915318784
30216,53126089
30217,216415628
30218,347900189
30219,421631768
30220,317087992
30221,476589165
30222,437610549
30223,644379811
30224,569209337
30225,46579877
30226,391759309
30227,623262660
30228,616356342
30229,156044693
30230,978049778
30231,13943019
30232,756004556
30233,151024184
30234,495079627
30235,980875759
30236,75125742
30237,204235983
30238,758313580
30239,127805562
30240,861500814
30241,66535033
30242,486742190
30243,491880434
30244,254023580
30245,695931941
30246,641113837
30247,204595778
30248,811090921
30249,719770953
30250,191184070
30251,144336229
30252,407347134
30253,640422982
30254,499231733
30255,335073540
30256,390337820
30257,837735771
30258,613806412
30259,271649039
30260,71687582
30261,56017420
30262,53939705
30263,998358541
30264,318548980
30265,203557726
30266,389774731
30267,789156103
30268,107727318
30269,769640751
30270,815700517
30271,565010274
30272,951019886
30273,654297793
30274,72738023
30275,438046905
30276,470468384
30277,333593786
30278,810565660
30279,402455497
30280,363548981
30281,198657350
30282,542342379
30283,843353218
30284,897124044
30285,772098420
30286,637082355
30287,552144831
30288,445648349
30289,277186141
30290,236990355
30291,379739378
30292,87972065
30293,902060710
30294,34962629
30295,562095545
30296,614572016
30297,307653967
30298,783930982
30299,752392983
30300,163193605
30301,825607350
30302,352103629
30303,61231770
30304,84121155
30305,745992937
30306,344708813
30307,398050122
30308,831713389
30309,165857449
30310,34409816
30311,874306181
30312,706197078
30313,131952917
30314,823815243
30315,518534230
30316,302155959
30317,378728184
30318,316743190
30319,917232098
30320,620685903
30321,576883750
30322,570763105
30323,514125951
30324,924519161
30325,869179110
30326,252879871
30327,71364484
30328,65510833
30329,146973994
30330,787778839
30331,653978158
30332,359858828
30333,934949692
30334,415275885
30335,290826654
30336,733505483
30337,753856377
30338,588126519
30339,489958044
30340,551179178
30341,993068518
30342,479590404
30343,71542497
30344,809485510
30345,618142916
30346,663359187
30347,275353903
30348,549691105
30349,685766335
30350,999798885
30351,160322550
30352,450036508
30353,24757105
30354,865407453
30355,565040870
30356,209226000
30357,546845069
30358,92544330
30359,717567653
30360,842528751
30361,136836146
30362,591267585
30363,999683283
30364,908718707
30365,675871212
30366,343853428
30367,434603867
30368,397461420
30369,96181468
30370,191522189
30371,160078729
30372,230131384
30373,733550962
30374,689232545
30375,332349300
30376,620801207
30377,521267712
30378,810841996
30379,410217851
30380,185378403
30381,53888882
30382,826557261
30383,224763829
30384,151640921
30385,102655403
30386,521847734
30387,316901219
30388,509337177
30389,628598735
30390,936072100
30391,639708457
30392,118194702
30393,478204139
30394,570453383
30395,853314282
30396,874753126
30397,336566068
30398,732149213
30399,372021264
30400,965715385
30401,339096117
30402,593162235
30403,368666252
30404,506237459
30405,63320070
30406,266318153
30407,390279253
30408,743726167
30409,548898923
30410,933759334
30411,622296959
30412,323193859
30413,899417423
30414,672386686
30415,748873015
30416,22857460
30417,34492930
30418,84471708
30419,100181326
30420,214991780
30421,24856410
30422,227954827
30423,106672047
30424,414077934
30425,437279724
30426,328387008
30427,676519957
30428,691484130
30429,812220771
30430,917057623
30431,379514762
30432,877488294
30433,25171847
30434,910392177
30435,465915974
30436,851956942
30437,454048855
30438,298169435
30439,477816392
30440,740844757
30441,628341963
30442,931793476
30443,573164278
30444,686338954
30445,943115102
30446,405801407
30447,881905788
30448,956725630
30449,259843964
30450,72930773
30451,457157081
30452,675686182
30453,259490441
30454,117537728
30455,623652168
30456,436107309
30457,243430874
30458,745207273
30459,372277891
30460,731070924
30461,49447100
30462,316131409
30463,278641336
30464,586393382
30465,880005900
30466,968569880
30467,858197372
30468,177713996
30469,747406665
30470,69580709
30471,440076892
30472,219394437
30473,862047279
30474,182878759
30475,365468107
30476,748640302
30477,904115954
30478,983724349
30479,447350898
30480,623063268
30481,831334290
30482,889044355
30483,443525758
30484,28779333
30485,557504041
30486,482815214
30487,678014671
30488,761081341
30489,695266408
30490,829307625
30491,839800037
30492,666592350
30493,733027152
30494,774876002
30495,150734019
30496,152737833
30497,115608740
30498,873523248
30499,940343501
30500,436470802
30501,938725764
30502,92356713
30503,900289263
30504,258262254
30505,105929750
30506,299737075
30507,761555521
30508,63506891
30509,83027976
30510,582761006
30511,891532305
30512,233832
30513,463317153
30514,883963336
30515,83269097
30516,819102728
30517,857965201
30518,98416153
30519,732217894
30520,428971532
30521,584251435
30522,100100022
30523,697901434
30524,203773590
30525,479056877
30526,688095549
30527,188428944
30528,425439285
30529,549671850
30530,651014463
30531,86352027
30532,456550740
30533,75230683
30534,266461308
30535,934178144
30536,445679333
30537,764884735
30538,464214326
30539,376681988
30540,895460240
30541,977946897
30542,903139423
30543,351514915
30544,880249487
30545,654054016
30546,567448360
30547,780401262
30548,684131766
30549,259211071
30550,22721395
30551,238354096
30552,389232750
30553,707718657
30554,982596053
30555,70931520
30556,586878557
30557,948952906
30558,771725184
30559,858807604
30560,503759434
30561,355607712
30562,987406513
30563,771679868
30564,521363467
30565,395672248
30566,743130262
30567,31179762
30568,603006729
30569,685287932
30570,50538727
30571,907912488
30572,831792430
30573,838627403
30574,570566836
30575,989923829
30576,565477642
30577,500669446
30578,489395609
30579,237488430
30580,565675036
30581,276047342
30582,329763960
30583,875499032
30584,780948992
30585,889867886
30586,402201618
30587,833462954
30588,308285262
30589,15846129
30590,833742697
30591,785216486
30592,858299537
30593,141643591
30594,672936410
30595,864142154
30596,767639886
30597,481803823
30598,421873842
30599,319057302
30600,534352802
30601,763372743
30602,12971613
30603,405095370
30604,233262680
30605,30658257
30606,318180622
30607,429607508
30608,449663387
30609,683741394
30610,320211112
30611,527105325
30612,931562561
30613,190568886
30614,244119001
30615,988167623
30616,610526962
30617,81260433
30618,892929017
30619,828312066
30620,755879782
30621,253550451
30622,636022467
30623,467825945
30624,582170952
30625,180215164
30626,554089933
30627,294231879
30628,969399537
30629,301289493
30630,586236158
30631,234598168
30632,982146332
30633,168251018
30634,514071410
30635,214369549
30636,721284062
30637,554225367
30638,558542630
30639,481182900
30640,77863768
30641,609974853
30642,257290108
30643,826985584
30644,500542799
30645,159513493
30646,131914289
30647,967660266
30648,583977100
30649,613182357
30650,311439690
30651,489166185
30652,483939627
30653,494917208
30654,183635672
30655,935593684
30656,793849837
30657,184851516
30658,420482759
30659,280936822
30660,844477742
30661,816506378
30662,72166224
30663,807089377
30664,594386464
30665,375747768
30666,572280632
30667,917806160
30668,849172585
30669,934484345
30670,269769844
30671,357757228
30672,211130905
30673,745623805
30674,165764076
30675,914417991
30676,222130303
30677,810443264
30678,874520787
30679,237748671
30680,229141346
30681,672196790
30682,240795292
30683,326246863
30684,715104670
30685,201875731
30686,607935645
30687,759211799
30688,901512693
30689,106680627
30690,508679639
30691,290250050
30692,220620629
30693,994491605
30694,705682303
30695,32850963
30696,621743296
30697,443645762
30698,149755624
30699,793501861
30700,303644167
30701,893281766
30702,375035026
30703,523065018
30704,310909554
30705,784850773
30706,171500195
30707,11770759
30708,438985272
30709,46705339
30710,900021775
30711,689950269
30712,252386423
30713,363253636
30714,977969016
30715,320269193
30716,303314350
30717,520535870
30718,124130044
30719,228587421
30720,109964352
30721,181946587
30722,249993416
30723,684351683
30724,590332619
30725,532544225
30726,880296449
30727,609452023
30728,543373362
30729,690338646
30730,944691937
30731,135097607
30732,988137726
30733,590518144
30734,906502078
30735,425663983
30736,768876020
30737,514931819
30738,521578078
30739,52364941
30740,336834581
30741,981257381
30742,185608894
30743,786192631
30744,198045578
30745,175495470
30746,439619487
30747,659039449
30748,764671228
30749,231095807
30750,684942645
30751,311449049
30752,222917912
30753,996802839
30754,333492177
30755,230911977
30756,363728791
30757,898036580
30758,272621325
30759,199434830
30760,827220573
30761,130077138
30762,219763098
30763,200038146
30764,488865004
30765,823089877
30766,532014960
30767,675095988
30768,51561984
30769,205533504
30770,513120489
30771,22797113
30772,723321434
30773,303996258
30774,13843041
30775,830887569
30776,172592037
30777,825642727
30778,975607641
30779,514113495
30780,325553924
30781,956979049
30782,731320326
30783,30005764
30784,96929762
30785,431708875
30786,529461681
30787,835562254
30788,138620651
30789,302967127
30790,542413932
30791,125503988
30792,107142734
30793,382004961
30794,146389999
30795,587089310
30796,48382379
30797,21425518
30798,813023709
30799,956862652
30800,411817931
30801,432612648
30802,479788849
30803,58114670
30804,799307410
30805,599187507
30806,983315989
30807,351663238
30808,488220393
30809,680749993
30810,657564343
30811,371089980
30812,509159429
30813,35815586
30814,455703748
30815,76477233
30816,387031478
30817,908685322
30818,927406948
30819,90145724
30820,773993775
30821,250504273
30822,27607059
30823,374556329
30824,517665722
30825,132472954
30826,951427509
30827,984673694
30828,469291704
30829,852891800
30830,296382249
30831,908736824
30832,301094497
30833,186537719
30834,835161325
30835,369407687
30836,392330648
30837,904789648
30838,918091024
30839,910106815
30840,359561535
30841,235008867
30842,584844968
30843,987061661
30844,519045122
30845,733275557
30846,668818719
30847,476512068
30848,850364423
30849,189064594
30850,879019418
30851,270912513
30852,351101078
30853,575081767
30854,433877
30855,386990716
30856,787850694
30857,513174769
30858,252949484
30859,56401791
30860,806299061
30861,221352078
30862,863543337
30863,106849852
30864,331009686
30865,696807270
30866,231409890
30867,231283731
30868,492465833
30869,584953334
30870,9528114
30871,183304180
30872,932134927
30873,817939163
30874,768604568
30875,752056001
30876,614867213
30877,618131777
30878,267557172
30879,413636653
30880,917790078
30881,367845085
30882,461938691
30883,959239672
30884,346546449
30885,244257158
30886,147992104
30887,955367209
30888,463376488
30889,44329554
30890,895468834
30891,446922404
30892,461041252
30893,836267766
30894,870845464
30895,349411685
30896,957611891
30897,251454114
30898,521854239
30899,716617099
30900,371690551
30901,407840693
30902,259519497
30903,15827864
30904,740106423
30905,808382682
30906,266365696
30907,640001511
30908,902489396
30909,705653993
30910,775100086
30911,847202339
30912,364424575
30913,470468344
30914,604500796
30915,653956485
30916,573814816
30917,169403421
30918,483365844
30919,808564696
30920,313244967
30921,213442537
30922,839843576
30923,130033719
30924,521528062
30925,252967219
30926,939805047
30927,831654213
30928,340963070
30929,183074186
30930,111859774
30931,785037077
30932,264758153
30933,520733132
30934,29275240
30935,209224320
30936,276866421
30937,728370741
30938,294673197
30939,281147189
30940,570265829
30941,217668656
30942,494672896
30943,766658359
30944,587262208
30945,182179635
30946,706563885
30947,992324135
30948,389304820
30949,362448814
30950,210448058
30951,840863454
30952,751075499
30953,216273853
30954,102921026
30955,672041723
30956,740293592
30957,663875417
30958,797630525
30959,985001820
30960,47964823
30961,961945155
30962,659918868
30963,105247849
30964,204264395
30965,598000940
30966,90328054
30967,868180151
30968,620872859
30969,50297407
30970,858524908
30971,402302800
30972,517744722
30973,703692481
30974,104427133
30975,324612039
30976,547952862
30977,334488426
30978,475603761
30979,500389391
30980,125632136
30981,133746653
30982,144290508
30983,518623919
30984,816222190
30985,733043497
30986,471833164
30987,30899678
30988,536756390
30989,791011156
30990,662301628
30991,80288628
30992,903978185
30993,432751139
30994,102337280
30995,439295697
30996,534240593
30997,501868608
30998,712449016
30999,161334266
31000,569106354
31001,598510792
31002,674717444
31003,260486969
31004,78143328
31005,656115357
31006,170916782
31007,911038088
31008,178891704
31009,515334984
31010,628008383
31011,93693101
31012,474020166
31013,567619717
31014,90743959
31015,106410252
31016,202536361
31017,852641897
31018,973096628
31019,751079630
31020,771322491
31021,619402199
31022,550828633
31023,423490550
31024,631177560
31025,27291096
31026,223363706
31027,32647570
31028,596934463
31029,652516031
31030,107897414
31031,182415982
31032,347758110
31033,404797231
31034,591333127
31035,948187512
31036,319015456
31037,778782659
31038,136832833
31039,498879686
31040,860155119
31041,460810575
31042,247011122
31043,754118964
31044,421845114
31045,445183496
31046,967283764
31047,904717333
31048,755186837
31049,506970856
31050,559288816
31051,493197454
31052,965873445
31053,541850609
31054,979819859
31055,897201255
31056,895678558
31057,819793638
31058,686654936
31059,517624684
31060,23889842
31061,730862
31062,74965608
31063,708057722
31064,825113460
31065,428438997
31066,120897948
31067,768979956
31068,695336964
31069,909191436
31070,478350052
31071,965135361
31072,916740045
31073,848722516
31074,881912679
31075,272931165
31076,971162116
31077,265825320
31078,306118049
31079,37616178
31080,802330103
31081,60155725
31082,862396875
31083,289890883
31084,17868490
31085,593143292
31086,802579984
31087,373784942
31088,686902759
31089,586723486
31090,499951380
31091,235321234
31092,333142794
31093,505773695
31094,154500145
31095,162097085
31096,373824958
31097,915238048
31098,63972958
31099,921871146
31100,46303574
31101,473071299
31102,935247161
31103,206106667
31104,21811523
31105,496461489
31106,477365629
31107,894689561
31108,796542173
31109,22697230
31110,425538564
31111,513453836
31112,770963794
31113,642703047
31114,246353592
31115,259990644
31116,440442438
31117,589104703
31118,70411870
31119,577412391
31120,82541747
31121,602212875
31122,701756557
31123,816775902
31124,918126947
31125,522107642
31126,976752824
31127,95410233
31128,741271108
31129,656391575
31130,361397120
31131,282167079
31132,859450404
31133,304139455
31134,76702200
31135,721929384
31136,570631975
31137,491943061
31138,578552136
31139,639618617
31140,183410570
31141,974670393
31142,958624465
31143,501464880
31144,471110214
31145,743828910
31146,681970009
31147,723312859
31148,364127717
31149,286781152
31150,663168285
31151,838548572
31152,588914176
31153,293885234
31154,172325029
31155,748477906
31156,505024893
31157,173920233
31158,748470935
31159,89874501
31160,197087476
31161,919562969
31162,4261456
31163,277812388
31164,853776207
31165,84448444
31166,243618983
31167,362799005
31168,303970105
31169,836273710
31170,308114161
31171,944399391
31172,674918596
31173,540642310
31174,140639753
31175,441950534
31176,611387173
31177,159374665
31178,363347870
31179,5179314
31180,795253972
31181,220944199
31182,383457657
31183,605943919
31184,949973961
31185,41032465
31186,372733719
31187,773436730
31188,774451404
31189,20478988
31190,252604489
31191,997214324
31192,294444349
31193,793747754
31194,345594182
31195,434234744
31196,624300640
31197,367655210
31198,110279448
31199,936317217
31200,14160595
31201,540583799
31202,985599071
31203,847042392
31204,644919895
31205,640914197
31206,384057494
31207,357046842
31208,763826213
31209,930270869
31210,317332569
31211,208033185
31212,738899683
31213,5358400
31214,383225904
31215,179940525
31216,293943546
31217,949194897
31218,852854530
31219,433303989
31220,836667534
31221,764393833
31222,630466385
31223,789458148
31224,825839710
31225,104645293
31226,941717804
31227,216278205
31228,363764030
31229,123728090
31230,267524353
31231,739310093
31232,612490420
31233,916428950
31234,487800201
31235,298818587
31236,10065332
31237,802449984
31238,194069650
31239,679239722
31240,190892388
31241,279701078
31242,934847455
31243,749840948
31244,892976365
31245,261467379
31246,537446985
31247,207898511
31248,283332286
31249,444459820
31250,811578331
31251,302159359
31252,411075665
31253,211386387
31254,375615822
31255,929586317
31256,16983680
31257,152362772
31258,894129887
31259,755588070
31260,260306488
31261,286901908
31262,10258616
31263,850768520
31264,136084366
31265,61337312
31266,619498381
31267,584726038
31268,458124868
31269,929158761
31270,961710973
31271,226888929
31272,321775799
31273,424741271
31274,969125896
31275,344127938
31276,473075460
31277,295474329
31278,75479124
31279,941098746
31280,943623323
31281,688345810
31282,594676225
31283,835203817
31284,521190749
31285,751592642
31286,879664024
31287,447992796
31288,258502155
31289,766647346
31290,816534139
31291,442384659
31292,318492694
31293,855709450
31294,677046120
31295,678317035
31296,132550237
31297,712789018
31298,987814343
31299,852893089
31300,667275157
31301,810937534
31302,11031542
31303,918194418
31304,773069284
31305,835581615
31306,752384291
31307,468187536
31308,433332568
31309,216244187
31310,394990143
31311,182232587
31312,885594083
31313,22934386
31314,514247811
31315,338838909
31316,489171740
31317,482327876
31318,58399585
31319,981388375
31320,982268301
31321,178286021
31322,127599955
31323,304177058
31324,186511232
31325,115142625
31326,797724879
31327,299426356
31328,878997611
31329,374258249
31330,694597606
31331,902098061
31332,358112883
31333,763089479
31334,506619753
31335,118737754
31336,205270495
31337,843812753
31338,98827748
31339,589604810
31340,490698749
31341,792505306
31342,247915616
31343,740109944
31344,50476468
31345,604875109
31346,963877600
31347,394418429
31348,840078607
31349,542223569
31350,847657426
31351,432100096
31352,280046368
31353,855097294
31354,392417878
31355,160529242
31356,722885671
31357,725396614
31358,261140983
31359,106769587
31360,570189851
31361,331219398
31362,899966113
31363,40602899
31364,554813594
31365,425779791
31366,182464459
31367,79403345
31368,621874291
31369,634682155
31370,86212735
31371,858545992
31372,293810310
31373,358966017
31374,247434725
31375,655379509
31376,103813712
31377,367853744
31378,696213955
31379,737858396
31380,250808851
31381,845962789
31382,932592982
31383,349819627
31384,835641302
31385,855653623
31386,805643395
31387,15077305
31388,460495780
31389,179216960
31390,451145832
31391,939071447
31392,577378364
31393,763253367
31394,288068659
31395,19979757
31396,570115730
31397,254835847
31398,464162786
31399,79345572
31400,433517327
31401,4138488
31402,295944343
31403,852056592
31404,115611989
31405,424356960
31406,227167506
31407,245542588
31408,400887943
31409,286691251
31410,811167392
31411,616130880
31412,637428994
31413,96842887
31414,471606722
31415,318960392
31416,769124353
31417,420648455
31418,350887010
31419,669624746
31420,904502949
31421,755301453
31422,667027497
31423,164131579
31424,443650979
31425,106692762
31426,683836953
31427,464333245
31428,198252091
31429,336094167
31430,237963779
31431,869318985
31432,545342740
31433,115045574
31434,872595309
31435,50232462
31436,819562339
31437,753038398
31438,134073604
31439,670618236
31440,647480461
31441,194559354
31442,162895351
31443,648270571
31444,877541720
31445,122367119
31446,469306075
31447,728860715
31448,70385446
31449,208266598
31450,930565222
31451,467158845
31452,571617042
31453,927308420
31454,132003428
31455,599550240
31456,544418798
31457,130168939
31458,979750405
31459,941031888
31460,250576775
31461,262454418
31462,585544083
31463,298831857
31464,547604409
31465,796889591
31466,769374822
31467,605149811
31468,343496530
31469,131726093
31470,762718054
31471,4033632
31472,27400138
31473,253731280
31474,268532579
31475,546616208
31476,985663613
31477,259069081
31478,695650394
31479,614541866
31480,932336561
31481,137670733
31482,387281913
31483,435293664
31484,965364167
31485,995912641
31486,199361799
31487,446995704
31488,56727498
31489,301755212
31490,400969444
31491,652021533
31492,792151302
31493,956101631
31494,368986686
31495,335208092
31496,355439616
31497,210584417
31498,25202616
31499,133703675
31500,949000887
31501,803323336
31502,9070403
31503,986616830
31504,563711466
31505,259144024
31506,646876811
31507,769422281
31508,357070421
31509,73509167
31510,736510049
31511,177116840
31512,179335348
31513,277970035
31514,720174573
31515,803570911
31516,611717709
31517,516155827
31518,629888591
31519,276308238
31520,987157027
31521,960946069
31522,150862666
31523,757340793
31524,140761103
31525,962781726
31526,792862066
31527,5083485
31528,489554888
31529,893200004
31530,509267840
31531,664381902
31532,180335517
31533,781903410
31534,156401409
31535,362836475
31536,292453659
31537,361100473
31538,694005030
31539,99370907
31540,750229804
31541,481974011
31542,708226410
31543,529707651
31544,723848361
31545,35317909
31546,342627084
31547,331996062
31548,497602815
31549,961346829
31550,987626106
31551,609336570
31552,907442259
31553,189267026
31554,122782160
31555,209092203
31556,550962845
31557,705870061
31558,597045763
31559,512486771
31560,631112214
31561,903222883
31562,933517765
31563,739932549
31564,507010272
31565,780693939
31566,910503985
31567,54423968
31568,799101685
31569,141094996
31570,879164315
31571,721312699
31572,113106640
31573,823445462
31574,766578664
31575,737606752
31576,330776071
31577,181837103
31578,273063894
31579,963074431
31580,518682115
31581,540429376
31582,363776922
31583,258640236
31584,45591380
31585,374659956
31586,737638853
31587,920387969
31588,227298025
31589,583236068
31590,5637934
31591,598965599
31592,548597732
31593,499983185
31594,328959342
31595,149785014
31596,573090793
31597,389576287
31598,881336137
31599,285907025
31600,780003296
31601,334646823
31602,138932505
31603,896904206
31604,340480085
31605,718351268
31606,725105922
31607,933469889
31608,148166773
31609,379672353
31610,127400732
31611,165982479
31612,515719130
31613,14684033
31614,574154059
31615,350950162
31616,250324137
31617,545590092
31618,756197135
31619,277165846
31620,527140577
31621,492198885
31622,691791555
31623,226685354
31624,283512611
31625,801307773
31626,748142856
31627,751439879
31628,444837979
31629,451887330
31630,380194095
31631,965377443
31632,448316780
31633,682081163
31634,929759714
31635,123667270
31636,717647625
31637,71094334
31638,191455217
31639,885734116
31640,501762125
31641,624499148
31642,613691610
31643,370033089
31644,80959466
31645,683647364
31646,937620075
31647,691480137
31648,193862370
31649,9273879
31650,264722787
31651,319545051
31652,909030821
31653,248405896
31654,545727242
31655,628438150
31656,364478002
31657,781241522
31658,725208199
31659,874691730
31660,597263784
31661,356188648
31662,809028675
31663,124872698
31664,24474571
31665,321305624
31666,634558391
31667,752201977
31668,482163532
31669,978151149
31670,450324543
31671,108148542
31672,450944107
31673,879588158
31674,850636223
31675,7543915
31676,592658531
31677,954591526
31678,6203206
31679,260622466
31680,218991408
31681,493945423
31682,828830602
31683,471061502
31684,3151732
31685,20042608
31686,759378179
31687,619104447
31688,915701038
31689,522372529
31690,444845290
31691,550004547
31692,852249720
31693,400378855
31694,926124852
31695,445862959
31696,259853937
31697,365933526
31698,820180208
31699,571187996
31700,684694761
31701,467253922
31702,105112660
31703,698798453
31704,207799444
31705,735325282
31706,194124682
31707,513907078
31708,309174314
31709,405059825
31710,74283802
31711,158791370
31712,374811753
31713,890693596
31714,623856488
31715,651405494
31716,914919483
31717,991657317
31718,709972797
31719,714984241
31720,718389452
31721,860260763
31722,804971191
31723,70272607
31724,845590026
31725,331733184
31726,933586529
31727,346150401
31728,428569046
31729,483077959
31730,602536640
31731,151468676
31732,333917487
31733,40815971
31734,97694996
31735,822389884
31736,488111554
31737,932260980
31738,142204397
31739,541394342
31740,565236542
31741,142044407
31742,222195750
31743,697782779
31744,678064952
31745,183252110
31746,922593279
31747,34667195
31748,629043345
31749,152134835
31750,590913784
31751,270804839
31752,919351710
31753,900753581
31754,800949016
31755,409890408
31756,46296483
31757,807842965
31758,976851677
31759,355236823
31760,607639303
31761,631097692
31762,109400754
31763,482841203
31764,172533120
31765,327815604
31766,939692578
31767,249169308
31768,160639124
31769,507679298
31770,397757491
31771,265444539
31772,207214627
31773,930791271
31774,50749001
31775,414090829
31776,836135581
31777,288356461
31778,146635933
31779,654819921
31780,894251487
31781,148470536
31782,866307542
31783,250320567
31784,683842106
31785,300387434
31786,29125082
31787,769020156
31788,483889469
31789,579694251
31790,347165631
31791,212323531
31792,729144540
31793,147292481
31794,143202366
31795,293235001
31796,49233893
31797,91391214
31798,806419932
31799,603968675
31800,219029212
31801,574331945
31802,398799659
31803,276383518
31804,663727609
31805,57659734
31806,618592169
31807,762784060
31808,96886569
31809,185414754
31810,40408802
31811,651634952
31812,401419288
31813,595538942
31814,135327263
31815,542511472
31816,505846957
31817,306628884
31818,309189800
31819,882692357
31820,568564829
31821,445087713
31822,817452207
31823,461795067
31824,635100266
31825,749207072
31826,934745475
31827,171061135
31828,105130059
31829,35710009
31830,148448243
31831,155440112
31832,781780166
31833,902448453
31834,490518482
31835,742588490
31836,493308289
31837,620552914
31838,320180820
31839,505585434
31840,250536633
31841,442101297
31842,369248363
31843,34657364
31844,432141358
31845,291096794
31846,982286795
31847,3628654
31848,541931354
31849,78437905
31850,360315049
31851,230922506
31852,837772238
31853,554327177
31854,131713168
31855,230701366
31856,603750452
31857,679873537
31858,994938923
31859,519159868
31860,538550321
31861,515106171
31862,765352978
31863,531666087
31864,306827827
31865,292616922
31866,38910452
31867,657128649
31868,464352735
31869,711100927
31870,716818346
31871,957540887
31872,893995028
31873,360356182
31874,401454857
31875,173854832
31876,631542411
31877,986116577
31878,635169584
31879,620479447
31880,544732112
31881,764742328
31882,194510157
31883,959962560
31884,221508032
31885,385026467
31886,230951160
31887,152871709
31888,591461121
31889,305881545
31890,93159149
31891,916158966
31892,389595618
31893,395334787
31894,513141811
31895,831446577
31896,879533616
31897,328401815
31898,47405766
31899,119052978
31900,648938332
31901,637597625
31902,237733877
31903,24835071
31904,427233037
31905,92380025
31906,136945003
31907,135222654
31908,175393425
31909,446731576
31910,936214251
31911,731321955
31912,590404384
31913,629377672
31914,817065599
31915,436415740
31916,852914168
31917,550827714
31918,853230810
31919,658682449
31920,295699746
31921,917997540
31922,451577569
31923,981254101
31924,972615322
31925,763216387
31926,810809490
31927,629580687
31928,701116367
31929,451580053
31930,902765918
31931,632578466
31932,881370588
31933,850291270
31934,230728681
31935,674129078
31936,711281770
31937,847199118
31938,75345083
31939,122728913
31940,75379193
31941,879359908
31942,28367151
31943,490008825
31944,261859145
31945,325996672
31946,381970659
31947,867839496
31948,29140539
31949,18609142
31950,799611219
31951,113268705
31952,405351321
31953,907847366
31954,226034332
31955,382305072
31956,188250319
31957,48239701
31958,743496555
31959,935516922
31960,297169692
31961,321594850
31962,523422404
31963,432528162
31964,907108840
31965,855191263
31966,427635339
31967,160548870
31968,806370812
31969,977557292
31970,991851446
31971,820829455
31972,642032834
31973,82521657
31974,529874407
31975,494929464
31976,820911351
31977,523294608
31978,761792735
31979,96176229
31980,83114750
31981,840330504
31982,29460675
31983,604578865
31984,676162895
31985,812614974
31986,41702137
31987,48232241
31988,728691203
31989,612424752
31990,998169513
31991,241477254
31992,701419592
31993,245891077
31994,604271178
31995,207821372
31996,849559141
31997,320234008
31998,149117939
31999,584253432
32000,769071332
32001,580904090
32002,224276043
32003,562272754
32004,817147184
32005,233652804
32006,401861007
32007,959428172
32008,861329038
32009,837559661
32010,230675910
32011,155202274
32012,942510768
32013,16359541
32014,963477530
32015,464418387
32016,718738367
32017,945103794
32018,537944386
32019,371394888
32020,979384377
32021,631968835
32022,559778679
32023,110106370
32024,444538456
32025,971404150
32026,702672085
32027,42854512
32028,634863009
32029,117050405
32030,708570241
32031,621868161
32032,22624803
32033,811415621
32034,319974853
32035,4318403
32036,317111668
32037,205276313
32038,20133224
32039,15897441
32040,42192324
32041,898140639
32042,635704537
32043,381539824
32044,340110285
32045,413842247
32046,108122057
32047,696550047
32048,921258782
32049,228091071
32050,282170961
32051,757534912
32052,490142911
32053,152976838
32054,360557793
32055,697696041
32056,237666904
32057,913631868
32058,888500651
32059,925345802
32060,988105960
32061,10422862
32062,685292216
32063,158704610
32064,765224412
32065,134929035
32066,754550891
32067,57328790
32068,304603782
32069,569576100
32070,554569229
32071,810369424
32072,231489526
32073,85277168
32074,962930246
32075,462709001
32076,213885453
32077,953865192
32078,129689953
32079,375299965
32080,992074827
32081,872997048
32082,213139250
32083,454051101
32084,743555208
32085,472719936
32086,377725263
32087,267683453
32088,387722416
32089,53174030
32090,780157156
32091,498469463
32092,319520357
32093,749049225
32094,654507904
32095,819641549
32096,192181553
32097,761737553
32098,527782630
32099,318906923
32100,583376069
32101,517937256
32102,858733856
32103,441297339
32104,169521130
32105,510259223
32106,657534463
32107,572949823
32108,437902050
32109,497402630
32110,32180477
32111,328085889
32112,79961953
32113,788939010
32114,672932248
32115,525877562
32116,658646691
32117,465445532
32118,7517064
32119,934432703
32120,512695446
32121,570609105
32122,969752525
32123,158165367
32124,197272028
32125,737727936
32126,108623006
32127,623503721
32128,285329935
32129,639917368
32130,691039976
32131,777284413
32132,114731440
32133,926870619
32134,435523219
32135,117241288
32136,524302719
32137,455320769
32138,639834385
32139,486543708
32140,382833156
32141,455562352
32142,325835666
32143,58736601
32144,869988915
32145,672938842
32146,538910711
32147,236670226
32148,419749177
32149,584961985
32150,840182940
32151,928903582
32152,292954484
32153,849480608
32154,660884110
32155,761336637
32156,169015131
32157,319331997
32158,374308309
32159,529294798
32160,40901512
32161,519403791
32162,963538119
32163,692502451
32164,186086202
32165,373234262
32166,471231306
32167,188845859
32168,891645343
32169,515388980
32170,517011591
32171,322803698
32172,652317044
32173,440580252
32174,609779776
32175,478155183
32176,116456251
32177,206954924
32178,575222886
32179,468416960
32180,88327686
32181,701678523
32182,60895994
32183,100377639
32184,565610542
32185,164619928
32186,843179117
32187,963767016
32188,603108411
32189,467180117
32190,688838144
32191,322435716
32192,253019242
32193,706991804
32194,510986107
32195,192165566
32196,203600844
32197,477733944
32198,228021684
32199,173843780
32200,604535933
32201,970485777
32202,14864624
32203,823059160
32204,852349517
32205,741799275
32206,513473607
32207,85279495
32208,831075360
32209,205648752
32210,88706599
32211,290416361
32212,474020382
32213,649428094
32214,563462405
32215,713315956
32216,432994337
32217,624009692
32218,372439215
32219,979042758
32220,6421774
32221,238550852
32222,775663441
32223,477840587
32224,939830592
32225,317655375
32226,470320658
32227,109544104
32228,966966022
32229,237026718
32230,192955238
32231,539367184
32232,822870393
32233,223937486
32234,987916046
32235,762929840
32236,382396896
32237,870602380
32238,451647058
32239,907973975
32240,440497796
32241,713570881
32242,919672997
32243,454289154
32244,241825389
32245,849446858
32246,128425785
32247,604722788
32248,316430752
32249,260128041
32250,182090456
32251,219576800
32252,537596013
32253,339416936
32254,926691466
32255,93227592
32256,928343614
32257,633658699
32258,40422780
32259,11373646
32260,364968613
32261,112104254
32262,155938731
32263,484844593
32264,450805556
32265,104695829
32266,332970469
32267,381480045
32268,935242505
32269,619603761
32270,135872428
32271,474554264
32272,819645370
32273,46805035
32274,425325696
32275,425431068
32276,111636109
32277,779890878
32278,628941493
32279,961176216
32280,443161790
32281,485374269
32282,458869339
32283,121400708
32284,651028423
32285,958291020
32286,11561520
32287,395414232
32288,713480292
32289,488898834
32290,645443092
32291,172778684
32292,298527630
32293,317079869
32294,611185591
32295,645199643
32296,851372759
32297,660563541
32298,658142686
32299,719537660
32300,817285700
32301,94691109
32302,785495248
32303,557946879
32304,920002370
32305,50598367
32306,424389623
32307,208572226
32308,185865212
32309,540950709
32310,48413147
32311,356440798
32312,626212447
32313,351611298
32314,333696538
32315,455798182
32316,170804958
32317,644023807
32318,95630843
32319,625363510
32320,659702999
32321,39738655
32322,756493244
32323,938044325
32324,114345855
32325,559018267
32326,479784554
32327,584793023
32328,40471405
32329,903380269
32330,404777187
32331,293914736
32332,951987520
32333,623299650
32334,435552810
32335,401835200
32336,393136739
32337,823528009
32338,605295116
32339,530882452
32340,539122278
32341,57287098
32342,976863285
32343,999895586
32344,38116915
32345,825857943
32346,383601198
32347,585290764
32348,681904556
32349,496077355
32350,795672029
32351,428399865
32352,782488359
32353,156301735
32354,523965916
32355,783668326
32356,528846121
32357,124648477
32358,678156776
32359,296567039
32360,532254767
32361,350583900
32362,767099746
32363,486564930
32364,926397445
32365,306000293
32366,86052631
32367,333089932
32368,853643075
32369,340830860
32370,336239618
32371,399792389
32372,778153035
32373,451477540
32374,188005589
32375,408534756
32376,233752751
32377,529450300
32378,9874099
32379,883166310
32380,596647950
32381,426717683
32382,316090441
32383,791851890
32384,759008573
32385,267797903
32386,20715766
32387,439026120
32388,34673690
32389,721026388
32390,518102848
32391,510086479
32392,207202338
32393,727234671
32394,31456690
32395,840551003
32396,862265895
32397,845489469
32398,943293513
32399,850782740
32400,452761309
32401,196380156
32402,700716447
32403,2592784
32404,457326960
32405,15952916
32406,943808057
32407,198977428
32408,66673908
32409,703802694
32410,112311632
32411,573561118
32412,444786546
32413,304263758
32414,120968032
32415,365196216
32416,518268053
32417,355458120
32418,285435950
32419,506058517
32420,944450685
32421,437939716
32422,903357365
32423,436354957
32424,147550917
32425,730978717
32426,898093630
32427,702325627
32428,857129377
32429,971562723
32430,654416189
32431,513645263
32432,905155269
32433,600529288
32434,36966621
32435,108325039
32436,794985992
32437,512398267
32438,314435174
32439,250249828
32440,971321704
32441,350139769
32442,28795210
32443,645194237
32444,19802101
32445,251461660
32446,457862307
32447,362488073
32448,871711011
32449,25759762
32450,320833987
32451,695292494
32452,992936730
32453,996587602
32454,851982821
32455,632239340
32456,810892383
32457,126285283
32458,338249378
32459,462812319
32460,223599401
32461,86435569
32462,547472299
32463,853125098
32464,982428025
32465,513980130
32466,759559489
32467,889557976
32468,957646099
32469,41703763
32470,107714480
32471,109048554
32472,150862385
32473,379488031
32474,584821645
32475,789676262
32476,321425683
32477,172404796
32478,230164617
32479,287843306
32480,472482023
32481,608070230
32482,465109353
32483,9256392
32484,246087002
32485,499879563
32486,619478249
32487,669177370
32488,966355138
32489,395577706
32490,144071827
32491,262766511
32492,504672942
32493,557715239
32494,512950207
32495,86928901
32496,891496571
32497,882416487
32498,734259665
32499,833406638
32500,268847639
32501,971217835
32502,188869365
32503,609112930
32504,344426347
32505,90731471
32506,58993619
32507,997174636
32508,293205120
32509,293727155
32510,883146884
32511,416172355
32512,284859734
32513,307655472
32514,228730206
32515,271971894
32516,819696990
32517,186703526
32518,241906137
32519,97393412
32520,333642811
32521,241545829
32522,777111053
32523,618847151
32524,395814162
32525,397146187
32526,348129499
32527,679528575
32528,179893389
32529,260475831
32530,131413001
32531,185572046
32532,657815683
32533,175226012
32534,953911413
32535,605943995
32536,385078400
32537,409955407
32538,546370058
32539,694086137
32540,992301279
32541,950636288
32542,123850842
32543,246371436
32544,147332006
32545,828232715
32546,992695304
32547,182682710
32548,798360588
32549,370159852
32550,989894457
32551,225361405
32552,272909721
32553,763723387
32554,80031314
32555,683518408
32556,203237942
32557,709449722
32558,670159092
32559,289130669
32560,887419651
32561,379128803
32562,582092594
32563,873383722
32564,491992794
32565,469320127
32566,805566372
32567,325452377
32568,247157617
32569,132308038
32570,302662825
32571,923232464
32572,838261912
32573,466272083
32574,909616409
32575,717508335
32576,625833346
32577,56225044
32578,921125569
32579,922341392
32580,474110075
32581,926842894
32582,279525188
32583,380717990
32584,881202661
32585,217213242
32586,313662329
32587,538368345
32588,256490564
32589,579986788
32590,169425937
32591,216205135
32592,638892128
32593,662758194
32594,856916353
32595,668311770
32596,468697343
32597,128214488
32598,341888727
32599,131075927
32600,882428509
32601,123172267
32602,212104200
32603,28581786
32604,669114450
32605,263125502
32606,575661175
32607,1075528
32608,487473899
32609,9544777
32610,784910275
32611,433727129
32612,484540485
32613,914505828
32614,20790132
32615,777053823
32616,350339466
32617,749741376
32618,946424464
32619,513715237
32620,684437493
32621,222720864
32622,15512383
32623,261376899
32624,490297175
32625,490763611
32626,956876567
32627,654085213
32628,55473382
32629,578763757
32630,19369370
32631,798386819
32632,75258499
32633,324874508
32634,133112831
32635,975595168
32636,500264507
32637,493600045
32638,105860361
32639,634400182
32640,756837767
32641,767582288
32642,989460567
32643,54231330
32644,262212285
32645,544080070
32646,589220782
32647,141140788
32648,116732636
32649,688441144
32650,892730586
32651,452866924
32652,857588333
32653,243860518
32654,171437376
32655,18373919
32656,30218890
32657,442855996
32658,370889988
32659,562748841
32660,861843053
32661,751925157
32662,168982434
32663,930342953
32664,733615211
32665,799337983
32666,448353079
32667,189805896
32668,16481060
32669,381442310
32670,338391481
32671,566572069
32672,26392902
32673,652756864
32674,564563785
32675,527499909
32676,295831246
32677,576950264
32678,154928695
32679,223976527
32680,446702493
32681,191456588
32682,585695565
32683,594623707
32684,248770973
32685,613291353
32686,729603842
32687,69876562
32688,262805307
32689,463587648
32690,264796378
32691,955216343
32692,894024780
32693,695148995
32694,68958344
32695,495752705
32696,957483306
32697,7426046
32698,363747439
32699,833062853
32700,196794229
32701,982244362
32702,722708978
32703,622495718
32704,89219255
32705,468515592
32706,239355404
32707,411994637
32708,266418219
32709,745920241
32710,404275663
32711,910226615
32712,295185462
32713,919992224
32714,75111229
32715,843555494
32716,185867128
32717,373512409
32718,897553726
32719,546523666
32720,138463425
32721,67241757
32722,659824338
32723,926592026
32724,729126815
32725,513092410
32726,146039626
32727,70547933
32728,10798389
32729,271645548
32730,816945395
32731,840845354
32732,928179926
32733,175377762
32734,835966187
32735,159382586
32736,425680821
32737,134984416
32738,140706898
32739,847506721
32740,262701568
32741,728697189
32742,894878435
32743,968851453
32744,58011046
32745,701309052
32746,662433892
32747,400574668
32748,800240316
32749,597483093
32750,508865304
32751,302748617
32752,263097705
32753,934559518
32754,780437605
32755,685433553
32756,275624321
32757,291393466
32758,449221078
32759,595641006
32760,755486261
32761,294709732
32762,864749268
32763,19449507
32764,420055738
32765,846562270
32766,548033657
32767,305669961
32768,372841984
32769,287833539
32770,675164821
32771,379441765
32772,60133312
32773,636649632
32774,837175153
32775,148720691
32776,890156363
32777,313349032
32778,22597616
32779,863262261
32780,510709638
32781,25637817
32782,805407157
32783,172255497
32784,483899138
32785,886797973
32786,91995627
32787,118378793
32788,654484599
32789,315831397
32790,897403875
32791,684697492
32792,187316180
32793,687777901
32794,609557147
32795,976653854
32796,331614654
32797,519560535
32798,828779898
32799,187543686
32800,747186360
32801,573147744
32802,97972891
32803,885122245
32804,859977784
32805,384434318
32806,577531137
32807,422959137
32808,972953686
32809,466064358
32810,78933544
32811,194626379
32812,604410059
32813,51926262
32814,676380167
32815,604333610
32816,66934988
32817,342312428
32818,105030504
32819,175326453
32820,631673412
32821,827415842
32822,262360007
32823,54324775
32824,591199533
32825,992470200
32826,759461643
32827,994866836
32828,359788805
32829,370353186
32830,613666612
32831,644772593
32832,283324407
32833,882189450
32834,253825040
32835,467463355
32836,818907610
32837,448761510
32838,819566443
32839,780726706
32840,216354334
32841,668228510
32842,956358212
32843,822161402
32844,938937116
32845,858793351
32846,19280248
32847,189756029
32848,816298618
32849,313096645
32850,721449900
32851,972683261
32852,156759693
32853,489172680
32854,415829970
32855,46747770
32856,552777352
32857,621439024
32858,125789868
32859,679441766
32860,68031736
32861,307535894
32862,394614010
32863,931866046
32864,628494151
32865,988526542
32866,930167759
32867,552291240
32868,453396359
32869,913110956
32870,185414123
32871,25316650
32872,753250069
32873,176011505
32874,267861247
32875,455111564
32876,15691859
32877,722555064
32878,482890965
32879,812906075
32880,74846645
32881,128756614
32882,299231692
32883,178459043
32884,723435661
32885,459157701
32886,691797388
32887,902280518
32888,31298550
32889,892798891
32890,167977320
32891,429371290
32892,98329966
32893,241969129
32894,448996328
32895,664207628
32896,997782046
32897,990153833
32898,717369839
32899,672251848
32900,47708927
32901,229734313
32902,103586364
32903,969724398
32904,641885936
32905,348632718
32906,967326984
32907,862615231
32908,293087773
32909,85663980
32910,501993148
32911,603078505
32912,509825952
32913,313986259
32914,786694115
32915,72126192
32916,347431587
32917,236195934
32918,519005821
32919,440978100
32920,382070439
32921,30110674
32922,474307910
32923,186510507
32924,425229109
32925,220323678
32926,778513143
32927,5396355
32928,741690494
32929,812082582
32930,816517303
32931,362037869
32932,917590654
32933,865873374
32934,838558015
32935,152539669
32936,510739024
32937,814243163
32938,887197279
32939,708476976
32940,684883892
32941,374789431
32942,768241022
32943,645691589
32944,235971777
32945,430545985
32946,787698467
32947,656695070
32948,642685861
32949,626189443
32950,420060246
32951,20512243
32952,685734243
32953,468701955
32954,116979612
32955,952294601
32956,810716893
32957,369815796
32958,725701604
32959,466553852
32960,405031939
32961,224343367
32962,553608995
32963,205444796
32964,593919888
32965,967532437
32966,858951457
32967,240418192
32968,29588685
32969,934414817
32970,229023976
32971,451713505
32972,558905171
32973,47094072
32974,624077695
32975,104471433
32976,658451971
32977,542753099
32978,474996313
32979,587698374
32980,572990255
32981,783739743
32982,100746029
32983,564742993
32984,89248532
32985,399654731
32986,375351100
32987,15737519
32988,416428916
32989,335409208
32990,417694196
32991,599441384
32992,94140397
32993,148956102
32994,665711450
32995,865119398
32996,937083181
32997,529684736
32998,560042550
32999,489868582
33000,865544872
33001,391136831
33002,181214140
33003,606494273
33004,16237567
33005,916759686
33006,391030885
33007,504770958
33008,570809025
33009,927320263
33010,380369517
33011,333171159
33012,808970627
33013,593915749
33014,973446240
33015,745647305
33016,376480499
33017,572009592
33018,307587144
33019,975943140
33020,535181541
33021,175469758
33022,839690442
33023,863695319
33024,544562256
33025,505864030
33026,717691555
33027,848143778
33028,107914917
33029,803343799
33030,37276259
33031,630234071
33032,803851264
33033,147727819
33034,940592753
33035,914457725
33036,63639144
33037,877249986
33038,492032006
33039,400516042
33040,319019411
33041,247680917
33042,775806240
33043,850029601
33044,42740599
33045,677671183
33046,303491252
33047,687791896
33048,786368590
33049,221588727
33050,119308336
33051,809169898
33052,39257118
33053,797029432
33054,593087372
33055,942812579
33056,360089983
33057,669547476
33058,638349732
33059,718685751
33060,874717504
33061,454912867
33062,140650692
33063,233371032
33064,171179295
33065,88437279
33066,633467958
33067,403512502
33068,858793753
33069,150231691
33070,447016296
33071,242129942
33072,602244780
33073,670910808
33074,595797106
33075,410560678
33076,206659204
33077,474039643
33078,381159514
33079,27246665
33080,912852146
33081,904216277
33082,594367250
33083,397911889
33084,298082332
33085,892457975
33086,844591857
33087,621546090
33088,411900323
33089,528356722
33090,413805444
33091,804081626
33092,739017890
33093,903977280
33094,51006121
33095,265166840
33096,658861128
33097,230612568
33098,781481275
33099,874920903
33100,107326680
33101,545004422
33102,343435
33103,121443080
33104,895898373
33105,497328958
33106,102326346
33107,836842795
33108,112473529
33109,122280963
33110,352812147
33111,609529221
33112,635617423
33113,729651601
33114,450788878
33115,548716427
33116,179686740
33117,897505090
33118,768721589
33119,244558813
33120,608640403
33121,710808305
33122,810811599
33123,999035828
33124,830433431
33125,89794054
33126,241354459
33127,722274641
33128,119706027
33129,396995634
33130,61188393
33131,833020503
33132,266633357
33133,849461163
33134,965756407
33135,28836604
33136,457159625
33137,199828204
33138,826964232
33139,699178097
33140,45733601
33141,577167248
33142,126057312
33143,36753968
33144,387266230
33145,954651939
33146,561375228
33147,36150170
33148,782235762
33149,858513151
33150,693834370
33151,627966285
33152,827314817
33153,555714801
33154,763633081
33155,973740549
33156,414706926
33157,565471397
33158,702246281
33159,482110680
33160,666745736
33161,882541776
33162,294597678
33163,322143701
33164,358935021
33165,217135000
33166,890192698
33167,667388680
33168,231947721
33169,966583971
33170,595081202
33171,829405321
33172,486955317
33173,298893317
33174,412540050
33175,493345840
33176,19119462
33177,62012111
33178,132225304
33179,912386125
33180,673958862
33181,117031076
33182,85441272
33183,38614159
33184,65957198
33185,855443167
33186,80515439
33187,65812406
33188,3949304
33189,920285477
33190,299928713
33191,151029286
33192,405870483
33193,199807149
33194,89269379
33195,978343036
33196,641560684
33197,495892907
33198,209046366
33199,300673018
33200,672028775
33201,265272223
33202,692515743
33203,557496595
33204,572180846
33205,57964410
33206,659996990
33207,737680832
33208,838683148
33209,970856225
33210,6553405
33211,793086294
33212,995097032
33213,856676064
33214,185439760
33215,938483824
33216,697771868
33217,800721048
33218,151679977
33219,621901244
33220,260183919
33221,389777858
33222,169960812
33223,57496117
33224,377650760
33225,752191277
33226,11502019
33227,171970497
33228,592562283
33229,19993155
33230,77045954
33231,767370576
33232,665472566
33233,458078436
33234,557191056
33235,105571553
33236,989777357
33237,34984691
33238,263051171
33239,232441411
33240,552243510
33241,135835227
33242,394692262
33243,906044514
33244,432896543
33245,626327049
33246,527249260
33247,790162078
33248,338210073
33249,878282319
33250,240993917
33251,286654925
33252,683332556
33253,912528296
33254,139090522
33255,51826828
33256,128843279
33257,615494923
33258,405074970
33259,856768754
33260,94150418
33261,831504132
33262,794706756
33263,82262869
33264,468243440
33265,145688752
33266,153911634
33267,388214482
33268,64136054
33269,888989137
33270,111612259
33271,572971117
33272,759312265
33273,211710194
33274,580057200
33275,288988949
33276,181687059
33277,751740627
33278,708589604
33279,456818215
33280,838221277
33281,220425681
33282,274592779
33283,923926230
33284,795282412
33285,492088952
33286,635203901
33287,249833247
33288,731361035
33289,932504570
33290,823529675
33291,249516032
33292,700714971
33293,303723356
33294,999514325
33295,308764400
33296,100985391
33297,690171797
33298,337372465
33299,811679023
33300,306353524
33301,672210576
33302,556352837
33303,615384885
33304,42179763
33305,808191289
33306,893515039
33307,613442413
33308,888429165
33309,239387362
33310,750133235
33311,209532286
33312,246783102
33313,368060362
33314,227817867
33315,857334195
33316,177298602
33317,327594185
33318,105404743
33319,870175955
33320,444639653
33321,494186125
33322,156377545
33323,358210350
33324,739966427
33325,673445702
33326,752195442
33327,792514654
33328,529367875
33329,386516767
33330,988353078
33331,309866021
33332,660204846
33333,63961210
33334,5462825
33335,93857684
33336,723343643
33337,414252315
33338,441439523
33339,828902330
33340,536671591
33341,242604413
33342,250301381
33343,502260412
33344,320879176
33345,958091440
33346,762893799
33347,905199613
33348,944386356
33349,843694826
33350,751424238
33351,631406852
33352,953935727
33353,449207598
33354,442117120
33355,585080362
33356,21633670
33357,351525087
33358,559100429
33359,939633117
33360,654633676
33361,63913762
33362,21381147
33363,868174410
33364,121536887
33365,178470171
33366,944492085
33367,846700604
33368,936665068
33369,678301364
33370,832824326
33371,459405725
33372,92410757
33373,420284430
33374,636995818
33375,970906282
33376,109547994
33377,818687704
33378,335113900
33379,274805248
33380,697622942
33381,188829954
33382,985443490
33383,424171642
33384,582182902
33385,529481448
33386,575926969
33387,559658065
33388,536179224
33389,680599954
33390,604330184
33391,232302116
33392,283655557
33393,356803157
33394,906219519
33395,763162285
33396,599657754
33397,163262472
33398,134351565
33399,196498624
33400,571614981
33401,388522889
33402,806236285
33403,250256444
33404,960022637
33405,142418814
33406,947110862
33407,34770410
33408,914735412
33409,554880140
33410,139200494
33411,663980956
33412,498599975
33413,438563122
33414,499978972
33415,838985831
33416,346909883
33417,655992404
33418,765617190
33419,161306755
33420,347169852
33421,830121677
33422,422961157
33423,330936202
33424,502767735
33425,299781411
33426,181934502
33427,275276687
33428,284714887
33429,517893506
33430,996792685
33431,989797360
33432,436439093
33433,160236544
33434,10736487
33435,546292214
33436,587363203
33437,984456263
33438,61503312
33439,598870068
33440,399193843
33441,53903662
33442,445782567
33443,425683030
33444,481854627
33445,677913846
33446,170844
33447,252039018
33448,926648929
33449,22246269
33450,82141275
33451,966642209
33452,261443862
33453,529931116
33454,574027446
33455,487864790
33456,478965203
33457,932378870
33458,408404407
33459,897377969
33460,151777694
33461,999394812
33462,113475250
33463,812720087
33464,913419992
33465,417190774
33466,995166375
33467,449898576
33468,178043241
33469,698917834
33470,840728781
33471,271649300
33472,295520746
33473,198177716
33474,373987934
33475,465789273
33476,306505787
33477,69870448
33478,957637866
33479,835218794
33480,447882314
33481,147143049
33482,486164493
33483,320452509
33484,854430790
33485,425170887
33486,118830339
33487,318042887
33488,381196257
33489,555116175
33490,291464028
33491,550352471
33492,529197727
33493,122671470
33494,268506364
33495,753134669
33496,751680132
33497,497123765
33498,2567626
33499,877932094
33500,534370966
33501,533612144
33502,472056975
33503,684353088
33504,205574660
33505,873047642
33506,297710091
33507,561732011
33508,150228870
33509,177777464
33510,44744976
33511,52216956
33512,599715420
33513,667704936
33514,88495152
33515,516248409
33516,974399008
33517,763584157
33518,804260880
33519,773435865
33520,293831865
33521,169665978
33522,642124266
33523,196717165
33524,127760161
33525,122621991
33526,915632756
33527,822450107
33528,806278123
33529,583263501
33530,811986400
33531,800008961
33532,748860110
33533,2831071
33534,768694854
33535,963943350
33536,353281013
33537,585521829
33538,136712980
33539,176750006
33540,76939637
33541,311150612
33542,446507549
33543,345364819
33544,397426421
33545,355920503
33546,11134329
33547,118905175
33548,910118061
33549,490365252
33550,956260387
33551,890726073
33552,213383052
33553,774785987
33554,241228796
33555,533349242
33556,852217313
33557,67727175
33558,954038056
33559,38737036
33560,469502968
33561,936171316
33562,854728974
33563,685286994
33564,214873314
33565,525031447
33566,110411093
33567,966302213
33568,403786011
33569,822681402
33570,986089075
33571,525533021
33572,268199332
33573,249100341
33574,700700592
33575,8696466
33576,938915978
33577,737412252
33578,735711751
33579,512586923
33580,204223244
33581,402101681
33582,698226001
33583,224823988
33584,88841914
33585,360953683
33586,248321123
33587,249345624
33588,352720914
33589,979292785
33590,841888279
33591,140587020
33592,406437024
33593,720985558
33594,809014921
33595,752428644
33596,258882837
33597,645891334
33598,309494225
33599,931359559
33600,518170536
33601,389338190
33602,821125775
33603,727826514
33604,970776966
33605,798619250
33606,30801684
33607,195700340
33608,379221829
33609,756142265
33610,414913671
33611,100340350
33612,182192182
33613,376797624
33614,864457137
33615,702489397
33616,827200152
33617,430786532
33618,821877387
33619,173803316
33620,699184831
33621,708825556
33622,915830847
33623,729235142
33624,754426177
33625,87476872
33626,898692159
33627,82520108
33628,842290998
33629,429863465
33630,989203562
33631,21937685
33632,911526372
33633,294966520
33634,622097131
33635,210717942
33636,156879473
33637,609688141
33638,714599425
33639,639822161
33640,500900790
33641,225449279
33642,288290317
33643,618791000
33644,42835031
33645,760866258
33646,283556289
33647,226547099
33648,386318720
33649,538564992
33650,31033200
33651,479222430
33652,431178076
33653,451706252
33654,984594362
33655,909006206
33656,368249488
33657,282616101
33658,921918955
33659,682390223
33660,864344060
33661,329802565
33662,191211312
33663,477191736
33664,248198609
33665,166856739
33666,857465420
33667,587881858
33668,216827331
33669,456946171
33670,452766650
33671,264438470
33672,600008438
33673,267416384
33674,608171501
33675,72664656
33676,278119752
33677,153564951
33678,473624049
33679,926640163
33680,467832300
33681,906433568
33682,800805308
33683,690636191
33684,314697121
33685,120409669
33686,750307988
33687,579387767
33688,212251812
33689,357566400
33690,667606474
33691,742928755
33692,996471783
33693,189388404
33694,444306861
33695,866830719
33696,422659298
33697,344088405
33698,119739824
33699,724325943
33700,818082369
33701,162463058
33702,451271964
33703,662243613
33704,580630117
33705,885213666
33706,57519968
33707,305395095
33708,889457951
33709,936052453
33710,296024151
33711,188984752
33712,112695752
33713,737783695
33714,221696438
33715,15659545
33716,110312661
33717,537277778
33718,525062782
33719,246339126
33720,377342506
33721,703190267
33722,30715681
33723,162856717
33724,247942700
33725,747653523
33726,155768251
33727,109020790
33728,551259265
33729,57947612
33730,166312814
33731,904238029
33732,9021547
33733,673233149
33734,342223936
33735,179823032
33736,437746844
33737,778003988
33738,988267811
33739,72725569
33740,794678881
33741,861583619
33742,215716010
33743,776114395
33744,310217270
33745,47814848
33746,171052881
33747,836530559
33748,621718168
33749,416923844
33750,72391694
33751,454990143
33752,320309850
33753,232490400
33754,225959089
33755,39747690
33756,617645483
33757,293478852
33758,507443824
33759,210568901
33760,227477656
33761,780871222
33762,620970931
33763,37337965
33764,392045585
33765,320147090
33766,212072279
33767,796116183
33768,287641819
33769,760493238
33770,280288827
33771,470009182
33772,807939469
33773,577101709
33774,89426827
33775,377482541
33776,557586959
33777,163549129
33778,160888486
33779,242375546
33780,175149091
33781,914193233
33782,865579746
33783,684329144
33784,552020771
33785,172493525
33786,855733102
33787,72708353
33788,450243052
33789,931264287
33790,857365519
33791,414628228
33792,983323342
33793,261821551
33794,292020558
33795,917382417
33796,591887354
33797,963678961
33798,264378111
33799,401275652
33800,496102117
33801,445369710
33802,427095808
33803,136714904
33804,632031581
33805,762269815
33806,932423644
33807,250610286
33808,33096832
33809,490624607
33810,58706943
33811,517380602
33812,704071440
33813,692347142
33814,543228260
33815,383692946
33816,229888167
33817,78276585
33818,750598397
33819,559391592
33820,680413205
33821,111410247
33822,794578201
33823,261895638
33824,240216172
33825,175829992
33826,642981610
33827,748061585
33828,495749471
33829,529542473
33830,83636887
33831,761542890
33832,720842470
33833,41594256
33834,859452518
33835,190361487
33836,559969494
33837,284762354
33838,655554136
33839,460984935
33840,136373615
33841,340127305
33842,357303655
33843,538022009
33844,31452318
33845,752676910
33846,589081798
33847,922266085
33848,248458757
33849,483310657
33850,451035456
33851,442452243
33852,232857788
33853,869899352
33854,490244637
33855,184411488
33856,320353727
33857,807789741
33858,166430573
33859,519931986
33860,21366500
33861,434439831
33862,587722567
33863,305173637
33864,292049071
33865,489986846
33866,809220369
33867,504765841
33868,360438170
33869,754185013
33870,502046072
33871,632197369
33872,393723961
33873,827939385
33874,779630157
33875,704653266
33876,136758976
33877,809237759
33878,791603871
33879,216677135
33880,564680455
33881,579970642
33882,27672442
33883,221630999
33884,417678649
33885,783170069
33886,579610691
33887,135291970
33888,538937553
33889,257802995
33890,543526282
33891,759958788
33892,403647070
33893,654320868
33894,357729582
33895,254686108
33896,126218495
33897,775085388
33898,589006626
33899,419081180
33900,402420991
33901,965471251
33902,859982020
33903,12812842
33904,941137605
33905,17789842
33906,183410142
33907,48342182
33908,738040438
33909,140373029
33910,648477162
33911,761654373
33912,767059186
33913,282249636
33914,297297009
33915,9707867
33916,873289092
33917,406962336
33918,190959487
33919,241914846
33920,806480858
33921,745640705
33922,805967764
33923,172520707
33924,747733414
33925,7601499
33926,823006904
33927,255648619
33928,653894357
33929,880505827
33930,905821385
33931,747339466
33932,883700042
33933,702679617
33934,211318032
33935,671599909
33936,484682290
33937,714623105
33938,838547229
33939,695944080
33940,502121466
33941,760981377
33942,584392769
33943,508056276
33944,219888870
33945,217408440
33946,424486577
33947,522059482
33948,255812206
33949,892252558
33950,983854030
33951,979322912
33952,752409945
33953,881320529
33954,702096972
33955,184439974
33956,191934170
33957,781794729
33958,235016567
33959,512224595
33960,780579990
33961,534158977
33962,441869805
33963,800114203
33964,89508559
33965,528180760
33966,171504450
33967,426698922
33968,937419287
33969,117181021
33970,847141913
33971,873836033
33972,778151608
33973,812779321
33974,984146709
33975,119587351
33976,384575699
33977,451779351
33978,210871224
33979,736645975
33980,291738793
33981,853310409
33982,728989922
33983,143932431
33984,379524639
33985,800431547
33986,327648013
33987,445154394
33988,597196227
33989,123013512
33990,808914660
33991,444134525
33992,119391027
33993,179570155
33994,577207197
33995,345741870
33996,925853660
33997,591738144
33998,983341222
33999,516511611
34000,621588786
34001,147412800
34002,98638466
34003,300733365
34004,969653623
34005,361605493
34006,333483426
34007,755472987
34008,162013576
34009,510235382
34010,225276537
34011,353432733
34012,463152383
34013,438395644
34014,889360025
34015,26962602
34016,776397792
34017,152426555
34018,881431932
34019,451725763
34020,209969979
34021,663605625
34022,311697527
34023,499679308
34024,817527897
34025,549300338
34026,605593415
34027,53297757
34028,119666613
34029,118272358
34030,861548212
34031,651312039
34032,881232999
34033,122111412
34034,858455189
34035,839098255
34036,917632355
34037,19226452
34038,334860425
34039,739706536
34040,299172010
34041,306770753
34042,228245573
34043,669955588
34044,725859367
34045,234168164
34046,633651757
34047,749294913
34048,23273778
34049,681603712
34050,456781196
34051,199495361
34052,398201292
34053,891691619
34054,196800054
34055,972842850
34056,802534096
34057,331873128
34058,154143062
34059,724577955
34060,554026520
34061,614330608
34062,673863910
34063,682074772
34064,505198110
34065,888675316
34066,737029305
34067,75281330
34068,540769299
34069,143458297
34070,74182368
34071,689448030
34072,478613400
34073,704288491
34074,170356326
34075,2975720
34076,764218716
34077,886433705
34078,922188302
34079,667927069
34080,743946158
34081,119235399
34082,92481087
34083,527717952
34084,452179163
34085,756290604
34086,856738604
34087,282296057
34088,512584166
34089,813573966
34090,235022833
34091,380228438
34092,602734743
34093,798392678
34094,214498214
34095,395833332
34096,312270045
34097,382035044
34098,804121554
34099,787877619
34100,269588028
34101,226883418
34102,418516960
34103,12094970
34104,709296130
34105,220840245
34106,910440796
34107,338089237
34108,432406843
34109,570036808
34110,851546811
34111,896741823
34112,323934367
34113,966178580
34114,308979433
34115,565790507
34116,136801453
34117,285545795
34118,550152733
34119,404601344
34120,904478835
34121,723301237
34122,898432462
34123,399699805
34124,279554569
34125,301723146
34126,165923089
34127,785842083
34128,457956926
34129,296998573
34130,769451770
34131,795307426
34132,430671874
34133,591559103
34134,339083123
34135,210652425
34136,778024457
34137,537496070
34138,390534541
34139,333759260
34140,135183312
34141,770733733
34142,245114972
34143,976241784
34144,988779376
34145,860690524
34146,619632254
34147,116256474
34148,533177563
34149,405537854
34150,795998532
34151,676632885
34152,186106019
34153,302091440
34154,38697170
34155,916239117
34156,854187635
34157,726693215
34158,746483395
34159,859831530
34160,264961554
34161,883172573
34162,737473684
34163,223865159
34164,304866714
34165,49936406
34166,419261723
34167,951229789
34168,219581235
34169,963308175
34170,886609696
34171,782714260
34172,493596947
34173,847717642
34174,622799515
34175,494300328
34176,930941036
34177,865993628
34178,956311534
34179,954158635
34180,522995078
34181,198439211
34182,598480519
34183,39091744
34184,711762962
34185,415157243
34186,233118121
34187,608993003
34188,884826065
34189,508304113
34190,569116117
34191,865505734
34192,266694821
34193,218062787
34194,923467356
34195,6618596
34196,925601281
34197,327998219
34198,493110616
34199,538188611
34200,965349790
34201,447701721
34202,39461484
34203,534186225
34204,963137894
34205,201836690
34206,574915187
34207,926174674
34208,95896425
34209,544209759
34210,648411007
34211,390997190
34212,999511419
34213,831043078
34214,335408993
34215,829712507
34216,287008082
34217,481647050
34218,850609508
34219,118229627
34220,265202169
34221,203186600
34222,490223450
34223,87963174
34224,899981498
34225,11611354
34226,662524560
34227,260361289
34228,706246402
34229,668636181
34230,543665852
34231,774184591
34232,121038207
34233,772074680
34234,90125597
34235,890496222
34236,122117499
34237,110667356
34238,240686522
34239,720957285
34240,325791320
34241,872647870
34242,324976522
34243,997375935
34244,808194513
34245,44153159
34246,898805420
34247,577030996
34248,870322239
34249,389467546
34250,414620460
34251,964623144
34252,582440513
34253,100059450
34254,935890336
34255,492739801
34256,700513152
34257,265117763
34258,16737720
34259,396422292
34260,470741936
34261,106280804
34262,423189795
34263,912630410
34264,497059509
34265,649428471
34266,424800266
34267,414644911
34268,615347233
34269,596254992
34270,899888242
34271,423290740
34272,443529666
34273,35272309
34274,827162219
34275,31417405
34276,914574606
34277,918204837
34278,576638107
34279,865285512
34280,129129615
34281,544143673
34282,970932306
34283,129698625
34284,640188935
34285,575544323
34286,507424119
34287,448813080
34288,484926806
34289,813212197
34290,421435356
34291,13542959
34292,141800418
34293,574751994
34294,988439368
34295,69297513
34296,108378425
34297,104856234
34298,463019684
34299,147009404
34300,534149111
34301,80715904
34302,924833295
34303,392018739
34304,166635877
34305,721500242
34306,39016017
34307,354704085
34308,912138542
34309,474780048
34310,225428673
34311,87556601
34312,67958499
34313,667056232
34314,726505699
34315,33816119
34316,49648679
34317,700806262
34318,138669535
34319,653039132
34320,538520684
34321,971332843
34322,92160897
34323,40830014
34324,883613834
34325,504967089
34326,587709755
34327,70747784
34328,626678713
34329,952431756
34330,986606010
34331,183335277
34332,450951996
34333,167531742
34334,838632112
34335,763104724
34336,743121197
34337,180880341
34338,529689599
34339,602010321
34340,731608050
34341,190987887
34342,862419233
34343,429687514
34344,357452272
34345,383067646
34346,765844461
34347,504325882
34348,613601374
34349,302533432
34350,89269708
34351,598636172
34352,792087838
34353,673150061
34354,821901656
34355,528977192
34356,659758170
34357,629821347
34358,450201462
34359,17922341
34360,755748070
34361,516101890
34362,114636545
34363,175237384
34364,545764777
34365,709441748
34366,651017942
34367,670466509
34368,787489078
34369,707431943
34370,742026645
34371,950719321
34372,689218972
34373,850759496
34374,903449634
34375,778242055
34376,292746477
34377,821374376
34378,857278032
34379,753043016
34380,99715007
34381,62450034
34382,989105256
34383,557260236
34384,79707124
34385,679785707
34386,82437172
34387,575910274
34388,24028969
34389,706490008
34390,793912425
34391,3062290
34392,882572499
34393,692099577
34394,228275501
34395,694466782
34396,474809349
34397,698601974
34398,717957033
34399,530151431
34400,311229426
34401,750699469
34402,592196894
34403,800616045
34404,433830394
34405,435730460
34406,10295495
34407,383028673
34408,260552419
34409,668637071
34410,705850208
34411,592417720
34412,719309506
34413,796567910
34414,449704730
34415,252034251
34416,621438839
34417,351098401
34418,199665017
34419,845793135
34420,15307272
34421,566594914
34422,244150547
34423,793868439
34424,763430670
34425,241151273
34426,816734813
34427,347727287
34428,363810105
34429,598032794
34430,978273980
34431,204272839
34432,834214406
34433,685424634
34434,352523831
34435,745673675
34436,446304459
34437,715809824
34438,75037227
34439,371158081
34440,44780795
34441,286967760
34442,393785807
34443,101629335
34444,852017800
34445,597486540
34446,205521285
34447,499803624
34448,71912437
34449,17188279
34450,971505414
34451,807390067
34452,912322058
34453,352668316
34454,505997207
34455,934983749
34456,120442007
34457,555328778
34458,60859021
34459,386204177
34460,818727440
34461,962130009
34462,370025341
34463,410946453
34464,858741108
34465,67188293
34466,427298461
34467,663863005
34468,326726653
34469,616251778
34470,695126891
34471,767478333
34472,395629188
34473,894409475
34474,99833662
34475,120507748
34476,110465541
34477,329235448
34478,583163898
34479,149412878
34480,63746185
34481,859704259
34482,709259527
34483,192085145
34484,827127053
34485,631354244
34486,10592849
34487,47896753
34488,66866573
34489,782307219
34490,893470365
34491,168445568
34492,517221376
34493,484453086
34494,290648707
34495,792639623
34496,317722216
34497,985749707
34498,485740076
34499,594784294
34500,471547386
34501,733060748
34502,931100247
34503,136193201
34504,721119713
34505,940704353
34506,710948279
34507,421706021
34508,751741740
34509,232717247
34510,242895537
34511,765301951
34512,452922666
34513,536279900
34514,278315125
34515,882760612
34516,965803915
34517,984048519
34518,45950879
34519,874882094
34520,312462224
34521,267667786
34522,488428622
34523,2247442
34524,155665909
34525,46383432
34526,298278472
34527,854473647
34528,799070907
34529,728817886
34530,423735630
34531,73619742
34532,659638328
34533,268766111
34534,909512615
34535,752255184
34536,304378929
34537,814700759
34538,842132224
34539,337679887
34540,155972415
34541,430308880
34542,185672204
34543,777620465
34544,936927167
34545,1889050
34546,224637624
34547,977776285
34548,562506083
34549,701208215
34550,271507312
34551,777528218
34552,760777375
34553,369628947
34554,459155062
34555,950834800
34556,216750567
34557,129561570
34558,913777692
34559,238039710
34560,493238473
34561,55563952
34562,388567866
34563,223689722
34564,971002731
34565,189952220
34566,170070434
34567,185301894
34568,346464700
34569,90758340
34570,354178750
34571,135721646
34572,412143003
34573,697605014
34574,481746877
34575,497259187
34576,807438648
34577,751879034
34578,566543399
34579,890569583
34580,785587788
34581,52594439
34582,94741500
34583,796954937
34584,210556184
34585,747572728
34586,367779664
34587,349919407
34588,124846451
34589,913928584
34590,41705444
34591,117002063
34592,577159283
34593,39637727
34594,728173318
34595,700121214
34596,169149277
34597,360714641
34598,553771314
34599,51237226
34600,498180943
34601,677426471
34602,984405017
34603,164430805
34604,220603133
34605,158022740
34606,464129914
34607,552057185
34608,685034000
34609,758759575
34610,502642361
34611,14028723
34612,114664750
34613,293358845
34614,616155908
34615,448747136
34616,917135107
34617,184810325
34618,447960078
34619,538507403
34620,620750752
34621,84162052
34622,917042312
34623,226235443
34624,644704100
34625,210559579
34626,690474503
34627,65565574
34628,974414348
34629,934721247
34630,874248747
34631,691476340
34632,1964172
34633,693995313
34634,999703595
34635,990794461
34636,209022830
34637,583986574
34638,606840947
34639,576237176
34640,676850891
34641,614250807
34642,754217335
34643,955800757
34644,308901739
34645,307905975
34646,177859389
34647,976774995
34648,46535689
34649,948741599
34650,103072776
34651,534957
34652,744693525
34653,365988723
34654,707322029
34655,192007020
34656,941402692
34657,949731715
34658,93542059
34659,802064285
34660,77202305
34661,430801369
34662,705951099
34663,690318539
34664,670286339
34665,538443953
34666,803273050
34667,911643797
34668,975570443
34669,93615076
34670,899178493
34671,744606002
34672,870787816
34673,202250452
34674,298792327
34675,538112830
34676,994740373
34677,680172582
34678,964499332
34679,350400176
34680,974280364
34681,976608893
34682,203379266
34683,89389672
34684,306966311
34685,645320681
34686,459162113
34687,573931709
34688,21237996
34689,642706884
34690,631665239
34691,992685769
34692,823132715
34693,72768223
34694,80378843
34695,482182697
34696,674207255
34697,917617816
34698,887005523
34699,102125718
34700,106771349
34701,324455399
34702,509814485
34703,609423841
34704,827808946
34705,467334964
34706,804968116
34707,271924321
34708,595530229
34709,547767768
34710,486895010
34711,23752975
34712,422192636
34713,314594055
34714,701263388
34715,581846980
34716,610454354
34717,496426574
34718,235428955
34719,498023417
34720,497827334
34721,359565300
34722,546013439
34723,918658306
34724,448114480
34725,901285382
34726,792079400
34727,176045595
34728,695733067
34729,296923108
34730,824372179
34731,269105732
34732,133134506
34733,926582808
34734,647258344
34735,337868438
34736,265687705
34737,797705333
34738,408320550
34739,119543558
34740,176748874
34741,951496282
34742,695690753
34743,411843203
34744,517787189
34745,774929978
34746,682972391
34747,338503930
34748,510240241
34749,738106113
34750,468584074
34751,616609609
34752,914532556
34753,97364781
34754,30407019
34755,968194915
34756,851232273
34757,546428388
34758,449748089
34759,285148911
34760,788661536
34761,882433855
34762,925591002
34763,469054524
34764,655584035
34765,817245342
34766,30448121
34767,590595493
34768,277087325
34769,863073810
34770,498262411
34771,533252604
34772,212766427
34773,422899256
34774,721826345
34775,311768423
34776,155870657
34777,787435779
34778,684749860
34779,127141547
34780,867836819
34781,353003374
34782,532890704
34783,627459747
34784,898526122
34785,373375154
34786,167348881
34787,266853373
34788,370739674
34789,152800702
34790,703994867
34791,940347860
34792,59695098
34793,237959253
34794,57011084
34795,437289090
34796,683802052
34797,401425825
34798,849185935
34799,473888899
34800,72894874
34801,78622548
34802,861225360
34803,151886353
34804,358571723
34805,344535467
34806,670828046
34807,474464991
34808,337525512
34809,714426152
34810,428143476
34811,785200041
34812,316087003
34813,758113068
34814,872449169
34815,729696597
34816,194447446
34817,813155017
34818,223568621
34819,790843815
34820,701480930
34821,6287477
34822,354979505
34823,411789579
34824,661197667
34825,754210490
34826,298689317
34827,38762707
34828,574028772
34829,950380531
34830,456406630
34831,995885857
34832,286334253
34833,283555430
34834,932693369
34835,502145886
34836,584842825
34837,273070324
34838,9401243
34839,59211246
34840,592066192
34841,852628274
34842,740897128
34843,307681030
34844,779132630
34845,797247018
34846,560843293
34847,719286372
34848,645957737
34849,861267117
34850,893675978
34851,269868582
34852,404820102
34853,98681578
34854,824496765
34855,689872241
34856,643330003
34857,440286352
34858,237881448
34859,749605623
34860,968941054
34861,603516051
34862,201639987
34863,996683165
34864,394817996
34865,864843051
34866,595537139
34867,234620429
34868,811321945
34869,758530689
34870,636571561
34871,382237207
34872,699874964
34873,112385547
34874,679176824
34875,863184774
34876,845988074
34877,333615513
34878,690521125
34879,106599350
34880,229658813
34881,878241961
34882,223202948
34883,819911429
34884,452465347
34885,997744338
34886,322227648
34887,194711290
34888,514724438
34889,783620025
34890,681115095
34891,316265547
34892,794516239
34893,895695636
34894,29963245
34895,906340724
34896,484683585
34897,362890273
34898,368666624
34899,434247775
34900,376611191
34901,312031459
34902,280736458
34903,325642372
34904,962942343
34905,917718731
34906,686608258
34907,487869985
34908,548121108
34909,713574346
34910,298302216
34911,787663753
34912,113531640
34913,835252123
34914,798649830
34915,68310963
34916,551513028
34917,179735818
34918,893288368
34919,747969699
34920,307100109
34921,303141385
34922,205744280
34923,535770251
34924,356138085
34925,806214105
34926,588134262
34927,889296856
34928,181720515
34929,737884098
34930,875046281
34931,656634831
34932,578326844
34933,648558595
34934,122586886
34935,772491453
34936,946357598
34937,853800311
34938,768592275
34939,420647266
34940,329981648
34941,982733514
34942,623026896
34943,705413275
34944,461938077
34945,115321003
34946,612184483
34947,85623204
34948,832271081
34949,952105156
34950,306600525
34951,458123238
34952,379598692
34953,748825658
34954,973530932
34955,443657288
34956,576655439
34957,636584299
34958,443613212
34959,366311227
34960,634145511
34961,370149128
34962,536179966
34963,258584832
34964,878572216
34965,212521195
34966,119602130
34967,985131990
34968,47235707
34969,545882676
34970,662387012
34971,98748670
34972,841649385
34973,40632545
34974,875902250
34975,566868203
34976,901482074
34977,566721803
34978,814972128
34979,682520519
34980,473103832
34981,775843779
34982,403301948
34983,40191208
34984,43840594
34985,640417944
34986,60636806
34987,730348880
34988,746412694
34989,490478400
34990,53687753
34991,241987126
34992,445063002
34993,83900496
34994,28325004
34995,149359248
34996,666378369
34997,642478298
34998,209583041
34999,208156683
35000,865533027
35001,503830493
35002,529409879
35003,957693285
35004,862692324
35005,292288282
35006,753159069
35007,247572759
35008,495615914
35009,370145146
35010,217173455
35011,330698681
35012,767098649
35013,581575036
35014,153635089
35015,814842656
35016,959879339
35017,627478066
35018,190452707
35019,394930827
35020,47273676
35021,575208889
35022,200160084
35023,217922040
35024,304747705
35025,741479005
35026,627473981
35027,917097240
35028,227502466
35029,815944186
35030,814161796
35031,807088280
35032,117510733
35033,493124311
35034,184894278
35035,868648843
35036,782632778
35037,150846204
35038,458196959
35039,698138787
35040,416730488
35041,676531404
35042,37712925
35043,452453777
35044,582870460
35045,277298077
35046,682986255
35047,381117835
35048,285115824
35049,349843755
35050,488348592
35051,126524488
35052,931518121
35053,790943694
35054,935119037
35055,309001405
35056,489104787
35057,482767908
35058,800649371
35059,295285440
35060,127016752
35061,284713476
35062,192527812
35063,503072759
35064,881080381
35065,28900796
35066,881840462
35067,90209005
35068,597982397
35069,234903390
35070,151832522
35071,984979238
35072,963363469
35073,412897927
35074,643304960
35075,477586897
35076,776285848
35077,828515840
35078,578708940
35079,851541522
35080,251433993
35081,3024289
35082,489386015
35083,805666389
35084,878824488
35085,133468159
35086,409926553
35087,481658100
35088,23480361
35089,654002719
35090,792576078
35091,555749686
35092,970955638
35093,798162238
35094,648713776
35095,379405158
35096,89592433
35097,320073401
35098,990283996
35099,787026385
35100,969356250
35101,851238098
35102,754690079
35103,725690739
35104,471105762
35105,874320243
35106,138845114
35107,283489122
35108,403633371
35109,357100806
35110,724830593
35111,634419719
35112,468955706
35113,965841861
35114,801670785
35115,968290932
35116,329056856
35117,268011029
35118,448551325
35119,489165486
35120,342372544
35121,910235007
35122,596330238
35123,163423523
35124,236482802
35125,507477955
35126,677009826
35127,79976716
35128,938075237
35129,492971554
35130,346805686
35131,710334027
35132,913723621
35133,674909491
35134,110787857
35135,429733820
35136,912499629
35137,139028631
35138,767234046
35139,371735595
35140,73192122
35141,967573139
35142,970386781
35143,194379011
35144,23363380
35145,397827714
35146,328184896
35147,979280097
35148,493490854
35149,456636555
35150,867514907
35151,754941026
35152,525460229
35153,997465643
35154,243930808
35155,144262126
35156,532995015
35157,262409887
35158,508569696
35159,188703557
35160,582505784
35161,626924356
35162,306506676
35163,996827657
35164,539295109
35165,966366985
35166,478208241
35167,233595356
35168,352132635
35169,301291426
35170,244716500
35171,169343496
35172,71020007
35173,648179703
35174,623737582
35175,412022249
35176,779856812
35177,960784973
35178,531539695
35179,875682826
35180,361504505
35181,977514981
35182,189003796
35183,177808262
35184,390958962
35185,84009587
35186,373024073
35187,462790823
35188,903439004
35189,970441379
35190,834340713
35191,448746438
35192,227282535
35193,600871332
35194,501228924
35195,138628092
35196,357628301
35197,948867711
35198,101792521
35199,582176678
35200,529679826
35201,470561934
35202,855449985
35203,195187251
35204,904237661
35205,670805892
35206,405282431
35207,569381770
35208,664947525
35209,426544411
35210,500863710
35211,102632236
35212,16678071
35213,648443152
35214,346976534
35215,365611042
35216,577521391
35217,133809410
35218,926100684
35219,684312825
35220,451134568
35221,275222688
35222,829784876
35223,732225858
35224,9694020
35225,347069913
35226,998920002
35227,894893592
35228,220344275
35229,115520594
35230,184331627
35231,204175984
35232,533246287
35233,273217597
35234,944282294
35235,969332573
35236,674655587
35237,638925015
35238,545041257
35239,449318809
35240,55981712
35241,404420082
35242,732275045
35243,800759593
35244,693312084
35245,328046141
35246,148396698
35247,360576687
35248,881719964
35249,390176999
35250,94033753
35251,642885711
35252,198805751
35253,896889562
35254,346588250
35255,992967316
35256,645488431
35257,890359786
35258,894334883
35259,959841682
35260,858449232
35261,947191591
35262,608675463
35263,826219898
35264,901345469
35265,826466774
35266,18340629
35267,677601346
35268,921377236
35269,371496333
35270,223836563
35271,111252316
35272,655039292
35273,109259867
35274,230163628
35275,292312507
35276,368788883
35277,748370757
35278,688774348
35279,51521968
35280,924223087
35281,731846930
35282,771557388
35283,758132087
35284,303714287
35285,961081472
35286,708638082
35287,393845150
35288,266541865
35289,809639215
35290,539023609
35291,596471780
35292,488567038
35293,290624228
35294,418123300
35295,59519709
35296,468548139
35297,720141482
35298,171808672
35299,191034868
35300,547585531
35301,298788542
35302,817119075
35303,443764139
35304,677741732
35305,38893273
35306,55423329
35307,303703609
35308,470699017
35309,870396189
35310,614750160
35311,547789881
35312,392756740
35313,81421034
35314,407022667
35315,143225646
35316,872278417
35317,142625918
35318,814225086
35319,276865997
35320,770583794
35321,696021069
35322,238466444
35323,291993102
35324,802151951
35325,793816911
35326,421763079
35327,260594221
35328,87611134
35329,844788874
35330,962889873
35331,589335170
35332,40775788
35333,979116783
35334,362803884
35335,36921601
35336,187183378
35337,687745026
35338,424839559
35339,94346703
35340,212783854
35341,718652064
35342,735633609
35343,846732646
35344,135477958
35345,820119872
35346,547764721
35347,925753440
35348,474397419
35349,381371387
35350,175152625
35351,277767574
35352,337071603
35353,667177688
35354,496942984
35355,249185257
35356,3654947
35357,425147189
35358,284047223
35359,575744454
35360,575742741
35361,441730304
35362,675239651
35363,700535691
35364,982681040
35365,488532456
35366,261464834
35367,10464558
35368,917308493
35369,825891128
35370,98640801
35371,64081397
35372,999680951
35373,475213982
35374,992615610
35375,909406896
35376,578427339
35377,507022333
35378,448508306
35379,534263869
35380,564793330
35381,308380736
35382,727324890
35383,338233363
35384,721379318
35385,179622630
35386,706293015
35387,731119919
35388,64726867
35389,556939617
35390,162809804
35391,892329853
35392,327463870
35393,403626708
35394,357244956
35395,204465690
35396,82574032
35397,973771718
35398,782664818
35399,813189043
35400,748371051
35401,783788276
35402,749616029
35403,496140851
35404,300164135
35405,274265171
35406,836968874
35407,435639977
35408,919939553
35409,628085152
35410,398203623
35411,739172517
35412,53312897
35413,238812784
35414,937207318
35415,447530831
35416,55518701
35417,327573331
35418,408396014
35419,384203376
35420,86575899
35421,576013333
35422,325723522
35423,664261489
35424,777653139
35425,211244636
35426,666445584
35427,570066340
35428,324295414
35429,128534688
35430,924434992
35431,924262718
35432,325194025
35433,685144881
35434,82953414
35435,328396891
35436,347825997
35437,658987169
35438,480079272
35439,656281632
35440,611968120
35441,345808977
35442,609308854
35443,828730761
35444,770041192
35445,365363454
35446,922908468
35447,141986591
35448,513867103
35449,965336399
35450,7129171
35451,568497652
35452,291628727
35453,921032485
35454,847387573
35455,412285392
35456,650729644
35457,916891670
35458,259878255
35459,304938747
35460,978708145
35461,272073695
35462,596171094
35463,52672574
35464,715128064
35465,945902058
35466,167773460
35467,814837127
35468,232110517
35469,271951630
35470,188276900
35471,699311793
35472,897761332
35473,153176197
35474,590296191
35475,544821136
35476,34398971
35477,630649719
35478,989928199
35479,152445985
35480,717999587
35481,743017109
35482,322301853
35483,198716304
35484,801779332
35485,837888526
35486,583235715
35487,232210591
35488,305980796
35489,434761235
35490,528035070
35491,509961339
35492,567918688
35493,250040397
35494,221009079
35495,661146543
35496,384164520
35497,473633868
35498,284193390
35499,682564937
35500,218881473
35501,382546995
35502,151502888
35503,667613489
35504,462327504
35505,366414549
35506,858766261
35507,9994708
35508,468590716
35509,137138202
35510,998082925
35511,875523437
35512,847953964
35513,244212303
35514,211502580
35515,985284596
35516,994919529
35517,776121163
35518,127032822
35519,844778561
35520,643948618
35521,53106982
35522,851766914
35523,835414721
35524,2090389
35525,715906300
35526,925500622
35527,248637428
35528,633554867
35529,943545893
35530,659732448
35531,450562435
35532,48522137
35533,511152020
35534,263356826
35535,12675768
35536,70582993
35537,433171823
35538,103275140
35539,227274449
35540,492954863
35541,203603019
35542,983475334
35543,818513911
35544,100826458
35545,423976715
35546,692864860
35547,959928835
35548,684957047
35549,206146089
35550,873237181
35551,936943666
35552,781991728
35553,877801873
35554,489539669
35555,515502831
35556,991337968
35557,145895162
35558,609519452
35559,426066265
35560,958827973
35561,954786155
35562,780476777
35563,183532281
35564,974638729
35565,541523947
35566,117374562
35567,439060716
35568,40539847
35569,751590625
35570,606087615
35571,656697781
35572,29698907
35573,814861845
35574,260515951
35575,217328761
35576,975859508
35577,967422620
35578,934935902
35579,800093685
35580,300298959
35581,480025119
35582,239122073
35583,787565128
35584,424115369
35585,988665832
35586,19572620
35587,230672631
35588,665968417
35589,169069241
35590,6817073
35591,926090899
35592,637756451
35593,802043184
35594,40918373
35595,107096564
35596,411827567
35597,125773874
35598,804054703
35599,126150185
35600,991600891
35601,292049988
35602,34798958
35603,65013560
35604,616470811
35605,267152653
35606,443865285
35607,563743996
35608,326220665
35609,185194765
35610,438762284
35611,869418648
35612,573052827
35613,916621781
35614,145269849
35615,829309270
35616,480654639
35617,452236011
35618,615862344
35619,171817830
35620,153385325
35621,497858521
35622,349682160
35623,124563101
35624,166008837
35625,826615604
35626,205441439
35627,847554708
35628,782750811
35629,874130871
35630,674274413
35631,113797722
35632,634238214
35633,714327148
35634,476221590
35635,529099551
35636,74331389
35637,195494017
35638,727040457
35639,944253836
35640,907469397
35641,163471828
35642,731375792
35643,778281926
35644,320200740
35645,726786772
35646,706704103
35647,171699083
35648,259595359
35649,605650565
35650,210706910
35651,13441632
35652,519107012
35653,728554691
35654,208255056
35655,774013055
35656,309942430
35657,597061884
35658,117401827
35659,467331624
35660,425659658
35661,794506214
35662,747444618
35663,385528877
35664,754178010
35665,776243201
35666,879839427
35667,924875555
35668,347508049
35669,823290197
35670,756356340
35671,958176524
35672,917128512
35673,81305664
35674,428619558
35675,874282047
35676,798426562
35677,314830326
35678,968685464
35679,298306900
35680,108105558
35681,696213488
35682,379994591
35683,114336158
35684,83999008
35685,152008544
35686,154218235
35687,161835544
35688,417096714
35689,212123461
35690,216545621
35691,241948438
35692,311881819
35693,499133701
35694,612488259
35695,122569105
35696,742220736
35697,211845255
35698,433115531
35699,294088840
35700,458693322
35701,386064259
35702,48722180
35703,478737301
35704,611480730
35705,207906934
35706,424171925
35707,514587108
35708,772576139
35709,192152125
35710,358527281
35711,842183438
35712,740878960
35713,114454743
35714,249592286
35715,47811084
35716,148096173
35717,239055119
35718,290532280
35719,284827911
35720,335393221
35721,130334684
35722,138291675
35723,140414373
35724,573886046
35725,139048050
35726,413851277
35727,11982787
35728,233257078
35729,825720273
35730,328737745
35731,404691849
35732,450097859
35733,511831580
35734,982926600
35735,328720206
35736,110381947
35737,537346227
35738,171861595
35739,833316215
35740,168522970
35741,999434365
35742,59979587
35743,18926678
35744,718059272
35745,415349301
35746,305889819
35747,363083974
35748,384671448
35749,665687596
35750,789386416
35751,216584802
35752,480630289
35753,151901830
35754,386422056
35755,573467598
35756,785719632
35757,346196949
35758,655661264
35759,606440857
35760,376180359
35761,820502931
35762,956081789
35763,354639634
35764,499155938
35765,604717954
35766,368943842
35767,388225340
35768,729013882
35769,361937780
35770,976100082
35771,686431903
35772,559994502
35773,144176820
35774,951176316
35775,464538900
35776,542049495
35777,603562002
35778,954836104
35779,13585092
35780,851487964
35781,944316970
35782,423933194
35783,903922551
35784,444934063
35785,926617607
35786,184807164
35787,753599985
35788,155172815
35789,510774136
35790,594437391
35791,404889556
35792,412783782
35793,206298430
35794,83481680
35795,765115319
35796,102588600
35797,640746260
35798,820297741
35799,832724401
35800,506380860
35801,704472656
35802,620004834
35803,391950834
35804,93370791
35805,256821203
35806,896741263
35807,146536636
35808,40147192
35809,493904260
35810,486194376
35811,975089652
35812,169350889
35813,769789006
35814,103982918
35815,146532518
35816,116525944
35817,585828499
35818,803298539
35819,139245263
35820,803076146
35821,120147646
35822,342881542
35823,957530949
35824,89719616
35825,484112099
35826,51316613
35827,156700044
35828,26094233
35829,472012669
35830,419787546
35831,777294112
35832,318366431
35833,991387911
35834,204647922
35835,345584326
35836,225575367
35837,423239346
35838,588613851
35839,755296145
35840,55337160
35841,689061387
35842,481152464
35843,632051106
35844,693998952
35845,200908337
35846,833734641
35847,195896625
35848,151219999
35849,996999135
35850,271244754
35851,821563638
35852,556526299
35853,578671801
35854,299560855
35855,77496035
35856,674215337
35857,726398941
35858,794491841
35859,189122705
35860,437580642
35861,119307397
35862,724116753
35863,280657660
35864,757801974
35865,452128321
35866,125047878
35867,464282910
35868,75721288
35869,115944339
35870,75320609
35871,332457964
35872,844946897
35873,521705350
35874,926845739
35875,917038255
35876,437140961
35877,440263668
35878,227845258
35879,532546224
35880,393297242
35881,41250134
35882,630915185
35883,261145130
35884,518174747
35885,974211245
35886,566197246
35887,394606548
35888,299270085
35889,735952879
35890,343612008
35891,517551404
35892,763789627
35893,27134787
35894,489747076
35895,477211891
35896,324056303
35897,510676589
35898,295204316
35899,550327678
35900,201565834
35901,473414159
35902,522638015
35903,741447693
35904,821198746
35905,330582754
35906,751595781
35907,255823389
35908,975773226
35909,709843704
35910,618243040
35911,689706782
35912,539852679
35913,530086396
35914,824951013
35915,897735626
35916,17565943
35917,786992045
35918,285910373
35919,817814058
35920,695380469
35921,405689388
35922,484126052
35923,890598379
35924,585887140
35925,905013697
35926,782362386
35927,86596520
35928,92957973
35929,787912084
35930,554128416
35931,346372976
35932,579623004
35933,68934441
35934,40550829
35935,92965180
35936,915683990
35937,552849950
35938,934930611
35939,155562488
35940,73383179
35941,202123647
35942,816597172
35943,502741372
35944,576393345
35945,360929839
35946,490788416
35947,31194767
35948,749990701
35949,126359638
35950,808277272
35951,271829054
35952,381852463
35953,397083629
35954,581338220
35955,726740904
35956,389440042
35957,497317960
35958,340849080
35959,792862271
35960,359341312
35961,893197652
35962,607810702
35963,472225010
35964,229326720
35965,90941298
35966,363953745
35967,938422074
35968,272628241
35969,590968839
35970,853232164
35971,426641735
35972,616927663
35973,299848902
35974,407927002
35975,579380357
35976,117569340
35977,836287167
35978,261763730
35979,691696600
35980,441275697
35981,82596135
35982,997907483
35983,688713729
35984,530820276
35985,675756644
35986,848565176
35987,459203971
35988,565165529
35989,707336958
35990,723093542
35991,592051498
35992,768078976
35993,751865788
35994,239940652
35995,119481820
35996,813805821
35997,33106914
35998,949860632
35999,866518495
36000,27267187
36001,701922008
36002,719332346
36003,154925097
36004,634932854
36005,519944988
36006,152952395
36007,885643715
36008,67578192
36009,612841940
36010,455389204
36011,509306991
36012,542037859
36013,201421036
36014,895652823
36015,780064742
36016,505564164
36017,847300817
36018,184269737
36019,358165253
36020,500840466
36021,801351352
36022,806457575
36023,315475790
36024,347352531
36025,117623082
36026,362930011
36027,414747456
36028,738304
36029,776577703
36030,444120981
36031,277975025
36032,907848475
36033,311618531
36034,580446780
36035,787351513
36036,372014403
36037,583791991
36038,10934706
36039,708710896
36040,762138174
36041,890521532
36042,290223214
36043,475013670
36044,750341708
36045,965513104
36046,766172586
36047,215238190
36048,373645261
36049,696075270
36050,162299067
36051,543248454
36052,731164538
36053,981273379
36054,18171559
36055,887639267
36056,680254009
36057,429281212
36058,444158192
36059,580465998
36060,353657316
36061,849633103
36062,265556610
36063,627666309
36064,471293342
36065,998932486
36066,587667525
36067,149032683
36068,919599951
36069,790010308
36070,362831899
36071,448896420
36072,28825325
36073,669175567
36074,910317257
36075,462244472
36076,861412633
36077,57848501
36078,176986598
36079,798430305
36080,183346053
36081,237748612
36082,813731557
36083,315439282
36084,706996939
36085,618141889
36086,49052157
36087,141673832
36088,795672644
36089,716829875
36090,450181563
36091,269946718
36092,185989435
36093,846261057
36094,500453440
36095,23675485
36096,431032559
36097,707580200
36098,222581720
36099,507655480
36100,291584978
36101,391107374
36102,910722813
36103,597619777
36104,623364670
36105,29236056
36106,860653846
36107,214680738
36108,912846722
36109,21368144
36110,422751689
36111,108754921
36112,228312584
36113,979715022
36114,291331411
36115,371047000
36116,521874508
36117,579973114
36118,267151663
36119,90566764
36120,861208945
36121,431373279
36122,349050628
36123,85552055
36124,324112109
36125,395355687
36126,99655736
36127,524420966
36128,881099376
36129,16470331
36130,298447810
36131,506076603
36132,771269786
36133,603593798
36134,127657205
36135,638643871
36136,187273525
36137,284548252
36138,679766868
36139,275472260
36140,130636423
36141,522996294
36142,79689204
36143,793848828
36144,241207670
36145,226464188
36146,196289677
36147,256057149
36148,930620228
36149,429988650
36150,309057967
36151,95855188
36152,90410922
36153,574459984
36154,972744266
36155,827071052
36156,656377529
36157,644526772
36158,580469620
36159,411189205
36160,68996787
36161,12829365
36162,436271233
36163,307089184
36164,276396600
36165,287747592
36166,934608016
36167,823200887
36168,942641959
36169,349080044
36170,338569172
36171,400111294
36172,303855186
36173,751012780
36174,18127042
36175,803270677
36176,974283566
36177,668552865
36178,413393571
36179,717166643
36180,683446892
36181,640659056
36182,126165224
36183,992981748
36184,183462567
36185,507071273
36186,819622557
36187,274206078
36188,639263881
36189,533363668
36190,750459413
36191,521266561
36192,740278256
36193,901177986
36194,959161355
36195,693260010
36196,60473354
36197,322689377
36198,914447349
36199,170745208
36200,508967623
36201,553216365
36202,960913482
36203,440819837
36204,850409547
36205,697012007
36206,20695389
36207,225258418
36208,671552161
36209,43218123
36210,287650122
36211,184396827
36212,599926476
36213,150789366
36214,532536144
36215,336936509
36216,596275820
36217,721820478
36218,549562166
36219,894242147
36220,334883039
36221,568414452
36222,662830494
36223,441284343
36224,335665289
36225,359001287
36226,316013466
36227,894572420
36228,356703689
36229,143893009
36230,715060220
36231,409221674
36232,110213674
36233,305131096
36234,113749450
36235,74912447
36236,622916795
36237,553048458
36238,458675282
36239,966110607
36240,856913801
36241,374480715
36242,562944891
36243,500781526
36244,843726861
36245,981057546
36246,674958729
36247,694406843
36248,634642167
36249,589264015
36250,27973260
36251,895523312
36252,494078095
36253,899307175
36254,870517011
36255,384235078
36256,704949693
36257,299660774
36258,258574404
36259,725536324
36260,294176678
36261,673620831
36262,595217295
36263,25268827
36264,479287288
36265,519394251
36266,89302196
36267,465021849
36268,90149553
36269,320997207
36270,197668772
36271,290751509
36272,620633290
36273,559088769
36274,257546844
36275,895377774
36276,246641699
36277,517338479
36278,607923109
36279,543305566
36280,718622584
36281,354083307
36282,7522359
36283,837641648
36284,276451534
36285,193510109
36286,347580219
36287,885373080
36288,221602408
36289,107997078
36290,879979976
36291,654157539
36292,811754973
36293,905602673
36294,383362223
36295,223051484
36296,272467073
36297,154703569
36298,648646775
36299,736697637
36300,827789061
36301,396745975
36302,620950425
36303,311543964
36304,623530511
36305,846913620
36306,680564155
36307,812161107
36308,436677341
36309,624804115
36310,187642844
36311,489491678
36312,130159418
36313,160047917
36314,581165330
36315,703080367
36316,233330372
36317,167823944
36318,79077942
36319,836705988
36320,391233645
36321,722676908
36322,625342942
36323,294248325
36324,514099326
36325,972259159
36326,213976799
36327,107200976
36328,909162163
36329,123320038
36330,772253658
36331,150248508
36332,741045151
36333,169936316
36334,762195033
36335,331899604
36336,195270765
36337,949493081
36338,878812513
36339,467299743
36340,906743602
36341,675390948
36342,866740430
36343,363415171
36344,16060534
36345,59478359
36346,327957318
36347,83931597
36348,13598211
36349,568116968
36350,235094694
36351,511638516
36352,160904435
36353,990055047
36354,427151949
36355,526309121
36356,230027312
36357,128894169
36358,443356865
36359,657191344
36360,246179457
36361,276309749
36362,927935962
36363,975237251
36364,815274958
36365,445296023
36366,521921280
36367,228344960
36368,815819294
36369,650727208
36370,853211334
36371,101390135
36372,924080533
36373,214854226
36374,215961738
36375,547429051
36376,679860452
36377,134966640
36378,143171737
36379,618723306
36380,785518293
36381,30949144
36382,961198683
36383,923666232
36384,612600628
36385,382241837
36386,303448432
36387,386974149
36388,666827910
36389,289779797
36390,203453080
36391,227677534
36392,329633122
36393,214018528
36394,220983395
36395,765769574
36396,154120709
36397,676839189
36398,893106097
36399,594874544
36400,520166477
36401,17961848
36402,890755912
36403,817083822
36404,549683573
36405,384548409
36406,547394436
36407,870656177
36408,433009340
36409,603774932
36410,466426221
36411,499564057
36412,86172846
36413,596858280
36414,973295643
36415,525572727
36416,313058569
36417,181038782
36418,638393675
36419,888714360
36420,775176004
36421,107179586
36422,545111259
36423,437836418
36424,59019393
36425,89276535
36426,979354844
36427,711930587
36428,495108001
36429,600338612
36430,956178075
36431,385100836
36432,635724848
36433,109668979
36434,980865782
36435,706950310
36436,746873336
36437,994643845
36438,98632707
36439,6019996
36440,491747093
36441,829004418
36442,693357331
36443,60776903
36444,456342292
36445,736559577
36446,169885839
36447,862726005
36448,874620834
36449,445645398
36450,40023646
36451,493382996
36452,491062461
36453,962121791
36454,771158730
36455,980960530
36456,590346461
36457,380227897
36458,186201647
36459,618268029
36460,17504724
36461,335015224
36462,452246276
36463,176461827
36464,476525349
36465,653748060
36466,616971303
36467,64569464
36468,848650443
36469,776800942
36470,329925303
36471,905915938
36472,162968161
36473,263913885
36474,213296496
36475,599629468
36476,929391528
36477,786682205
36478,88392426
36479,330402717
36480,432863117
36481,262493316
36482,150401385
36483,490524347
36484,17617395
36485,883722092
36486,66913237
36487,615610595
36488,873474642
36489,799747475
36490,200945654
36491,22535852
36492,362608581
36493,999674599
36494,119771199
36495,652087627
36496,639820592
36497,472752812
36498,500301214
36499,674555672
36500,993036480
36501,433673175
36502,799503185
36503,380439010
36504,422280438
36505,884301976
36506,968695463
36507,35602231
36508,899989867
36509,869411123
36510,682109519
36511,914743600
36512,836425406
36513,26047532
36514,249183043
36515,237987909
36516,459226937
36517,267124380
36518,43872024
36519,643806904
36520,39555535
36521,701592820
36522,503608127
36523,646952749
36524,696870539
36525,687801988
36526,141737942
36527,937546124
36528,583456760
36529,272114186
36530,289069804
36531,36193574
36532,438510464
36533,277708078
36534,780263467
36535,288357069
36536,71080972
36537,376531765
36538,350972854
36539,19013219
36540,613706966
36541,704737753
36542,448967974
36543,16757752
36544,246924746
36545,587465673
36546,754359001
36547,618498362
36548,93609751
36549,990505964
36550,553599010
36551,728404206
36552,701128421
36553,508323628
36554,530021902
36555,82036681
36556,898528952
36557,477876950
36558,878820311
36559,307782112
36560,877851553
36561,772431031
36562,67885833
36563,822948099
36564,834127793
36565,248900452
36566,5953177
36567,905147004
36568,870459539
36569,843325009
36570,147247107
36571,361782332
36572,74493358
36573,523225492
36574,262051723
36575,37861370
36576,475146406
36577,797424369
36578,214324411
36579,413600682
36580,941032237
36581,137461637
36582,597387613
36583,201496563
36584,866742539
36585,31978952
36586,396079491
36587,788058474
36588,384469231
36589,994104224
36590,81731001
36591,442078650
36592,16834244
36593,924534029
36594,539394793
36595,654002123
36596,666337051
36597,156232084
36598,995311348
36599,636232554
36600,407231470
36601,140195197
36602,794124400
36603,433312619
36604,760623765
36605,242218610
36606,578189336
36607,926935189
36608,531522819
36609,569695195
36610,47943742
36611,414805943
36612,816847111
36613,662268580
36614,937700276
36615,459739428
36616,23975065
36617,665191374
36618,511702276
36619,706825420
36620,466996026
36621,15997681
36622,534490154
36623,733332258
36624,790889921
36625,247693400
36626,930375489
36627,500523564
36628,574973372
36629,994317512
36630,182698595
36631,611748423
36632,684050576
36633,55689044
36634,398527423
36635,607271609
36636,617758430
36637,605030143
36638,182783018
36639,107270531
36640,393879080
36641,979942861
36642,506223801
36643,541530532
36644,226491658
36645,137428957
36646,616533256
36647,435200367
36648,526678698
36649,57196414
36650,912689845
36651,240016678
36652,570047403
36653,198322622
36654,711206608
36655,820694116
36656,127960334
36657,788202953
36658,597136737
36659,258644110
36660,452476561
36661,600146790
36662,342681165
36663,81697703
36664,785563601
36665,905695724
36666,810258515
36667,437311766
36668,449661960
36669,485276712
36670,350633957
36671,834189973
36672,206283928
36673,389986847
36674,79661575
36675,26977280
36676,966617945
36677,825248790
36678,108751111
36679,342624119
36680,363081542
36681,420108959
36682,739032148
36683,802871889
36684,861274746
36685,718056383
36686,389086518
36687,603059407
36688,339667068
36689,284369611
36690,359881060
36691,681737805
36692,862009362
36693,303770070
36694,813605056
36695,602543421
36696,829706948
36697,969733572
36698,612116247
36699,959336624
36700,630228529
36701,693373512
36702,161039767
36703,54514092
36704,636444021
36705,42045410
36706,79945008
36707,930893545
36708,941208847
36709,582301533
36710,612572417
36711,460385928
36712,759290139
36713,577521802
36714,303092194
36715,439694679
36716,588126896
36717,156631402
36718,377390475
36719,139967311
36720,896697876
36721,31877645
36722,513790258
36723,676929967
36724,903205011
36725,372805842
36726,802657401
36727,851678188
36728,476721592
36729,659381840
36730,703580234
36731,485160712
36732,396444292
36733,95605747
36734,343827757
36735,862949409
36736,635718892
36737,644406525
36738,451519774
36739,804755155
36740,667087154
36741,301972598
36742,379593383
36743,709104601
36744,921512539
36745,636320510
36746,866042840
36747,374510136
36748,51284308
36749,238572621
36750,505992822
36751,95063836
36752,504884476
36753,862637992
36754,425444747
36755,887378489
36756,302375218
36757,50153740
36758,871084699
36759,948449893
36760,739788352
36761,80086533
36762,963951914
36763,844343874
36764,457201894
36765,355659850
36766,829560849
36767,739557860
36768,973753254
36769,905255447
36770,274244801
36771,824487436
36772,504841265
36773,91266055
36774,77152263
36775,571891110
36776,673901561
36777,460714700
36778,42677739
36779,945835401
36780,170212949
36781,593124252
36782,853504259
36783,887495553
36784,607645521
36785,933982610
36786,891049043
36787,812397106
36788,365559773
36789,36885736
36790,755871118
36791,664355848
36792,684814559
36793,72434417
36794,850044315
36795,506558735
36796,816285415
36797,344372700
36798,279835572
36799,893619511
36800,20526860
36801,644067712
36802,698027543
36803,643472634
36804,468116510
36805,789511145
36806,94162680
36807,947097249
36808,472631404
36809,237055570
36810,335567952
36811,473698218
36812,188241336
36813,786357071
36814,876847676
36815,14635547
36816,609479359
36817,800204988
36818,212492321
36819,138884663
36820,824090385
36821,639932249
36822,263849069
36823,308462346
36824,142768354
36825,273715069
36826,56266738
36827,745536366
36828,14250537
36829,417557815
36830,943492707
36831,180829330
36832,895609059
36833,429712566
36834,453233847
36835,305595470
36836,632006343
36837,39088878
36838,649847189
36839,69344885
36840,995735864
36841,357726887
36842,781777716
36843,612533288
36844,483557212
36845,175437093
36846,307919070
36847,582984417
36848,304645520
36849,204419156
36850,912884999
36851,549048599
36852,680636502
36853,892982812
36854,430904808
36855,739722651
36856,869125405
36857,718345616
36858,606187730
36859,475273523
36860,4996786
36861,337006276
36862,738213492
36863,281846626
36864,453860204
36865,422352718
36866,35262459
36867,597767448
36868,545254625
36869,328354776
36870,823647554
36871,369541978
36872,905738587
36873,191200172
36874,499725026
36875,591337403
36876,34142531
36877,533708269
36878,467297477
36879,603024477
36880,62243550
36881,538023864
36882,76526430
36883,299262101
36884,44476640
36885,560220997
36886,880794030
36887,343187436
36888,983867457
36889,455700287
36890,375783772
36891,552593934
36892,98055846
36893,711449658
36894,808477146
36895,547619007
36896,430028511
36897,66260302
36898,369351952
36899,424644228
36900,609779107
36901,724387120
36902,304084840
36903,165951340
36904,755838451
36905,695491441
36906,27493962
36907,254502280
36908,776576185
36909,451717540
36910,754786281
36911,270292514
36912,971076681
36913,509489345
36914,145761785
36915,309459364
36916,311949793
36917,456221057
36918,995863514
36919,351182852
36920,173010172
36921,77871024
36922,168820116
36923,513709934
36924,183569439
36925,628477751
36926,720897261
36927,468864317
36928,127203043
36929,693605512
36930,807904100
36931,458345697
36932,229897633
36933,472206125
36934,335925827
36935,567321201
36936,269745269
36937,883768386
36938,773661149
36939,557635604
36940,800768751
36941,336397941
36942,81411324
36943,377706347
36944,837148485
36945,287258257
36946,493791150
36947,681886615
36948,573412753
36949,583282794
36950,968715271
36951,108622959
36952,621717398
36953,90369512
36954,339372266
36955,389319336
36956,834241176
36957,925995212
36958,652968312
36959,178079345
36960,924054621
36961,442646731
36962,56941598
36963,393951556
36964,579348708
36965,156436698
36966,769981013
36967,95029845
36968,867294318
36969,327164314
36970,432545066
36971,541544095
36972,558137997
36973,564068516
36974,404242712
36975,511760339
36976,374046883
36977,74049573
36978,215847008
36979,916045320
36980,140818281
36981,971935988
36982,984225186
36983,209253346
36984,104026783
36985,340428555
36986,764671501
36987,655744718
36988,413779773
36989,553369767
36990,741868656
36991,842132509
36992,687799815
36993,392348591
36994,432528482
36995,955100690
36996,155667273
36997,467285371
36998,58532559
36999,594631019
37000,483059802
37001,300078518
37002,921823607
37003,756339140
37004,224321762
37005,520940143
37006,883203729
37007,772005660
37008,396363159
37009,131306985
37010,53096563
37011,133299736
37012,358755361
37013,115658365
37014,332688710
37015,765999425
37016,598188075
37017,31256471
37018,394976762
37019,261734291
37020,833522405
37021,248784494
37022,92200595
37023,913175172
37024,287050727
37025,207336956
37026,876295324
37027,963679063
37028,674823350
37029,710880494
37030,610194389
37031,835444094
37032,412065937
37033,918307193
37034,299364030
37035,416910196
37036,477655530
37037,816876042
37038,485211212
37039,14896044
37040,889426327
37041,691568481
37042,854450534
37043,561980856
37044,189755161
37045,917117183
37046,59322772
37047,341699794
37048,52961201
37049,504152935
37050,886644149
37051,567642178
37052,818936378
37053,472550367
37054,536908974
37055,178864598
37056,172073277
37057,684212376
37058,102679203
37059,791039215
37060,259486073
37061,28005403
37062,731625618
37063,405249439
37064,469325040
37065,50415734
37066,658810184
37067,314300752
37068,955848126
37069,268835392
37070,321194996
37071,461386852
37072,926567537
37073,18060121
37074,733684583
37075,921105301
37076,327557683
37077,683841741
37078,551042984
37079,805688147
37080,833018603
37081,758279578
37082,737282776
37083,32750627
37084,70757303
37085,515766945
37086,379203332
37087,497831255
37088,603915684
37089,454037633
37090,473797359
37091,557770150
37092,32321229
37093,931766954
37094,177752988
37095,936285093
37096,327503338
37097,779845710
37098,642479183
37099,366626570
37100,234994461
37101,777003976
37102,75947040
37103,129550718
37104,814754003
37105,734186890
37106,216913132
37107,3854395
37108,330910774
37109,669620652
37110,588996623
37111,975870253
37112,10488421
37113,492621211
37114,496667249
37115,367638507
37116,412712386
37117,554420897
37118,486055431
37119,86252095
37120,657847312
37121,196623403
37122,280186847
37123,344198309
37124,291810429
37125,832120868
37126,371023410
37127,972228683
37128,637995587
37129,69399735
37130,97832667
37131,867050094
37132,623422689
37133,909689486
37134,690568119
37135,510405317
37136,117057071
37137,434427702
37138,49632369
37139,790845798
37140,541510710
37141,619508000
37142,315935714
37143,266596776
37144,541281077
37145,970764417
37146,2853890
37147,803131177
37148,612447693
37149,633226239
37150,473928225
37151,779797484
37152,622460125
37153,117826504
37154,432729810
37155,959488947
37156,525355061
37157,343489894
37158,843777382
37159,321783144
37160,14420152
37161,480891235
37162,694137617
37163,278216585
37164,453794958
37165,913977886
37166,126353714
37167,529757036
37168,411141481
37169,474499615
37170,508411371
37171,533605899
37172,818989189
37173,578139508
37174,649382886
37175,882659210
37176,866644284
37177,364947688
37178,544324079
37179,349817075
37180,62255712
37181,284499462
37182,701333739
37183,29762108
37184,72750978
37185,430498335
37186,65272248
37187,237156181
37188,569114892
37189,679281236
37190,274363858
37191,290539029
37192,9873783
37193,246822633
37194,936981979
37195,567494735
37196,558035030
37197,760393621
37198,393086010
37199,195021752
37200,234502300
37201,699817216
37202,595498203
37203,157797980
37204,672065846
37205,611732435
37206,135861676
37207,575981152
37208,403324670
37209,964744639
37210,153857792
37211,400038134
37212,728708163
37213,165804659
37214,818689823
37215,700838124
37216,149262856
37217,175774843
37218,627834326
37219,253312281
37220,115580614
37221,69949769
37222,787754420
37223,994558067
37224,642723465
37225,645284403
37226,402991773
37227,576763694
37228,556094342
37229,310700843
37230,442701338
37231,617034172
37232,624844912
37233,675546482
37234,189464364
37235,433365022
37236,452565090
37237,636641923
37238,536365999
37239,276322932
37240,707320669
37241,926674826
37242,959342377
37243,576407364
37244,637942879
37245,708159624
37246,23904765
37247,464470
37248,79244130
37249,715896217
37250,706385294
37251,589797416
37252,509798028
37253,265666317
37254,940861633
37255,690160976
37256,164320832
37257,787158791
37258,2418353
37259,270696670
37260,561563763
37261,417368389
37262,167484118
37263,597106265
37264,48994622
37265,724930335
37266,122879854
37267,533831715
37268,712859522
37269,246684937
37270,614759492
37271,326293197
37272,389128651
37273,710246110
37274,574497032
37275,640885809
37276,111208296
37277,868092972
37278,881218742
37279,353853376
37280,976835147
37281,169962134
37282,994832421
37283,528724490
37284,251614740
37285,169312406
37286,508578353
37287,77506338
37288,290881447
37289,427775973
37290,646323806
37291,326498657
37292,456367173
37293,948008556
37294,703060137
37295,98051557
37296,159230149
37297,654031619
37298,862075990
37299,144461086
37300,771375543
37301,595535375
37302,719431375
37303,931554334
37304,456084668
37305,445770433
37306,290992087
37307,693024060
37308,204343113
37309,177480155
37310,212062152
37311,391184328
37312,480371728
37313,424596537
37314,369887106
37315,404085953
37316,701854105
37317,30536941
37318,778075949
37319,869887354
37320,238388827
37321,950228303
37322,605247832
37323,994173364
37324,94638435
37325,668706283
37326,822239997
37327,392308224
37328,969922479
37329,172870810
37330,740478154
37331,464915579
37332,609313480
37333,747075564
37334,678445404
37335,245223767
37336,791936641
37337,873385579
37338,957566941
37339,633109796
37340,24656452
37341,268543162
37342,959973360
37343,725347553
37344,810732951
37345,496048048
37346,777949890
37347,402650841
37348,20754822
37349,593876915
37350,527362649
37351,716715280
37352,24472930
37353,722991708
37354,440305835
37355,609432255
37356,32662057
37357,716557955
37358,6194656
37359,111428605
37360,715177071
37361,464704076
37362,588191742
37363,228315108
37364,414969430
37365,981350764
37366,396320640
37367,452083108
37368,874549357
37369,571799476
37370,492838680
37371,230121729
37372,284234997
37373,876606355
37374,934046719
37375,801918386
37376,891207217
37377,428472404
37378,254466177
37379,672777874
37380,334366247
37381,151662647
37382,989127821
37383,481432513
37384,955728234
37385,297800133
37386,334269635
37387,407950977
37388,256406103
37389,119703537
37390,538844774
37391,417466279
37392,611892411
37393,41027381
37394,168796736
37395,682068703
37396,855819199
37397,715904318
37398,580665822
37399,471100832
37400,453217081
37401,582575727
37402,570430115
37403,25767387
37404,292326323
37405,946632524
37406,96782403
37407,542310207
37408,78210544
37409,78885204
37410,576860927
37411,208746479
37412,901143024
37413,706586260
37414,581152486
37415,38525729
37416,147499681
37417,894003840
37418,712573226
37419,292533467
37420,830411859
37421,855521305
37422,354612612
37423,333859719
37424,360229336
37425,852812708
37426,514779179
37427,914644657
37428,742825818
37429,464102067
37430,421629563
37431,730021535
37432,478415131
37433,13095495
37434,746390767
37435,905334790
37436,656763346
37437,992738838
37438,98140901
37439,894065321
37440,964862815
37441,13845924
37442,921008733
37443,366743954
37444,889167618
37445,379533796
37446,880250392
37447,205028161
37448,641947473
37449,916775521
37450,172990328
37451,883883800
37452,902125517
37453,560911945
37454,498083219
37455,232013438
37456,754982845
37457,902555853
37458,340510325
37459,667405520
37460,83071906
37461,411455639
37462,656953033
37463,638425229
37464,162439980
37465,741578868
37466,475287245
37467,659754944
37468,954550471
37469,911376303
37470,590260048
37471,471081331
37472,641920425
37473,935113630
37474,403712852
37475,734485749
37476,109818683
37477,545537462
37478,580089429
37479,509862138
37480,492580375
37481,462922244
37482,205333403
37483,65896394
37484,853525603
37485,2279176
37486,262905193
37487,677759841
37488,589110953
37489,872918542
37490,409483006
37491,837365458
37492,375397406
37493,607100338
37494,799428642
37495,469207779
37496,85010683
37497,538196317
37498,789455418
37499,857965035
37500,751997167
37501,477593565
37502,251760995
37503,749884008
37504,453969078
37505,853662272
37506,863902062
37507,857939296
37508,525637697
37509,376150472
37510,22120124
37511,883588372
37512,812607565
37513,882736777
37514,63969247
37515,198318971
37516,892677062
37517,933109515
37518,713142395
37519,61647920
37520,543901678
37521,355158700
37522,323507696
37523,624278639
37524,479165330
37525,875242901
37526,958929175
37527,965456603
37528,298071158
37529,467038082
37530,633550249
37531,384145737
37532,950324819
37533,956304666
37534,819655106
37535,324122220
37536,948223941
37537,902528692
37538,597325155
37539,245547337
37540,900284729
37541,359518434
37542,471720874
37543,892307523
37544,765179857
37545,930685992
37546,835552671
37547,633562027
37548,591505022
37549,670827185
37550,448048501
37551,472382433
37552,922465445
37553,612889741
37554,742893302
37555,601178052
37556,991477319
37557,423516725
37558,673199100
37559,282517125
37560,601510297
37561,924101773
37562,878782897
37563,379944785
37564,679707019
37565,601364540
37566,932350082
37567,644193610
37568,881324674
37569,775689060
37570,876287477
37571,602308531
37572,250732420
37573,389881531
37574,858371856
37575,567178298
37576,254879126
37577,984156517
37578,245318117
37579,851578725
37580,3140391
37581,556513873
37582,214491725
37583,206303860
37584,516082785
37585,545852622
37586,187332776
37587,288896863
37588,288711024
37589,616202700
37590,104387770
37591,708841742
37592,674449
37593,27700522
37594,786841073
37595,804470897
37596,718983386
37597,203636923
37598,962221120
37599,983363210
37600,348524980
37601,578651172
37602,902790051
37603,447825227
37604,527607413
37605,359239517
37606,194337854
37607,763049856
37608,299833134
37609,416754070
37610,162521279
37611,735224463
37612,914122998
37613,696845632
37614,293805579
37615,918247272
37616,288481339
37617,912493380
37618,812944610
37619,144569860
37620,816359271
37621,628803054
37622,508922629
37623,321853592
37624,536608397
37625,431211124
37626,57972310
37627,954346376
37628,558771322
37629,495338714
37630,905327937
37631,517972422
37632,277420350
37633,980940768
37634,583681199
37635,747997885
37636,729959748
37637,118661973
37638,718053447
37639,454270080
37640,725521693
37641,659509614
37642,922686222
37643,602316936
37644,458024903
37645,880845446
37646,303818500
37647,904557732
37648,224172100
37649,319792422
37650,479517014
37651,812108903
37652,635594621
37653,613066905
37654,546079889
37655,16958810
37656,345357085
37657,244682984
37658,311957861
37659,577786721
37660,200052533
37661,715813619
37662,92272912
37663,447858242
37664,841190580
37665,271295247
37666,628962888
37667,738016606
37668,186564497
37669,366061323
37670,665663824
37671,257178500
37672,400565841
37673,437092324
37674,414582312
37675,677489621
37676,260380709
37677,17258360
37678,278479744
37679,316436255
37680,157266178
37681,433177877
37682,586152188
37683,716824863
37684,704040988
37685,502783279
37686,920386959
37687,471746474
37688,70233420
37689,366793855
37690,583258003
37691,952625335
37692,256525192
37693,338132777
37694,226427502
37695,903716663
37696,98090397
37697,333327891
37698,194616250
37699,700270011
37700,974120162
37701,969680882
37702,983136855
37703,402785946
37704,969628697
37705,281572803
37706,105611476
37707,604924041
37708,133467477
37709,752025129
37710,811960234
37711,425576115
37712,911805745
37713,163006343
37714,227410119
37715,761237026
37716,290387756
37717,585572963
37718,429134568
37719,20479162
37720,279428352
37721,143312929
37722,776981262
37723,275046249
37724,654234105
37725,316094836
37726,7489955
37727,868218283
37728,116577809
37729,703913331
37730,540003178
37731,893452547
37732,858765424
37733,287786438
37734,715992505
37735,520816656
37736,760930589
37737,224054444
37738,13369653
37739,144429577
37740,762070886
37741,305010679
37742,858370175
37743,187648152
37744,872274538
37745,740649598
37746,865126969
37747,921035596
37748,837725193
37749,866687036
37750,226641843
37751,448908427
37752,190595333
37753,972427077
37754,808352452
37755,543083386
37756,954067076
37757,563377695
37758,368798322
37759,118575353
37760,818813379
37761,259045853
37762,884786977
37763,811138704
37764,288559507
37765,560006418
37766,739132998
37767,827537198
37768,681154204
37769,998070493
37770,537585836
37771,501607052
37772,579915413
37773,40136996
37774,963613396
37775,925646819
37776,634155946
37777,818059712
37778,497969231
37779,644362630
37780,102787599
37781,292082697
37782,693319361
37783,372364607
37784,774497194
37785,19071531
37786,93526333
37787,154415911
37788,19505740
37789,485682537
37790,93083347
37791,611820203
37792,281017111
37793,975493712
37794,910156142
37795,972956053
37796,474263641
37797,846611339
37798,389010504
37799,624786943
37800,10471683
37801,38065415
37802,644666344
37803,985471915
37804,265518323
37805,179020033
37806,891527929
37807,14028119
37808,904578402
37809,252211817
37810,735930408
37811,132240300
37812,400588932
37813,249723506
37814,9695397
37815,737656144
37816,610548933
37817,553747820
37818,573921049
37819,994469343
37820,166546309
37821,326900048
37822,908879453
37823,948548178
37824,945800685
37825,416300320
37826,664458032
37827,950408431
37828,220340228
37829,154607030
37830,358957663
37831,783941447
37832,912927210
37833,391925018
37834,616788179
37835,131080241
37836,254500633
37837,500018895
37838,17805985
37839,336716819
37840,469555374
37841,202938909
37842,321965967
37843,122023615
37844,276976612
37845,436249803
37846,39194301
37847,103748926
37848,46623079
37849,824052976
37850,829300528
37851,791922119
37852,355442176
37853,988108121
37854,910226744
37855,402623721
37856,447736937
37857,127543243
37858,771281089
37859,130300116
37860,334586712
37861,287752252
37862,613720922
37863,694119220
37864,933605067
37865,587417253
37866,866271671
37867,44446148
37868,157466279
37869,452744805
37870,720912407
37871,485636215
37872,514437353
37873,712136287
37874,253898394
37875,87024440
37876,176666195
37877,265053106
37878,123231671
37879,876595583
37880,377101667
37881,426778804
37882,810735966
37883,854240072
37884,575319575
37885,803565205
37886,838215687
37887,586253985
37888,125930092
37889,540561141
37890,664723251
37891,535102764
37892,119631651
37893,69837807
37894,494899182
37895,73963618
37896,495174318
37897,453251044
37898,850880074
37899,115008267
37900,853823787
37901,48295911
37902,25560596
37903,114857077
37904,190376199
37905,901641297
37906,724571182
37907,329386527
37908,957162846
37909,353010300
37910,279188028
37911,970680608
37912,630695994
37913,33246637
37914,777075979
37915,675366972
37916,276234863
37917,478362410
37918,505416854
37919,188420575
37920,631063763
37921,784122014
37922,250517879
37923,656646396
37924,981423788
37925,77706275
37926,543492487
37927,234908405
37928,7412586
37929,466267843
37930,428633510
37931,324756201
37932,5202920
37933,629189925
37934,683398960
37935,100618558
37936,674892905
37937,394517824
37938,184045006
37939,346646560
37940,225695228
37941,38888082
37942,152172642
37943,940280827
37944,571509780
37945,538272974
37946,709336885
37947,853237839
37948,985732165
37949,699760590
37950,300007711
37951,365217869
37952,204461782
37953,626520456
37954,402962192
37955,280552295
37956,754987590
37957,839326916
37958,453506650
37959,459999628
37960,851237958
37961,200572373
37962,360749453
37963,546087973
37964,357325368
37965,506432984
37966,917692350
37967,737108695
37968,364623864
37969,447611876
37970,701226541
37971,164651433
37972,401344073
37973,240633263
37974,726080261
37975,701755264
37976,312176647
37977,789607862
37978,105750648
37979,188617131
37980,167002224
37981,603554073
37982,673912034
37983,638540285
37984,170036970
37985,789720421
37986,660268834
37987,367479086
37988,825805386
37989,881657644
37990,504431363
37991,667362320
37992,88009156
37993,954640343
37994,675308291
37995,528441163
37996,392675395
37997,299722006
37998,877923662
37999,352426083
38000,598196622
38001,298336768
38002,884086823
38003,269662905
38004,41984290
38005,459383068
38006,808199986
38007,548134572
38008,439465063
38009,673665716
38010,810784762
38011,692234775
38012,949977816
38013,655583318
38014,828604756
38015,46368032
38016,828121598
38017,705355290
38018,410120079
38019,374065974
38020,620309208
38021,76044551
38022,822675251
38023,726622948
38024,394080889
38025,911913565
38026,425698161
38027,301805744
38028,888329443
38029,319122691
38030,322356844
38031,332915434
38032,513589843
38033,480319896
38034,995445323
38035,309587611
38036,61927794
38037,87577664
38038,996915256
38039,654379899
38040,565977912
38041,828119474
38042,353497421
38043,921166864
38044,195238218
38045,668663547
38046,325790930
38047,255675297
38048,278046520
38049,562554121
38050,218616865
38051,389398205
38052,844266511
38053,164511137
38054,489020855
38055,168861625
38056,89460550
38057,348390746
38058,635438577
38059,810341940
38060,40853011
38061,250033630
38062,609173214
38063,350821151
38064,988186117
38065,665784372
38066,721069564
38067,337509887
38068,519865892
38069,836897367
38070,608316955
38071,519532581
38072,259760993
38073,623824387
38074,994190142
38075,959480200
38076,196118607
38077,789564273
38078,970379278
38079,637451855
38080,278031174
38081,170346278
38082,37382828
38083,611142289
38084,763573589
38085,783866170
38086,696353479
38087,113126826
38088,634567306
38089,221712136
38090,583832711
38091,910199223
38092,252121847
38093,15394651
38094,334742690
38095,555178074
38096,505728299
38097,719640933
38098,542799961
38099,191451973
38100,231885841
38101,247538688
38102,465605204
38103,783344353
38104,923399535
38105,315941896
38106,938955999
38107,655562519
38108,93145610
38109,929671942
38110,991773301
38111,804987583
38112,168399672
38113,710558982
38114,336731865
38115,552408739
38116,543273526
38117,454041065
38118,807022365
38119,170110273
38120,108230413
38121,759573847
38122,64148984
38123,18814950
38124,593693894
38125,287110729
38126,922527113
38127,753461368
38128,904358388
38129,346941912
38130,953639318
38131,54133247
38132,754244115
38133,364686845
38134,706055327
38135,477431344
38136,931497559
38137,114527504
38138,222933282
38139,238650711
38140,287940874
38141,238845466
38142,412089800
38143,642163384
38144,608833572
38145,844667087
38146,398469006
38147,781378692
38148,647192220
38149,647677751
38150,888749248
38151,303627685
38152,130713572
38153,330411373
38154,602806245
38155,818038293
38156,554741149
38157,330489723
38158,423225389
38159,182443268
38160,227798677
38161,235114938
38162,594368416
38163,72088142
38164,294745054
38165,623156360
38166,821225833
38167,624951279
38168,655056368
38169,667408546
38170,801150639
38171,847489264
38172,346201825
38173,459410896
38174,332038608
38175,609670530
38176,607889651
38177,453241606
38178,706703594
38179,344219426
38180,249290004
38181,165868189
38182,547098615
38183,939916066
38184,763559990
38185,51605101
38186,85620450
38187,792015603
38188,59429177
38189,999570393
38190,976573259
38191,942725102
38192,896384224
38193,239626000
38194,196699956
38195,555168041
38196,886266869
38197,708497945
38198,204474049
38199,816693918
38200,704345695
38201,276985334
38202,580391364
38203,609583863
38204,585396005
38205,168002367
38206,416951700
38207,696560447
38208,360247247
38209,25419655
38210,544508902
38211,424270740
38212,546335303
38213,589635011
38214,963507097
38215,662674101
38216,310146258
38217,461691540
38218,933749502
38219,24488473
38220,820382421
38221,726422648
38222,674394690
38223,178268848
38224,75603257
38225,329209666
38226,923328871
38227,238634657
38228,647225983
38229,869673497
38230,912774924
38231,665982425
38232,427755943
38233,501882699
38234,40430244
38235,348242828
38236,600953945
38237,979066651
38238,594665537
38239,271914471
38240,468198827
38241,279879582
38242,33471092
38243,293008458
38244,81618708
38245,406313762
38246,879321538
38247,324355239
38248,277826195
38249,615456884
38250,215932619
38251,873563563
38252,912942503
38253,284206176
38254,817666410
38255,874942492
38256,846621898
38257,26115854
38258,225502179
38259,186009013
38260,937858715
38261,431841373
38262,664543502
38263,765233151
38264,367585778
38265,642223427
38266,442983651
38267,594707761
38268,337109280
38269,570893314
38270,787847848
38271,472487101
38272,47639239
38273,953426618
38274,412926058
38275,350874487
38276,619211487
38277,453071786
38278,76969438
38279,739207706
38280,779848012
38281,254660582
38282,271927298
38283,806307149
38284,939839803
38285,819089968
38286,681089239
38287,465609807
38288,809042170
38289,680675750
38290,580105743
38291,564835035
38292,203009928
38293,534556889
38294,28479465
38295,85939108
38296,551207600
38297,151257907
38298,385807152
38299,262708574
38300,332413621
38301,583997074
38302,701453710
38303,710900636
38304,283540615
38305,940973684
38306,332466227
38307,731896944
38308,75330208
38309,759373735
38310,124714538
38311,929535162
38312,927355073
38313,284091231
38314,491074485
38315,466537862
38316,490252166
38317,291410154
38318,994582902
38319,308648527
38320,666123100
38321,34366137
38322,209942849
38323,454853965
38324,23332469
38325,422427759
38326,327515458
38327,741269953
38328,233635801
38329,826784419
38330,288511847
38331,6090810
38332,229736878
38333,902384867
38334,3063576
38335,302554359
38336,500295384
38337,323901090
38338,466101903
38339,818411147
38340,998669837
38341,203828925
38342,56123484
38343,291719631
38344,864847445
38345,203630729
38346,243170412
38347,474579337
38348,430924723
38349,175741478
38350,710474473
38351,604213989
38352,486950019
38353,885405589
38354,44996707
38355,626321472
38356,432236341
38357,879264540
38358,778323528
38359,969355480
38360,152428627
38361,850544822
38362,461238544
38363,572482128
38364,523886377
38365,362648177
38366,246850340
38367,204666097
38368,231732734
38369,35270965
38370,772908962
38371,731666322
38372,621960079
38373,119304738
38374,209995256
38375,334665385
38376,723365143
38377,236433203
38378,715104958
38379,419876483
38380,688435526
38381,395629144
38382,425810046
38383,354081242
38384,959289418
38385,577903364
38386,210620218
38387,735857008
38388,650922273
38389,239132281
38390,55119809
38391,203512831
38392,484737848
38393,796238097
38394,554202029
38395,563122512
38396,603421965
38397,936962328
38398,212540980
38399,405960810
38400,698698528
38401,247938789
38402,621805865
38403,547029660
38404,579765132
38405,560945758
38406,100041060
38407,46011693
38408,498328421
38409,6882582
38410,631468883
38411,200882290
38412,852519736
38413,699488309
38414,83573946
38415,998554337
38416,439965487
38417,729480125
38418,92264150
38419,45686418
38420,904146686
38421,967524546
38422,74998033
38423,35702944
38424,92006582
38425,526746698
38426,971608505
38427,623622842
38428,575587180
38429,587755900
38430,871357492
38431,536546640
38432,790928807
38433,660059043
38434,733250782
38435,826584392
38436,418543121
38437,959086681
38438,857880874
38439,127226462
38440,850532196
38441,674946524
38442,761507982
38443,509642935
38444,244131707
38445,432761202
38446,338136009
38447,491253433
38448,178150685
38449,670459669
38450,74260129
38451,639658148
38452,529796594
38453,674532677
38454,915484725
38455,319770167
38456,620097914
38457,737965977
38458,308172934
38459,357820475
38460,33758514
38461,987223791
38462,991987662
38463,625759529
38464,481099237
38465,424829262
38466,485104393
38467,798626015
38468,480127697
38469,550918473
38470,566197088
38471,107871091
38472,940603882
38473,255347433
38474,401892473
38475,886603714
38476,357883966
38477,983571612
38478,761949074
38479,294529325
38480,857426584
38481,135867267
38482,742854471
38483,907518724
38484,912602440
38485,157585418
38486,140331277
38487,367775221
38488,762944920
38489,913051601
38490,417094847
38491,362126130
38492,938790825
38493,909605488
38494,574972734
38495,363160136
38496,91559317
38497,754674793
38498,176275063
38499,978639298
38500,106875940
38501,417173118
38502,112355075
38503,660127026
38504,409057417
38505,599099504
38506,86715701
38507,174536223
38508,376705042
38509,100042424
38510,574712764
38511,587690307
38512,936023929
38513,838595484
38514,52879137
38515,887878589
38516,559919005
38517,321611235
38518,670609513
38519,506659316
38520,691527095
38521,295370613
38522,406768462
38523,215184382
38524,739690297
38525,837471141
38526,615497428
38527,159530656
38528,734197459
38529,938716498
38530,363240456
38531,38099000
38532,924070073
38533,362454150
38534,293184261
38535,539383277
38536,293890289
38537,536086726
38538,895031798
38539,821235599
38540,556288949
38541,97031554
38542,86199986
38543,154876171
38544,711313084
38545,5799675
38546,847938592
38547,799132000
38548,602509299
38549,723477228
38550,615350726
38551,322261704
38552,225113142
38553,422827768
38554,299164059
38555,736999072
38556,746206441
38557,382135173
38558,935277634
38559,940041857
38560,202355780
38561,963769245
38562,243667699
38563,538378923
38564,171937396
38565,991961078
38566,726225721
38567,897259124
38568,945614317
38569,575581091
38570,768589358
38571,399002503
38572,542629085
38573,429737202
38574,923566063
38575,881955300
38576,416669897
38577,451713140
38578,349404009
38579,475585492
38580,539373427
38581,161339123
38582,467902943
38583,195098725
38584,269358271
38585,689558314
38586,188160925
38587,771611529
38588,102965820
38589,478281812
38590,970519891
38591,250060577
38592,358544427
38593,136984922
38594,97991134
38595,999417564
38596,931715725
38597,577328820
38598,537875591
38599,16482452
38600,880190719
38601,189612797
38602,969630008
38603,355951961
38604,385739018
38605,990597694
38606,705873768
38607,540579898
38608,492334361
38609,460137170
38610,277640805
38611,523687096
38612,249216682
38613,345966978
38614,458094736
38615,547903435
38616,301105687
38617,935987507
38618,38392211
38619,169135915
38620,142809118
38621,529051343
38622,60271746
38623,524446242
38624,998809746
38625,963462304
38626,788748992
38627,296896888
38628,263130597
38629,152137995
38630,130176597
38631,434081650
38632,282755677
38633,558757471
38634,631834119
38635,565034551
38636,438446221
38637,851328683
38638,138285346
38639,492921370
38640,989615919
38641,409687498
38642,131917738
38643,102201087
38644,987216246
38645,191995296
38646,382048606
38647,448494942
38648,934016901
38649,471262050
38650,900059817
38651,209308666
38652,386169173
38653,936856657
38654,620045020
38655,168432114
38656,56525118
38657,247175550
38658,90365697
38659,7809045
38660,187148942
38661,867262204
38662,68099500
38663,718378483
38664,692285087
38665,315634094
38666,761270131
38667,785444722
38668,240421961
38669,12329282
38670,947183507
38671,76234427
38672,654136856
38673,948581425
38674,743624031
38675,293995174
38676,245325618
38677,269029560
38678,653182425
38679,698395687
38680,560995210
38681,320244710
38682,985431894
38683,498752871
38684,302543251
38685,339710094
38686,987902383
38687,46954934
38688,190333554
38689,544917454
38690,514095227
38691,72397717
38692,731868833
38693,582033262
38694,431907192
38695,92506277
38696,312505836
38697,706649211
38698,803545192
38699,569567598
38700,336497452
38701,292137292
38702,778062166
38703,12880951
38704,512867792
38705,31407294
38706,591162004
38707,944096888
38708,11929197
38709,399864313
38710,45164558
38711,543742028
38712,725943788
38713,271909500
38714,592910618
38715,379581260
38716,527149799
38717,454563905
38718,266238120
38719,115694442
38720,841602237
38721,827963231
38722,443801003
38723,97441713
38724,312811591
38725,105288212
38726,420613584
38727,293810344
38728,500057451
38729,923526268
38730,148274092
38731,912619095
38732,495361787
38733,230677880
38734,413951417
38735,542693443
38736,65929141
38737,44237410
38738,23003941
38739,963765344
38740,92968027
38741,304415617
38742,582493027
38743,331767709
38744,432556336
38745,311873234
38746,811001221
38747,413307905
38748,284782530
38749,293960534
38750,756837625
38751,706362934
38752,555964577
38753,436593044
38754,148515196
38755,314828494
38756,596485189
38757,118616626
38758,762184084
38759,282008859
38760,332738811
38761,788492773
38762,582385
38763,516011368
38764,383509094
38765,316360264
38766,317745150
38767,199316189
38768,441525249
38769,218478348
38770,204601556
38771,765709145
38772,251984444
38773,645448775
38774,798584183
38775,619543730
38776,176028739
38777,131374238
38778,969136661
38779,106703469
38780,476087738
38781,345243375
38782,869235938
38783,575849604
38784,972792654
38785,77143740
38786,175151069
38787,600739213
38788,536477437
38789,983820661
38790,556897043
38791,615551055
38792,436740914
38793,219403296
38794,13094380
38795,40256211
38796,691274385
38797,893993543
38798,484878789
38799,864212706
38800,817046884
38801,253631727
38802,68717739
38803,427567236
38804,901500180
38805,599196335
38806,689390944
38807,65613721
38808,973960275
38809,586860227
38810,307947353
38811,626242661
38812,932800786
38813,673183909
38814,723834792
38815,476591835
38816,405298537
38817,532642516
38818,904975350
38819,61828418
38820,253769986
38821,408673567
38822,697150910
38823,153484022
38824,198344129
38825,512079840
38826,184287663
38827,374271409
38828,400481137
38829,811603083
38830,439407862
38831,270121274
38832,346606179
38833,212739683
38834,537346438
38835,516783020
38836,614650464
38837,408109623
38838,100019700
38839,652146379
38840,437257255
38841,812517545
38842,361233463
38843,236309023
38844,868437853
38845,34310319
38846,642235159
38847,268357991
38848,40781984
38849,405495738
38850,503422380
38851,804497691
38852,913857015
38853,570522622
38854,704573675
38855,454119902
38856,861167778
38857,681826337
38858,477825571
38859,846945627
38860,794893739
38861,572433462
38862,618989987
38863,614983683
38864,230936826
38865,757010905
38866,765567953
38867,612723984
38868,240607017
38869,22113769
38870,760670889
38871,739470774
38872,64927403
38873,154617028
38874,161289352
38875,799659755
38876,227892862
38877,623456693
38878,631153978
38879,79606814
38880,430744747
38881,666290644
38882,203207253
38883,531968275
38884,891368118
38885,730916657
38886,831356923
38887,123872038
38888,768836211
38889,951433533
38890,309525348
38891,536799507
38892,134860829
38893,876822667
38894,689554439
38895,696552573
38896,850499865
38897,523325819
38898,105792353
38899,857883058
38900,284439455
38901,158707379
38902,515159389
38903,270413871
38904,382984602
38905,671712107
38906,376224860
38907,306784178
38908,328542905
38909,507627828
38910,806212454
38911,254554483
38912,271092254
38913,373143940
38914,502220438
38915,940072683
38916,407905720
38917,46046795
38918,407883228
38919,845783106
38920,148949808
38921,721522689
38922,585412880
38923,275544724
38924,455416395
38925,803606649
38926,645494123
38927,873904003
38928,881752075
38929,600363085
38930,912213220
38931,399067738
38932,938455066
38933,542944852
38934,988630095
38935,617551306
38936,488146339
38937,233368887
38938,44330838
38939,770697035
38940,305281941
38941,940206987
38942,964062834
38943,863152481
38944,271585308
38945,878097057
38946,576747013
38947,978059850
38948,627225482
38949,622754619
38950,383636461
38951,869008339
38952,615572515
38953,315682197
38954,338291135
38955,700520894
38956,823491914
38957,756182898
38958,587460573
38959,224780724
38960,216304346
38961,414277226
38962,36978718
38963,33135969
38964,677171429
38965,66916179
38966,762698438
38967,572561407
38968,587387964
38969,379511471
38970,455510921
38971,38618406
38972,17701647
38973,314108445
38974,67666927
38975,249158775
38976,871526762
38977,493711071
38978,689796061
38979,249647650
38980,900444946
38981,598718831
38982,182025709
38983,156090216
38984,960233977
38985,71538294
38986,904818122
38987,861714027
38988,24819982
38989,24320502
38990,922965560
38991,8114596
38992,873892934
38993,841043073
38994,834342813
38995,38861646
38996,863507747
38997,765492761
38998,472974626
38999,676493161
39000,103624949
39001,259803905
39002,514221869
39003,267271699
39004,48400807
39005,870904793
39006,416024148
39007,697560659
39008,872634714
39009,759315812
39010,693279321
39011,375495856
39012,962975409
39013,89419341
39014,500796520
39015,2160902
39016,389430824
39017,234651439
39018,944576061
39019,800229745
39020,598495282
39021,457679542
39022,751068643
39023,800450724
39024,768901049
39025,960472300
39026,416821806
39027,33080366
39028,649720693
39029,473365314
39030,81389689
39031,841279368
39032,428643195
39033,373826901
39034,427458023
39035,507483761
39036,1255405
39037,551484730
39038,251776836
39039,168199281
39040,533138646
39041,634993845
39042,112874681
39043,427911494
39044,808762151
39045,511632399
39046,757987893
39047,149102085
39048,854137431
39049,380867921
39050,640439020
39051,159546515
39052,699457938
39053,540268112
39054,451623957
39055,214379227
39056,341210496
39057,143527727
39058,433940545
39059,254781990
39060,904390247
39061,76989131
39062,943773488
39063,278665269
39064,484028077
39065,726743823
39066,662442503
39067,658496457
39068,691293411
39069,477170447
39070,840078405
39071,364410457
39072,548553134
39073,978776238
39074,657428748
39075,95520510
39076,361220334
39077,341598632
39078,99626809
39079,866465834
39080,875362485
39081,63951314
39082,597328495
39083,569147001
39084,133955277
39085,592314971
39086,833683912
39087,628546558
39088,30214211
39089,395939469
39090,877344873
39091,737400219
39092,785213380
39093,558256902
39094,928996672
39095,410403665
39096,694939847
39097,623125875
39098,798215466
39099,875666784
39100,357850269
39101,993835150
39102,349606812
39103,308590585
39104,321300906
39105,630198042
39106,33598609
39107,940679107
39108,467189806
39109,46450846
39110,360948784
39111,523688118
39112,189855766
39113,600839162
39114,424802488
39115,274532788
39116,516659653
39117,653470486
39118,333850345
39119,828402158
39120,27637096
39121,906592131
39122,588239543
39123,514519429
39124,866270532
39125,710855004
39126,157630279
39127,815316445
39128,408457311
39129,378916146
39130,223624683
39131,896984704
39132,545022735
39133,732023325
39134,505272906
39135,107007883
39136,713943496
39137,64307053
39138,482256859
39139,876071904
39140,869231447
39141,147333536
39142,447638580
39143,504759580
39144,336831606
39145,594794212
39146,807031011
39147,913992843
39148,555001528
39149,47523977
39150,474972990
39151,304681506
39152,851531633
39153,252151432
39154,247759232
39155,538123393
39156,853302248
39157,909677421
39158,825752076
39159,599867661
39160,78629423
39161,180977795
39162,723845384
39163,898004431
39164,634463005
39165,975045108
39166,951507307
39167,546765748
39168,197271326
39169,729957137
39170,10127834
39171,300462356
39172,709179102
39173,744007782
39174,712562752
39175,570005708
39176,333636824
39177,442627484
39178,466011085
39179,430003790
39180,760578036
39181,65548327
39182,747802009
39183,863794851
39184,548101690
39185,766131564
39186,485473089
39187,96482551
39188,684224441
39189,110838993
39190,777565782
39191,520950812
39192,399956452
39193,475122978
39194,45337675
39195,435035915
39196,926669194
39197,932951044
39198,534214981
39199,864742073
39200,324013539
39201,396717792
39202,393066054
39203,4091321
39204,352943369
39205,77662400
39206,394076281
39207,590767888
39208,896915333
39209,671346866
39210,132567220
39211,781883622
39212,823747149
39213,26549867
39214,8724899
39215,418299449
39216,144349385
39217,774858801
39218,217106527
39219,432843447
39220,121359206
39221,863498536
39222,924555684
39223,272012973
39224,844903391
39225,672869559
39226,479010535
39227,447842563
39228,125485384
39229,498591009
39230,231393470
39231,516198834
39232,504989048
39233,986354050
39234,692247970
39235,978652927
39236,88544174
39237,546715875
39238,285061510
39239,259237920
39240,890167169
39241,326596584
39242,232202338
39243,509572874
39244,39979423
39245,919455460
39246,946259008
39247,858966532
39248,240246075
39249,842330811
39250,572833139
39251,838861652
39252,849405817
39253,651710315
39254,590563708
39255,278014873
39256,232376747
39257,576785108
39258,777207897
39259,283649095
39260,796498315
39261,559550124
39262,211048284
39263,522599908
39264,248373367
39265,341820537
39266,19916281
39267,465301668
39268,527319968
39269,432241133
39270,660830330
39271,855980651
39272,213445622
39273,202324872
39274,946374550
39275,307957549
39276,773093568
39277,573167519
39278,273983770
39279,628597826
39280,174664311
39281,789654958
39282,88826744
39283,344407261
39284,148946918
39285,712529666
39286,978861564
39287,448169186
39288,784019890
39289,383442259
39290,453410909
39291,662816858
39292,127249626
39293,204291282
39294,750447159
39295,435569266
39296,654925669
39297,514037394
39298,712546587
39299,920768003
39300,262236514
39301,179402740
39302,472517522
39303,632543385
39304,2426893
39305,849813318
39306,252279401
39307,300895097
39308,731713291
39309,860391179
39310,669352178
39311,610273140
39312,694946990
39313,304765598
39314,474917448
39315,196207358
39316,108354698
39317,981886091
39318,56610093
39319,120517681
39320,402216901
39321,999066184
39322,931082009
39323,935446780
39324,729720528
39325,350582094
39326,821605816
39327,719329866
39328,122583116
39329,709180641
39330,52679025
39331,149210691
39332,504649873
39333,660902495
39334,513102091
39335,535518008
39336,156077288
39337,218245085
39338,118002224
39339,508575582
39340,243185633
39341,899142996
39342,141944135
39343,45971655
39344,991406284
39345,157405358
39346,776158633
39347,810480426
39348,342613140
39349,970582576
39350,45686070
39351,709878374
39352,390925492
39353,844626947
39354,759897633
39355,183365769
39356,977565483
39357,342016174
39358,208310306
39359,830918584
39360,298899609
39361,153965973
39362,18795438
39363,798042569
39364,179413810
39365,89929202
39366,897548104
39367,394449242
39368,639331432
39369,487642855
39370,590418862
39371,353446788
39372,284653019
39373,232869534
39374,260032826
39375,227053853
39376,968989417
39377,288561803
39378,57268638
39379,172604880
39380,101077660
39381,346472329
39382,644903429
39383,651581648
39384,589847440
39385,300039525
39386,491345995
39387,366499527
39388,629419815
39389,119764453
39390,916504921
39391,636832899
39392,264876886
39393,384862554
39394,999703248
39395,157441519
39396,550728007
39397,24318297
39398,632434931
39399,260388654
39400,116033405
39401,847292657
39402,129170908
39403,727894364
39404,297283860
39405,776249552
39406,918273726
39407,208650804
39408,396746079
39409,105779904
39410,238817258
39411,574655261
39412,198386427
39413,737982113
39414,659514530
39415,618188020
39416,385287871
39417,846795457
39418,76456853
39419,963566872
39420,951882225
39421,621690395
39422,532536976
39423,500946535
39424,349893881
39425,324483585
39426,540241141
39427,169781637
39428,262300961
39429,59039064
39430,779401582
39431,388276008
39432,613397622
39433,863396737
39434,954136156
39435,252560981
39436,382133312
39437,890173485
39438,816299014
39439,492808853
39440,467227019
39441,741019117
39442,354921224
39443,604670035
39444,460894434
39445,140815091
39446,136810500
39447,822971155
39448,666264493
39449,675265378
39450,220385545
39451,612961473
39452,883813829
39453,112193825
39454,27407405
39455,218865521
39456,957555691
39457,488005203
39458,483764290
39459,142928287
39460,961253708
39461,712248047
39462,798593581
39463,481103701
39464,655252625
39465,906655575
39466,856997550
39467,451046700
39468,324771312
39469,363594920
39470,132925275
39471,169698911
39472,202481025
39473,129817219
39474,618660985
39475,941031212
39476,618018921
39477,273442808
39478,501531970
39479,237853950
39480,119434234
39481,310789076
39482,507367874
39483,907262225
39484,697247074
39485,206978190
39486,623941605
39487,186638360
39488,652607823
39489,11296398
39490,359459577
39491,639455714
39492,163934587
39493,995515129
39494,758641145
39495,127709786
39496,571501886
39497,23646344
39498,289196118
39499,176546814
39500,980626048
39501,301559166
39502,290726303
39503,98152102
39504,225326310
39505,165259317
39506,428579487
39507,716303002
39508,795798827
39509,426239341
39510,207965247
39511,429321526
39512,734475237
39513,885920169
39514,806708129
39515,251953712
39516,260243847
39517,392851019
39518,765761187
39519,808618532
39520,183599100
39521,584039348
39522,548358290
39523,595365651
39524,129604828
39525,942588703
39526,295705919
39527,983694432
39528,326977233
39529,881134023
39530,689213859
39531,415992705
39532,986966083
39533,217726123
39534,159090983
39535,384689230
39536,584878199
39537,243606833
39538,567552031
39539,730607777
39540,918627895
39541,705562575
39542,883769923
39543,341295052
39544,879278451
39545,898775415
39546,906583582
39547,550222027
39548,511036150
39549,864130593
39550,578807576
39551,953750929
39552,349555091
39553,381067888
39554,816104544
39555,27203133
39556,177716952
39557,823688012
39558,215478864
39559,320113727
39560,245692102
39561,302974308
39562,271051307
39563,453871628
39564,751938794
39565,158612872
39566,727287037
39567,578239
39568,620163304
39569,994251556
39570,686271253
39571,498649764
39572,553004990
39573,441848573
39574,809338265
39575,143205333
39576,915099875
39577,236402757
39578,930083824
39579,437573507
39580,840234035
39581,286776076
39582,415809909
39583,351195924
39584,580239882
39585,383657694
39586,658939736
39587,181694137
39588,70250446
39589,512475030
39590,190129247
39591,108555965
39592,407791024
39593,905165659
39594,883732335
39595,559330059
39596,893901183
39597,208931697
39598,488243474
39599,411633419
39600,294321557
39601,811984718
39602,233290157
39603,486089759
39604,603734321
39605,330193445
39606,89321286
39607,425441008
39608,357118395
39609,438456372
39610,183789931
39611,369584522
39612,246364811
39613,664019089
39614,149971021
39615,904751210
39616,550529978
39617,199300796
39618,566362228
39619,223860830
39620,333550323
39621,860053229
39622,152128093
39623,377263739
39624,745249664
39625,628136690
39626,85034939
39627,456888021
39628,822614044
39629,42414745
39630,173918319
39631,895110850
39632,346221288
39633,65295036
39634,372251042
39635,497530883
39636,159268826
39637,160190753
39638,973382419
39639,170290136
39640,145180943
39641,879334621
39642,694963680
39643,263071233
39644,909457721
39645,432757012
39646,37744302
39647,73923588
39648,927093877
39649,148939499
39650,8924426
39651,582064455
39652,196723911
39653,147568846
39654,791024325
39655,666959897
39656,557392849
39657,387076309
39658,728237753
39659,956900944
39660,182153469
39661,230516840
39662,319930696
39663,248119464
39664,617235920
39665,424193428
39666,89706091
39667,71963258
39668,48449676
39669,146831421
39670,420804645
39671,249773100
39672,32723444
39673,464761087
39674,609426139
39675,85076382
39676,96565335
39677,458903047
39678,853808438
39679,889753801
39680,953132867
39681,986275795
39682,530318670
39683,534409047
39684,656398000
39685,383910602
39686,346032935
39687,495418910
39688,253649658
39689,226519016
39690,684846149
39691,39545051
39692,767070531
39693,662568033
39694,728902078
39695,879088201
39696,185017761
39697,816900630
39698,217193822
39699,476764123
39700,401412709
39701,281411823
39702,755662955
39703,189017962
39704,927940288
39705,847011503
39706,449529746
39707,549911069
39708,590812322
39709,687589463
39710,334413457
39711,42331443
39712,198004104
39713,282545704
39714,513635298
39715,951331776
39716,248356183
39717,594426496
39718,447901552
39719,318360214
39720,360514122
39721,769768986
39722,544681391
39723,924194438
39724,548676477
39725,33747855
39726,181227582
39727,520415504
39728,355368236
39729,844180839
39730,599679391
39731,970239189
39732,169773211
39733,296892786
39734,796011972
39735,548622077
39736,393157786
39737,657223314
39738,235667495
39739,487118480
39740,592446568
39741,833260550
39742,316380646
39743,519080025
39744,12654920
39745,825934598
39746,138941417
39747,886222305
39748,629481655
39749,295187801
39750,570377337
39751,69758270
39752,964570631
39753,848173252
39754,514206717
39755,24982872
39756,941771964
39757,412186323
39758,309628804
39759,59166461
39760,250363633
39761,456941082
39762,160142683
39763,676536533
39764,115455827
39765,171373397
39766,890841044
39767,926642712
39768,2152840
39769,266960291
39770,443845008
39771,847190661
39772,392114869
39773,106186400
39774,715391060
39775,756279653
39776,177436914
39777,955910658
39778,708518298
39779,781688008
39780,277451347
39781,918369771
39782,194238943
39783,325262967
39784,762819704
39785,7480421
39786,470728332
39787,819622506
39788,90919495
39789,964007615
39790,902569782
39791,567574304
39792,414226252
39793,872966084
39794,540672502
39795,419489653
39796,538707626
39797,684560986
39798,598723909
39799,72780208
39800,771225101
39801,878419924
39802,610612562
39803,133753234
39804,105877666
39805,553088707
39806,713266778
39807,104590142
39808,121642416
39809,695381517
39810,168192673
39811,246755315
39812,241529760
39813,388184101
39814,778706336
39815,765775514
39816,75234790
39817,282462906
39818,280267495
39819,903938590
39820,361300861
39821,609883580
39822,654831578
39823,303483355
39824,411272152
39825,117124736
39826,354843450
39827,474226026
39828,840082052
39829,465007005
39830,97579193
39831,47846753
39832,924329695
39833,143873722
39834,818686031
39835,612712964
39836,316150148
39837,631231488
39838,753627443
39839,897118485
39840,861778476
39841,588119399
39842,307289799
39843,970557640
39844,166628862
39845,864277004
39846,857514675
39847,424574181
39848,427893478
39849,944527588
39850,757516770
39851,575991334
39852,148175738
39853,248318899
39854,769986727
39855,334204602
39856,276938421
39857,591426483
39858,336328163
39859,76622650
39860,485099601
39861,344491385
39862,595775591
39863,255179858
39864,468037861
39865,440295375
39866,436750434
39867,986215543
39868,868199236
39869,26801699
39870,675772512
39871,841996994
39872,452932550
39873,73299856
39874,63641174
39875,805241608
39876,333447274
39877,579755430
39878,758300073
39879,50128155
39880,58647131
39881,672229506
39882,493796527
39883,853773442
39884,18159291
39885,420453813
39886,819520852
39887,588848165
39888,972547897
39889,27096966
39890,742950161
39891,930303157
39892,313543711
39893,964911276
39894,390550786
39895,435153759
39896,555395963
39897,485006804
39898,328276735
39899,505236156
39900,288834166
39901,401212628
39902,156573389
39903,612833662
39904,861275695
39905,113531145
39906,634715064
39907,647815645
39908,317578834
39909,781559672
39910,259169003
39911,795672525
39912,253169496
39913,295440255
39914,654918929
39915,247151620
39916,655601700
39917,311982222
39918,406492717
39919,127437776
39920,211406153
39921,37887900
39922,961042460
39923,824794806
39924,629339314
39925,394279258
39926,608162858
39927,658304987
39928,189639837
39929,644867121
39930,759545482
39931,394455042
39932,278441885
39933,398791648
39934,17476905
39935,720839032
39936,366378359
39937,837874632
39938,165001593
39939,986766133
39940,99414438
39941,544085300
39942,77051586
39943,642541115
39944,379160389
39945,7956216
39946,701113996
39947,987915838
39948,396948363
39949,110041066
39950,115494650
39951,3952155
39952,15202235
39953,797911911
39954,856291509
39955,504549815
39956,8865392
39957,74690228
39958,30832431
39959,527603494
39960,486902225
39961,124178265
39962,844668167
39963,1428916
39964,487480710
39965,819104597
39966,196945116
39967,835084980
39968,702699037
39969,254753324
39970,399628878
39971,231369083
39972,445735706
39973,446222907
39974,771564179
39975,504692318
39976,429607074
39977,485775602
39978,750221294
39979,632929638
39980,11271630
39981,566128351
39982,634351338
39983,539044162
39984,911283651
39985,624209732
39986,300197642
39987,596955481
39988,336569359
39989,877169308
39990,485808983
39991,734348194
39992,895732448
39993,739028896
39994,1861894
39995,491642288
39996,313688380
39997,185501354
39998,700135999
39999,36259029
40000,679975444
40001,884642005
40002,987532373
40003,842712954
40004,396053309
40005,330753197
40006,366255317
40007,922060526
40008,502440128
40009,536243469
40010,574330834
40011,729653865
40012,673200498
40013,637358236
40014,440715169
40015,317753422
40016,966205508
40017,614368149
40018,647467301
40019,287538953
40020,749296795
40021,566112681
40022,193534854
40023,756870446
40024,830611628
40025,104099448
40026,669065851
40027,31722787
40028,65936705
40029,20691152
40030,383881786
40031,248956484
40032,526107501
40033,426151463
40034,843966856
40035,437930075
40036,780702796
40037,524550183
40038,637851859
40039,189440115
40040,841195875
40041,542606700
40042,591630255
40043,480837622
40044,430412737
40045,69717183
40046,197834044
40047,870163751
40048,169787781
40049,753418644
40050,682893503
40051,185895104
40052,429567269
40053,820317179
40054,476620283
40055,918741435
40056,620242082
40057,320193173
40058,65188516
40059,573579285
40060,710845303
40061,876872987
40062,5849158
40063,409347374
40064,572503607
40065,33545877
40066,441902566
40067,315759257
40068,100879332
40069,226652576
40070,59689002
40071,947474975
40072,947392865
40073,149244692
40074,442065474
40075,711268758
40076,44190919
40077,536400100
40078,478692614
40079,24849522
40080,223853086
40081,430049482
40082,810616642
40083,430829028
40084,986002597
40085,44057496
40086,788534484
40087,211262588
40088,849479505
40089,492380895
40090,489592380
40091,442169206
40092,179346560
40093,357482531
40094,36522422
40095,563350602
40096,912411315
40097,546215333
40098,577549066
40099,427320270
40100,572527099
40101,688247247
40102,129290605
40103,856617857
40104,380620723
40105,990276910
40106,985788002
40107,583624578
40108,901567247
40109,551689783
40110,176024276
40111,757020988
40112,253150522
40113,952314889
40114,903166007
40115,190955392
40116,352163414
40117,22731593
40118,602233390
40119,555155669
40120,123844859
40121,333729664
40122,85551144
40123,52825890
40124,909141460
40125,514337453
40126,209850551
40127,534043513
40128,782905226
40129,676995021
40130,428006065
40131,9092959
40132,479535275
40133,809257356
40134,379353771
40135,367188818
40136,913478774
40137,351077993
40138,849323753
40139,274999356
40140,232466115
40141,91009830
40142,938494526
40143,154302992
40144,831290720
40145,828191042
40146,699348957
40147,321937553
40148,739105463
40149,640476333
40150,618168470
40151,358554213
40152,507380242
40153,849984168
40154,702678838
40155,882061387
40156,193542407
40157,217919457
40158,284652822
40159,753948515
40160,640274186
40161,733162665
40162,497704457
40163,456299592
40164,928931964
40165,588077063
40166,827751073
40167,954060236
40168,781560328
40169,780151228
40170,700845904
40171,138410769
40172,26162072
40173,678160142
40174,813336089
40175,3928658
40176,905293222
40177,924158883
40178,434657552
40179,600186472
40180,681330898
40181,624651883
40182,859629747
40183,906434771
40184,941062434
40185,889229629
40186,304065767
40187,89562855
40188,279610223
40189,545180468
40190,831460599
40191,594816831
40192,742403105
40193,802784969
40194,539522287
40195,966607912
40196,758055490
40197,66394587
40198,214426891
40199,401831218
40200,698268139
40201,523352719
40202,102208365
40203,245016886
40204,389369158
40205,210466451
40206,559801561
40207,451279902
40208,929749928
40209,765481242
40210,135098384
40211,655606162
40212,100469294
40213,561149450
40214,639540249
40215,354327235
40216,917877840
40217,977203596
40218,998512315
40219,222668322
40220,570024837
40221,840908383
40222,688849038
40223,401302921
40224,260127123
40225,784891110
40226,649555038
40227,442144246
40228,705667710
40229,839611656
40230,587962298
40231,928954549
40232,116081835
40233,35924340
40234,491040379
40235,860773884
40236,534231343
40237,865521274
40238,571391817
40239,22128118
40240,383674875
40241,143731594
40242,173424354
40243,391386420
40244,714856203
40245,155017301
40246,720145772
40247,408840304
40248,17760228
40249,105951206
40250,515655848
40251,273810491
40252,979885077
40253,328359007
40254,355142672
40255,910405157
40256,526472140
40257,794823785
40258,587285358
40259,498060211
40260,456196795
40261,454455190
40262,113423706
40263,483810169
40264,746755770
40265,385852045
40266,956693377
40267,578057861
40268,1387011
40269,726143695
40270,509160730
40271,536122395
40272,285916389
40273,251760615
40274,513092684
40275,775032846
40276,575086001
40277,196592862
40278,871417858
40279,321074143
40280,266087118
40281,634491546
40282,845637671
40283,316040488
40284,191360864
40285,599368009
40286,349830193
40287,444059605
40288,455741504
40289,40891606
40290,939155697
40291,755263009
40292,788840404
40293,107315638
40294,86520575
40295,410004755
40296,580307498
40297,591713251
40298,219794960
40299,36880227
40300,882392474
40301,495460568
40302,37145530
40303,39445663
40304,424523649
40305,855733122
40306,400901653
40307,334016924
40308,654002498
40309,720264564
40310,626225225
40311,975239276
40312,996514578
40313,299466318
40314,689785758
40315,311318248
40316,77684500
40317,265368738
40318,343894583
40319,140282998
40320,340128654
40321,568507598
40322,80203
40323,62437503
40324,494666749
40325,71857273
40326,734462659
40327,164088912
40328,901549719
40329,893366051
40330,668597656
40331,28741807
40332,69539139
40333,356912200
40334,10250519
40335,460703600
40336,344507086
40337,201799673
40338,775009703
40339,324763854
40340,245199786
40341,376819119
40342,720587072
40343,605319000
40344,310691774
40345,663309662
40346,584732083
40347,315068823
40348,604049107
40349,726262888
40350,643272788
40351,665450554
40352,622431722
40353,526918426
40354,637397168
40355,315371054
40356,42890893
40357,974131164
40358,904337226
40359,698454334
40360,351960738
40361,999966948
40362,952229051
40363,465730878
40364,30443719
40365,509261478
40366,851393688
40367,342007400
40368,481733801
40369,752887370
40370,191347413
40371,261130854
40372,58867072
40373,647606562
40374,908729301
40375,55195872
40376,384966495
40377,929320232
40378,453272030
40379,588316857
40380,223309077
40381,829370659
40382,937835638
40383,913298976
40384,791908067
40385,224062540
40386,408236672
40387,95437799
40388,463757104
40389,532160969
40390,557271902
40391,395252993
40392,203056445
40393,635481612
40394,100968964
40395,369447496
40396,31141855
40397,521617623
40398,63353014
40399,756602553
40400,530136007
40401,641904346
40402,547478154
40403,191707952
40404,664082751
40405,775085738
40406,27169182
40407,381655259
40408,816311992
40409,432806858
40410,657552124
40411,451672325
40412,869159754
40413,315820291
40414,293598404
40415,372120760
40416,655220195
40417,100441500
40418,219922638
40419,43491
40420,699524104
40421,236440926
40422,987182295
40423,599425070
40424,550924046
40425,912928404
40426,643726859
40427,226410985
40428,9347617
40429,890171445
40430,868719756
40431,848595546
40432,302125117
40433,228422729
40434,885678428
40435,968387659
40436,466288655
40437,822273795
40438,165228976
40439,937040943
40440,988466180
40441,485669881
40442,366577585
40443,775089363
40444,187640935
40445,110997777
40446,76154757
40447,555363990
40448,282266348
40449,91269646
40450,13027878
40451,947407198
40452,430044692
40453,233276414
40454,150987112
40455,939659281
40456,488399393
40457,101273624
40458,70858142
40459,459112719
40460,221557841
40461,587616548
40462,77755885
40463,504936861
40464,772608725
40465,793317005
40466,887944148
40467,788102993
40468,841233264
40469,226440766
40470,887948940
40471,863393078
40472,689566888
40473,187470653
40474,423957950
40475,449525974
40476,520476870
40477,203291237
40478,995827550
40479,851316287
40480,846318532
40481,730444622
40482,683462745
40483,781777272
40484,336057709
40485,964828893
40486,489098879
40487,799450964
40488,790900936
40489,760245528
40490,527184497
40491,81906917
40492,127047069
40493,740666723
40494,215122602
40495,61401757
40496,588044006
40497,325981810
40498,913847079
40499,743354101
40500,845149890
40501,805039360
40502,716479769
40503,674618674
40504,143778870
40505,137548753
40506,64473132
40507,721602053
40508,123028778
40509,961914067
40510,566134342
40511,983111798
40512,968217738
40513,399027987
40514,597246101
40515,496900827
40516,211039540
40517,666241333
40518,824974896
40519,246023898
40520,27650802
40521,820601058
40522,999060857
40523,397593250
40524,937946525
40525,80305461
40526,653262037
40527,264466550
40528,582739858
40529,893862088
40530,825070284
40531,321904947
40532,988773482
40533,331630367
40534,687069500
40535,769337259
40536,727005817
40537,159090185
40538,671892929
40539,63027942
40540,24064925
40541,132286384
40542,625566847
40543,314093319
40544,140345339
40545,357947960
40546,234518791
40547,414285661
40548,733165578
40549,579495326
40550,54876344
40551,937429801
40552,319355395
40553,185510088
40554,647021137
40555,945915185
40556,316190490
40557,978015736
40558,302914325
40559,94638321
40560,940190422
40561,452943588
40562,286151660
40563,388093524
40564,306123564
40565,880661262
40566,171694567
40567,688235365
40568,413394893
40569,603161153
40570,283434414
40571,62453044
40572,381416864
40573,10218397
40574,26994755
40575,213662667
40576,529883039
40577,495044442
40578,772792472
40579,45355980
40580,24270818
40581,708437036
40582,663077079
40583,260800968
40584,929989401
40585,18209379
40586,206610965
40587,143602329
40588,680267731
40589,223305980
40590,145899238
40591,227016924
40592,70255375
40593,353908783
40594,860091166
40595,616174581
40596,514900324
40597,595243868
40598,558058041
40599,452309165
40600,671566658
40601,143180837
40602,544230127
40603,770493930
40604,176692354
40605,78665687
40606,509086317
40607,123499031
40608,446790810
40609,211847845
40610,274297385
40611,755928959
40612,920764608
40613,773662627
40614,856543508
40615,993559483
40616,410780775
40617,693508866
40618,465331323
40619,158954676
40620,993551986
40621,737772083
40622,48019366
40623,711550251
40624,584093622
40625,296001214
40626,606106971
40627,426092528
40628,612495292
40629,986694041
40630,791892526
40631,234598312
40632,683785029
40633,668611197
40634,298469325
40635,986027001
40636,951305571
40637,986732791
40638,152762880
40639,874091352
40640,489934519
40641,689364736
40642,667171919
40643,378651469
40644,119443283
40645,539839709
40646,638360484
40647,730698358
40648,165787643
40649,463018576
40650,90046950
40651,324467131
40652,664697812
40653,2766128
40654,918777414
40655,58442269
40656,158324644
40657,533824562
40658,387452440
40659,163735133
40660,741872243
40661,935313427
40662,961663737
40663,346734162
40664,594794543
40665,478662787
40666,400361013
40667,643071815
40668,141886071
40669,564522614
40670,239955728
40671,118586193
40672,992177806
40673,411338059
40674,970852575
40675,777072824
40676,384605836
40677,680607316
40678,517654836
40679,140059537
40680,974835825
40681,276591366
40682,718974026
40683,267240018
40684,311805347
40685,622255919
40686,278289320
40687,297111493
40688,731377680
40689,912348697
40690,727922351
40691,444318153
40692,658081690
40693,451738296
40694,869472574
40695,399362796
40696,759661428
40697,777549336
40698,930446899
40699,487238569
40700,300525462
40701,262638642
40702,867813499
40703,127958341
40704,111812718
40705,391027878
40706,485713350
40707,8342758
40708,439628602
40709,579303087
40710,604459429
40711,997431637
40712,595252554
40713,324836267
40714,822327431
40715,361672995
40716,15198699
40717,661535889
40718,761308796
40719,935847288
40720,257560315
40721,903682351
40722,225300171
40723,327618199
40724,461019738
40725,476255967
40726,859976096
40727,688519649
40728,530215498
40729,92142510
40730,342602370
40731,575240672
40732,568313654
40733,436628591
40734,316741387
40735,719900044
40736,600171996
40737,548713464
40738,796038783
40739,440068334
40740,618903542
40741,169880852
40742,586586237
40743,926357618
40744,322550596
40745,862241145
40746,603840885
40747,939608765
40748,264403749
40749,532252066
40750,495675430
40751,698672366
40752,116753845
40753,447252967
40754,427906186
40755,221654511
40756,392510532
40757,337103596
40758,857825591
40759,546511155
40760,605475539
40761,491817169
40762,118972196
40763,287186549
40764,365748851
40765,29560416
40766,767367825
40767,122067646
40768,355294884
40769,929018613
40770,345657463
40771,510591323
40772,515901047
40773,19853022
40774,115623162
40775,953564095
40776,725462303
40777,278233016
40778,371264298
40779,396493484
40780,100693084
40781,895369550
40782,614840179
40783,719176569
40784,513975458
40785,60619350
40786,188700704
40787,329090852
40788,1269603
40789,763561603
40790,697424296
40791,426745821
40792,108309455
40793,797581263
40794,929850679
40795,269330804
40796,967378660
40797,97058332
40798,382905004
40799,388763008
40800,568297913
40801,727187497
40802,396298834
40803,627818186
40804,725915490
40805,134800311
40806,297610188
40807,558810202
40808,880319376
40809,499845943
40810,902787111
40811,543634567
40812,271876345
40813,746711609
40814,109840537
40815,298007583
40816,123988083
40817,419961907
40818,656783157
40819,998587233
40820,344136498
40821,792004203
40822,476331721
40823,347144674
40824,296013662
40825,770676607
40826,402670076
40827,885273576
40828,482037042
40829,436058453
40830,993080392
40831,317669310
40832,208212437
40833,980977029
40834,502293877
40835,560685024
40836,661666250
40837,117595232
40838,916429904
40839,230961021
40840,6310630
40841,965368773
40842,812055898
40843,528288279
40844,853845727
40845,742305353
40846,718402086
40847,240791128
40848,82717133
40849,345769438
40850,102310866
40851,768098480
40852,897847475
40853,11772289
40854,456676468
40855,662312630
40856,967083908
40857,460412910
40858,522722249
40859,149487417
40860,627320475
40861,573682462
40862,717001198
40863,541804891
40864,34396370
40865,416064608
40866,212252239
40867,745280091
40868,734830911
40869,804509989
40870,843974185
40871,418891954
40872,955636246
40873,132261291
40874,284042152
40875,341654767
40876,684786341
40877,23990377
40878,303325477
40879,475162943
40880,378864738
40881,6273516
40882,589660001
40883,194225733
40884,325375438
40885,897153300
40886,187735483
40887,144183099
40888,321782353
40889,799519931
40890,905398090
40891,756625097
40892,110547058
40893,593812648
40894,332920880
40895,107415060
40896,369500763
40897,169241529
40898,822253951
40899,945783700
40900,33645664
40901,737013064
40902,529250806
40903,198460324
40904,976023069
40905,43078710
40906,421528389
40907,232780717
40908,847261366
40909,521227185
40910,905231426
40911,402618354
40912,841928311
40913,749903572
40914,521435377
40915,465405144
40916,580400035
40917,841560420
40918,972764354
40919,290628369
40920,733855261
40921,714634703
40922,74264806
40923,397315678
40924,402556969
40925,269882577
40926,264604058
40927,565930267
40928,970584636
40929,590882906
40930,375153286
40931,661071898
40932,331956070
40933,844767288
40934,18833702
40935,269885040
40936,898045631
40937,899614394
40938,865198347
40939,789984866
40940,719428644
40941,43714244
40942,80783185
40943,853725368
40944,385145022
40945,390862011
40946,851665974
40947,452516139
40948,985542598
40949,263218417
40950,126971592
40951,854087562
40952,369058142
40953,536806658
40954,357930862
40955,831328348
40956,821451685
40957,710705171
40958,690253799
40959,761909864
40960,788863126
40961,218138247
40962,79716239
40963,629099153
40964,980901570
40965,255463827
40966,416313439
40967,911817229
40968,484223066
40969,394474535
40970,221375968
40971,669327943
40972,812337802
40973,544546207
40974,778371595
40975,593050889
40976,676105571
40977,605540366
40978,86571723
40979,543502567
40980,796579388
40981,634255691
40982,80800825
40983,126176740
40984,176935212
40985,847691477
40986,360004316
40987,728816699
40988,609347673
40989,628170161
40990,927014273
40991,267129248
40992,498378644
40993,115787732
40994,363210972
40995,946072015
40996,738493356
40997,681884898
40998,175369469
40999,443916477
41000,865878284
41001,349336382
41002,345843482
41003,138589825
41004,371381423
41005,477887210
41006,235250287
41007,877929632
41008,692992504
41009,846545935
41010,488360073
41011,188682476
41012,233211503
41013,139747692
41014,102938962
41015,599954525
41016,650573379
41017,487994271
41018,181901666
41019,723205703
41020,243690959
41021,937309159
41022,497601619
41023,236894326
41024,93839415
41025,782291593
41026,829974742
41027,612161690
41028,963306848
41029,475896743
41030,292043816
41031,37839650
41032,985018027
41033,959754225
41034,517922418
41035,35882963
41036,552707711
41037,657187301
41038,177975985
41039,730229488
41040,911792852
41041,813091218
41042,96886405
41043,198732119
41044,2440963
41045,754490596
41046,102962866
41047,479309912
41048,502773693
41049,344457571
41050,787020760
41051,933673805
41052,329006401
41053,517219723
41054,179960210
41055,521334053
41056,22081729
41057,160299556
41058,919274450
41059,794614636
41060,448715910
41061,138638561
41062,358963031
41063,474312924
41064,337959199
41065,216455186
41066,830516111
41067,991451141
41068,36182239
41069,835310265
41070,155963029
41071,416498701
41072,123418014
41073,908973013
41074,27566820
41075,686357360
41076,771212182
41077,442672348
41078,978083947
41079,328985742
41080,173244780
41081,696463541
41082,303684355
41083,893172651
41084,467780696
41085,866458314
41086,659197895
41087,397283741
41088,681003477
41089,239785832
41090,833978702
41091,773557531
41092,833811765
41093,678318768
41094,597094261
41095,736394125
41096,974930824
41097,141682944
41098,865179136
41099,864549851
41100,670019445
41101,594279523
41102,987979063
41103,905230358
41104,132972644
41105,685079398
41106,464331243
41107,450316232
41108,834101591
41109,700419837
41110,568026694
41111,527445548
41112,264053190
41113,261712292
41114,265683313
41115,443074136
41116,984758293
41117,269565281
41118,844885995
41119,492373360
41120,970260916
41121,271641557
41122,738124603
41123,574731877
41124,150820990
41125,819888073
41126,753351935
41127,595728187
41128,760603272
41129,996483197
41130,798293408
41131,108697856
41132,400660939
41133,538458741
41134,740180704
41135,563479192
41136,495881775
41137,548707988
41138,780477476
41139,569837184
41140,600541968
41141,707270915
41142,20685582
41143,59901118
41144,402963628
41145,240626575
41146,862640586
41147,498840827
41148,231489502
41149,307816107
41150,391734752
41151,978892234
41152,43329015
41153,902148107
41154,475231993
41155,29916876
41156,713693466
41157,276892294
41158,771980176
41159,436354507
41160,224176133
41161,615413259
41162,107342649
41163,287497444
41164,364128669
41165,517860982
41166,999734408
41167,139354206
41168,70636572
41169,434394540
41170,872834514
41171,677024948
41172,780706909
41173,959731383
41174,785062303
41175,217171799
41176,527925438
41177,375076675
41178,997758860
41179,32523560
41180,543884052
41181,207685507
41182,542282686
41183,613498028
41184,25823888
41185,538975941
41186,659058332
41187,670894166
41188,574173590
41189,854677405
41190,360997207
41191,630512420
41192,906174006
41193,648951012
41194,530286022
41195,34552010
41196,85486246
41197,406521041
41198,479644286
41199,406097620
41200,94449834
41201,755446326
41202,380032469
41203,109658650
41204,911451559
41205,775750594
41206,376318506
41207,746378536
41208,716506377
41209,408711714
41210,126409311
41211,963367145
41212,286060542
41213,521656211
41214,773152038
41215,46018161
41216,550062426
41217,619838559
41218,635773641
41219,526782881
41220,580732105
41221,151894237
41222,449817263
41223,167343350
41224,398853532
41225,873366071
41226,566431230
41227,550389287
41228,525054299
41229,762856630
41230,702373500
41231,619965571
41232,912260531
41233,677634726
41234,640782319
41235,762189169
41236,759346940
41237,33472968
41238,767197968
41239,926368911
41240,32158447
41241,300160576
41242,109746050
41243,888021955
41244,749004708
41245,551251982
41246,12523649
41247,838929672
41248,712889203
41249,747061675
41250,713942272
41251,318325921
41252,581131139
41253,373085764
41254,400941171
41255,237694866
41256,638997152
41257,840527266
41258,411553498
41259,576655372
41260,644033396
41261,471014540
41262,652608995
41263,575937385
41264,414912484
41265,193000878
41266,985863227
41267,951756397
41268,594097554
41269,912292081
41270,897760567
41271,228706496
41272,95443333
41273,787092357
41274,858134788
41275,284278001
41276,530053812
41277,283981504
41278,119936476
41279,645084916
41280,207970559
41281,653429463
41282,253657723
41283,661740068
41284,75105995
41285,743317469
41286,436610617
41287,881061445
41288,935402672
41289,351294488
41290,887985999
41291,767575288
41292,644654023
41293,969745669
41294,975723507
41295,647558417
41296,337528710
41297,376383549
41298,413546341
41299,544169664
41300,295610077
41301,588979677
41302,450615460
41303,553817294
41304,589385816
41305,754014531
41306,302695913
41307,219562667
41308,850791796
41309,210540256
41310,240467670
41311,185593079
41312,689714788
41313,811179876
41314,684368771
41315,871898523
41316,387529498
41317,331122263
41318,588680459
41319,578279891
41320,447226652
41321,592419007
41322,446246377
41323,601846715
41324,771612289
41325,528117597
41326,577361879
41327,250821391
41328,932896154
41329,972740367
41330,809086856
41331,519491822
41332,688797392
41333,971795746
41334,550271588
41335,932212018
41336,434668964
41337,890226646
41338,2816787
41339,812842078
41340,103564113
41341,660500426
41342,794379549
41343,79456288
41344,12487271
41345,676163866
41346,672876150
41347,463803499
41348,680008898
41349,827099141
41350,387195690
41351,462694490
41352,682271269
41353,340070427
41354,171697042
41355,229982099
41356,61124158
41357,572795530
41358,97416255
41359,373745465
41360,617879276
41361,350632827
41362,33392727
41363,496657303
41364,15464604
41365,403966766
41366,929355008
41367,281124199
41368,491836568
41369,93132690
41370,79065738
41371,833990322
41372,131612546
41373,816931889
41374,801205393
41375,360491985
41376,120657227
41377,603144407
41378,346959911
41379,268232594
41380,602176498
41381,658397277
41382,169405978
41383,809807381
41384,888578177
41385,916764443
41386,923569998
41387,507310650
41388,464900913
41389,209723270
41390,235459978
41391,104634803
41392,431925313
41393,740518194
41394,457492039
41395,610335589
41396,957030533
41397,536599910
41398,915498105
41399,902980172
41400,511574799
41401,93789409
41402,254957494
41403,967491951
41404,470126201
41405,347694578
41406,365819495
41407,881490223
41408,294251071
41409,186445411
41410,275486110
41411,983191922
41412,905459820
41413,418121733
41414,691245993
41415,360379958
41416,926039617
41417,660700088
41418,96214506
41419,701142260
41420,434166092
41421,691708412
41422,196296889
41423,34086201
41424,560756757
41425,540174182
41426,961050014
41427,225997706
41428,166729576
41429,931832547
41430,380899406
41431,108813134
41432,438046366
41433,877773423
41434,356453944
41435,195435351
41436,235798011
41437,807293917
41438,509260482
41439,265587213
41440,267472675
41441,337825412
41442,790214774
41443,888021042
41444,950707342
41445,973404837
41446,547968279
41447,698677417
41448,302379096
41449,711156529
41450,269534347
41451,208071047
41452,870484114
41453,933985296
41454,514369826
41455,855629239
41456,108707185
41457,150839131
41458,971050486
41459,484191330
41460,390220231
41461,152762289
41462,915411919
41463,585950644
41464,611131076
41465,455006725
41466,421505654
41467,464258917
41468,340368667
41469,402244694
41470,6698760
41471,807483308
41472,40046337
41473,554353180
41474,353945525
41475,690708361
41476,850180436
41477,116378759
41478,512771070
41479,293488253
41480,683025223
41481,345195528
41482,349659472
41483,997943136
41484,810084185
41485,652591165
41486,609032965
41487,965601698
41488,255898040
41489,234848831
41490,704710043
41491,445319128
41492,317591599
41493,949754598
41494,426571405
41495,599510711
41496,308985910
41497,205103612
41498,989424247
41499,450265814
41500,780945145
41501,333457697
41502,564993098
41503,594467866
41504,636592318
41505,804382835
41506,900681187
41507,188670813
41508,822053997
41509,226444290
41510,776561425
41511,42602421
41512,255721105
41513,276208697
41514,51110440
41515,401312138
41516,571631290
41517,300578058
41518,393703658
41519,842119989
41520,602505871
41521,67064644
41522,811894693
41523,277345697
41524,896515685
41525,412840052
41526,70519734
41527,332140246
41528,929991029
41529,531089594
41530,737282349
41531,621049237
41532,177550560
41533,146216703
41534,469390848
41535,653966545
41536,335310284
41537,601120242
41538,265188043
41539,135027941
41540,902378808
41541,445170214
41542,460560095
41543,317296331
41544,563535870
41545,868638050
41546,805483245
41547,463915182
41548,101597142
41549,421855544
41550,53683082
41551,227717852
41552,924185492
41553,333480372
41554,142487093
41555,716506874
41556,206883849
41557,135393673
41558,827578463
41559,295619618
41560,905263073
41561,383055942
41562,425644744
41563,878308765
41564,269716070
41565,656510775
41566,628447595
41567,511031530
41568,327763900
41569,565010603
41570,298785913
41571,385435933
41572,36983328
41573,80695927
41574,841702050
41575,856696470
41576,160412152
41577,673155974
41578,776100318
41579,663641107
41580,492416373
41581,755532178
41582,96994456
41583,651679448
41584,162412404
41585,747966534
41586,993975009
41587,199276359
41588,138465646
41589,489532702
41590,60477452
41591,484102197
41592,108158446
41593,181362126
41594,195626325
41595,584278841
41596,183781332
41597,16103421
41598,491539611
41599,635730748
41600,989163189
41601,520737973
41602,185463278
41603,507513986
41604,311401141
41605,694545059
41606,681560246
41607,408067118
41608,152911697
41609,501884168
41610,329603568
41611,617533908
41612,172865228
41613,862880178
41614,857507963
41615,406181526
41616,271043786
41617,134320377
41618,872886190
41619,175703219
41620,184515367
41621,644680468
41622,558100182
41623,145207199
41624,692604606
41625,485554386
41626,214639268
41627,942672015
41628,287840803
41629,988745344
41630,681955125
41631,90539966
41632,352961532
41633,250950394
41634,692025391
41635,619688222
41636,802902439
41637,323516077
41638,699032051
41639,697178927
41640,584318821
41641,372124022
41642,598826575
41643,668227705
41644,928158757
41645,207203301
41646,776337018
41647,22488171
41648,853009975
41649,899884747
41650,423767486
41651,164595942
41652,524861281
41653,924889963
41654,744498696
41655,475760441
41656,796821540
41657,270759665
41658,622252244
41659,938892659
41660,287292738
41661,884114331
41662,74064314
41663,952699945
41664,424473864
41665,21794704
41666,150715664
41667,810086037
41668,500893992
41669,576215481
41670,706477136
41671,538234361
41672,790727855
41673,246604234
41674,912734012
41675,724454755
41676,907885686
41677,453622520
41678,411463744
41679,956291992
41680,855170018
41681,446728937
41682,605609889
41683,440337400
41684,985016523
41685,732714946
41686,146278759
41687,896258572
41688,449854476
41689,78088992
41690,481570558
41691,366094405
41692,285673035
41693,929959625
41694,616368737
41695,125620780
41696,673641617
41697,444392747
41698,592306859
41699,808850159
41700,172594272
41701,680692250
41702,611470030
41703,572373943
41704,634232960
41705,785308406
41706,247977323
41707,832572392
41708,418481163
41709,61931708
41710,56360952
41711,668102024
41712,303158572
41713,768361025
41714,125294761
41715,904243753
41716,872036953
41717,185074753
41718,30004139
41719,140085146
41720,394312303
41721,261514612
41722,956435331
41723,29272758
41724,96577499
41725,460449777
41726,76432832
41727,796517784
41728,896106283
41729,577036044
41730,427636563
41731,536362340
41732,63851403
41733,722511127
41734,629814264
41735,431132335
41736,757802993
41737,627088240
41738,285423248
41739,475580298
41740,243746761
41741,437829333
41742,428152773
41743,539925584
41744,759050305
41745,860289215
41746,2802477
41747,287055785
41748,2913197
41749,604375439
41750,69835269
41751,85940590
41752,264959483
41753,647470270
41754,455217600
41755,20746962
41756,726145780
41757,346245460
41758,741928152
41759,333886442
41760,500085577
41761,245844777
41762,17849285
41763,47543998
41764,327142663
41765,610257271
41766,982854789
41767,661352339
41768,426850795
41769,161355665
41770,119110632
41771,289886323
41772,721708530
41773,923994310
41774,750272318
41775,772398945
41776,217263320
41777,587513369
41778,485101459
41779,122207896
41780,63330798
41781,15266738
41782,998648479
41783,30283512
41784,337590835
41785,187297810
41786,991281833
41787,916346441
41788,525852195
41789,702976384
41790,231593755
41791,276688100
41792,546430582
41793,552305023
41794,769786976
41795,346188778
41796,512844632
41797,874232374
41798,908914760
41799,329480914
41800,459794062
41801,28596926
41802,723871822
41803,256656205
41804,315086618
41805,635153827
41806,403263721
41807,608750391
41808,317859525
41809,39014938
41810,144633236
41811,720396700
41812,993890332
41813,79233366
41814,422638543
41815,908497029
41816,166756683
41817,620622144
41818,147496730
41819,932238609
41820,148166170
41821,847905557
41822,860740265
41823,235556056
41824,550525723
41825,877719334
41826,588520837
41827,563054236
41828,691295116
41829,860529588
41830,555607863
41831,758826719
41832,132347160
41833,477995261
41834,42266400
41835,359597625
41836,238946427
41837,746067945
41838,436897197
41839,162332529
41840,982230021
41841,704228049
41842,449027172
41843,208788588
41844,457927687
41845,482920237
41846,924576785
41847,199237221
41848,528507580
41849,318194912
41850,41209347
41851,962430782
41852,509811959
41853,640982427
41854,404993596
41855,419848728
41856,202536093
41857,644098187
41858,750927121
41859,524765811
41860,618767859
41861,747520635
41862,244049486
41863,279029354
41864,405470355
41865,911036281
41866,357753230
41867,435461153
41868,303457769
41869,454120284
41870,770014455
41871,960393944
41872,677052358
41873,915009326
41874,979242164
41875,63140536
41876,687953969
41877,677335691
41878,51014036
41879,120318156
41880,938308393
41881,123328171
41882,493986297
41883,642865264
41884,792382324
41885,978220194
41886,508266621
41887,304472213
41888,813852731
41889,897753974
41890,751678442
41891,502217189
41892,829945466
41893,66115664
41894,349113465
41895,893025701
41896,873740406
41897,273506118
41898,311247797
41899,725306318
41900,102157470
41901,348457763
41902,20716838
41903,146871775
41904,828244166
41905,66068833
41906,837967036
41907,507363383
41908,552863737
41909,612137187
41910,987695293
41911,564918761
41912,318668584
41913,281218105
41914,555128476
41915,120727487
41916,723081836
41917,603574841
41918,142499470
41919,787145713
41920,571496005
41921,552314500
41922,288192424
41923,368194376
41924,804594399
41925,245418278
41926,132105117
41927,735408741
41928,41060054
41929,766058959
41930,636217805
41931,161678154
41932,846923545
41933,625088536
41934,301613644
41935,155914251
41936,195607398
41937,915279163
41938,90815928
41939,5797513
41940,25422799
41941,644876054
41942,583060865
41943,572621243
41944,47141653
41945,260985380
41946,436973297
41947,403382909
41948,640462875
41949,910519528
41950,933031428
41951,903812064
41952,898221402
41953,366086064
41954,33657817
41955,883174506
41956,916384807
41957,796567486
41958,843590434
41959,402805390
41960,20314709
41961,21788731
41962,906009918
41963,758184578
41964,615269741
41965,379216434
41966,21833940
41967,811757184
41968,635555733
41969,958550149
41970,421563704
41971,48567009
41972,3832676
41973,640347176
41974,597791424
41975,71542797
41976,855400042
41977,831203942
41978,186887340
41979,217883893
41980,144364602
41981,948089457
41982,381807120
41983,381753461
41984,420921225
41985,839765260
41986,648171460
41987,774281643
41988,446135604
41989,886524206
41990,100097112
41991,859198124
41992,934661025
41993,978234765
41994,167155370
41995,688773806
41996,859300971
41997,18595904
41998,553296414
41999,445941916
42000,367778594
42001,364111640
42002,45150631
42003,343285586
42004,202682829
42005,8192839
42006,32409853
42007,998746714
42008,190930081
42009,558273638
42010,133943156
42011,561977560
42012,623300925
42013,375128963
42014,156426357
42015,582141826
42016,556404967
42017,588052114
42018,151910547
42019,732419157
42020,163447886
42021,811148069
42022,315565801
42023,704913161
42024,690391613
42025,611877490
42026,865216493
42027,71825932
42028,390553731
42029,260734889
42030,668647029
42031,862963827
42032,352996642
42033,308952094
42034,495598611
42035,553114960
42036,709241291
42037,314678318
42038,379576449
42039,784692180
42040,341835091
42041,738933806
42042,539913426
42043,473381975
42044,993654696
42045,716552001
42046,110794597
42047,568942341
42048,25826411
42049,236837668
42050,539359852
42051,36876218
42052,736028045
42053,66635234
42054,875883134
42055,165721788
42056,683249114
42057,516082442
42058,286790377
42059,264336260
42060,556048273
42061,735415878
42062,661555697
42063,410832538
42064,277525319
42065,191867785
42066,236914484
42067,577822233
42068,894343505
42069,193381649
42070,542647994
42071,191077036
42072,526760581
42073,892414602
42074,609903599
42075,565690763
42076,696894449
42077,346847544
42078,823901983
42079,60429007
42080,949193758
42081,311573011
42082,364508638
42083,169494225
42084,936397078
42085,660632876
42086,29882969
42087,100193324
42088,818519408
42089,802417363
42090,267201331
42091,108346178
42092,838877150
42093,194271916
42094,578897540
42095,923038475
42096,133748055
42097,664591481
42098,406062427
42099,933272314
42100,99481622
42101,841165991
42102,13754179
42103,556637679
42104,335183598
42105,969164917
42106,301692841
42107,128911750
42108,174582225
42109,508326906
42110,314552414
42111,711606521
42112,718024664
42113,744538647
42114,576935153
42115,903151425
42116,207913921
42117,891059218
42118,462296632
42119,537441529
42120,997999247
42121,324199869
42122,793703947
42123,402665554
42124,568190786
42125,349303492
42126,507561840
42127,728311762
42128,161445345
42129,102848771
42130,774614321
42131,876327753
42132,126259895
42133,633895547
42134,877427628
42135,55403073
42136,903505326
42137,981270667
42138,359043204
42139,8737808
42140,812946111
42141,11635529
42142,624842682
42143,66170303
42144,458655872
42145,791304289
42146,143430759
42147,442875225
42148,623486325
42149,430287652
42150,420692633
42151,135987649
42152,282537317
42153,648866016
42154,83417455
42155,286804003
42156,649360628
42157,643362193
42158,992797627
42159,535871134
42160,345927749
42161,623561961
42162,995526100
42163,969902078
42164,634597684
42165,652776575
42166,941666140
42167,591746232
42168,824506998
42169,778720344
42170,548384487
42171,231188658
42172,498148168
42173,610938265
42174,645822205
42175,750336326
42176,12987008
42177,117925026
42178,86729333
42179,920073159
42180,70082590
42181,716116186
42182,510535366
42183,7548256
42184,638426076
42185,870139731
42186,895470448
42187,847334256
42188,600058436
42189,473772791
42190,304004896
42191,741734940
42192,130768181
42193,15909009
42194,680254449
42195,618062896
42196,147278585
42197,188860862
42198,507585205
42199,180132148
42200,5525103
42201,477522274
42202,112308962
42203,352879696
42204,264813246
42205,549412204
42206,381538376
42207,618161049
42208,522631052
42209,255358367
42210,726308113
42211,236594334
42212,836370389
42213,525971488
42214,175916696
42215,371454571
42216,443981412
42217,888285661
42218,601413527
42219,213605430
42220,123782776
42221,532843774
42222,279382052
42223,955953104
42224,575493433
42225,474164833
42226,923243462
42227,233421409
42228,527049090
42229,162635612
42230,735690212
42231,622932384
42232,10678862
42233,960896537
42234,204784485
42235,788086794
42236,242471459
42237,451336945
42238,119512373
42239,664706195
42240,371383522
42241,729902967
42242,670052569
42243,946110292
42244,98674004
42245,223353365
42246,538261465
42247,291020258
42248,666590191
42249,667657349
42250,966286385
42251,241091963
42252,65149964
42253,666287893
42254,715660829
42255,560401546
42256,245277561
42257,11687487
42258,763690276
42259,997986124
42260,142530931
42261,658734542
42262,250339157
42263,428664320
42264,806414460
42265,378324553
42266,689961507
42267,21578469
42268,557084278
42269,680231453
42270,24440682
42271,560795965
42272,457795128
42273,324947483
42274,242192800
42275,405195144
42276,329658298
42277,638970381
42278,760753898
42279,691090217
42280,348970566
42281,945852792
42282,525954209
42283,332309412
42284,857644704
42285,118999243
42286,190335017
42287,827448177
42288,715388869
42289,990258498
42290,200606914
42291,707512793
42292,472466507
42293,712314781
42294,61596937
42295,214094238
42296,434092851
42297,361814423
42298,164239036
42299,472177910
42300,94608647
42301,882096985
42302,218343800
42303,182525699
42304,9730393
42305,956849971
42306,147876640
42307,51246240
42308,721449056
42309,903763445
42310,113836413
42311,173980853
42312,58570947
42313,825931172
42314,897154100
42315,886770705
42316,132779316
42317,730135573
42318,446379739
42319,893515234
42320,560605363
42321,416292055
42322,172975101
42323,426959894
42324,157308952
42325,551674736
42326,87744553
42327,990241532
42328,77635650
42329,959241632
42330,258456641
42331,517719716
42332,424261115
42333,971697292
42334,201949128
42335,52043333
42336,930806615
42337,690585199
42338,380368962
42339,415001864
42340,695371246
42341,148190341
42342,603971380
42343,246005414
42344,400875691
42345,931555582
42346,971544544
42347,240726893
42348,518070999
42349,611479146
42350,7324606
42351,33501355
42352,28279736
42353,714500574
42354,246391493
42355,60657165
42356,700234997
42357,868111651
42358,862059528
42359,400876524
42360,714907368
42361,44064852
42362,95921436
42363,656924504
42364,558866651
42365,663611721
42366,5617272
42367,919721424
42368,230930070
42369,720396947
42370,352422401
42371,151881533
42372,151901219
42373,299184543
42374,319127408
42375,155117156
42376,350697913
42377,930775164
42378,381273163
42379,777573408
42380,798236818
42381,957388475
42382,176513551
42383,235439864
42384,193916036
42385,52638442
42386,672924889
42387,871723502
42388,936154508
42389,998847918
42390,401379007
42391,389300071
42392,816489567
42393,144314827
42394,469371682
42395,765296404
42396,440195188
42397,386277548
42398,565028765
42399,601035455
42400,840416740
42401,649900665
42402,847370632
42403,542906328
42404,611359926
42405,114673351
42406,178318127
42407,601534963
42408,145153213
42409,782906274
42410,221783378
42411,843311164
42412,129652560
42413,776055038
42414,114072687
42415,164779404
42416,187256448
42417,359293909
42418,368567865
42419,892903796
42420,80385750
42421,833123985
42422,639311807
42423,987060417
42424,538589906
42425,360600466
42426,171438386
42427,590502846
42428,827060294
42429,943959757
42430,451432095
42431,227382160
42432,235639215
42433,359992178
42434,473540651
42435,330908976
42436,331948339
42437,649531489
42438,496548836
42439,752339845
42440,309606642
42441,6151717
42442,193081088
42443,775152835
42444,883332888
42445,887622860
42446,99267172
42447,482051469
42448,381034612
42449,342974333
42450,595774733
42451,67210921
42452,733923257
42453,60663801
42454,845001918
42455,9162340
42456,577660899
42457,394657683
42458,901945549
42459,217367180
42460,348861498
42461,688316926
42462,117541059
42463,930392723
42464,491273148
42465,901358305
42466,940631194
42467,304218063
42468,955743400
42469,911214807
42470,186879384
42471,249500658
42472,126216625
42473,580038226
42474,275252180
42475,986027295
42476,413836677
42477,817215578
42478,184145085
42479,283333034
42480,753767760
42481,391675784
42482,960020390
42483,800614455
42484,482181179
42485,784506197
42486,841773271
42487,173063901
42488,852805909
42489,589919558
42490,101142980
42491,487771980
42492,716356321
42493,15518229
42494,911954659
42495,530792106
42496,250666309
42497,352433752
42498,988093398
42499,595452184
42500,196331316
42501,786329668
42502,550765222
42503,115961479
42504,798722784
42505,54310702
42506,149986775
42507,955198028
42508,769732770
42509,296234542
42510,725413557
42511,371684190
42512,150770557
42513,259563011
42514,387641294
42515,616658877
42516,479458569
42517,685494636
42518,470571368
42519,995860135
42520,560738970
42521,877500862
42522,129488805
42523,511958085
42524,90636378
42525,732358139
42526,976989178
42527,874441096
42528,76207201
42529,515349753
42530,10271466
42531,469375383
42532,867499068
42533,414358763
42534,759142119
42535,861189691
42536,754985563
42537,851306287
42538,629444585
42539,970514091
42540,148498734
42541,600935159
42542,964109800
42543,281766762
42544,388479687
42545,784501525
42546,160567454
42547,910553972
42548,782207068
42549,280070957
42550,682567932
42551,94287381
42552,570351709
42553,736880805
42554,412041475
42555,741827353
42556,612124774
42557,11382347
42558,377083846
42559,321588299
42560,470407458
42561,579895081
42562,318505806
42563,800173049
42564,718172610
42565,557790914
42566,715841436
42567,343310083
42568,448166395
42569,131209904
42570,173900246
42571,782691179
42572,843380482
42573,628081103
42574,25101354
42575,205278697
42576,595031924
42577,50027276
42578,865315129
42579,683313274
42580,735003512
42581,257420723
42582,857772468
42583,865336064
42584,735544769
42585,749741330
42586,37778122
42587,937209196
42588,758615515
42589,293111576
42590,626151215
42591,526228842
42592,992671933
42593,19450404
42594,57124517
42595,484483332
42596,891401706
42597,860227949
42598,116323222
42599,462428960
42600,126010310
42601,757630432
42602,811697251
42603,59400187
42604,965619404
42605,647316772
42606,255389438
42607,292265180
42608,355430617
42609,323642236
42610,733172523
42611,454949450
42612,196115214
42613,668791427
42614,935380083
42615,269711101
42616,489871075
42617,117834347
42618,553107671
42619,547173264
42620,103165312
42621,315165825
42622,648692033
42623,306480191
42624,406312520
42625,100914179
42626,348619083
42627,466315526
42628,11542069
42629,11410651
42630,386635106
42631,206611008
42632,245637515
42633,489395215
42634,33213056
42635,628087066
42636,714070321
42637,148619896
42638,324927937
42639,641442399
42640,451224192
42641,576607848
42642,797398492
42643,822147123
42644,396389231
42645,991417937
42646,388339259
42647,141736349
42648,289839435
42649,113546032
42650,213514456
42651,684238211
42652,992240349
42653,995868971
42654,218418022
42655,550026560
42656,294603530
42657,514769460
42658,400671563
42659,579803888
42660,470437507
42661,205383147
42662,580429731
42663,763617996
42664,401815002
42665,606512464
42666,864308140
42667,502257225
42668,388196124
42669,93492205
42670,671225473
42671,656551870
42672,562383585
42673,979004809
42674,139606660
42675,479970229
42676,352037444
42677,806185499
42678,717776882
42679,562475313
42680,195943497
42681,875184236
42682,993545304
42683,920167007
42684,497347715
42685,472064695
42686,398718064
42687,698662868
42688,827268685
42689,805254931
42690,653352616
42691,609659704
42692,165545382
42693,104700092
42694,803766350
42695,140856799
42696,39273400
42697,79101584
42698,834365894
42699,956451511
42700,14614746
42701,167945896
42702,658534095
42703,675779406
42704,684000475
42705,861055230
42706,893390283
42707,986376977
42708,480164457
42709,674787063
42710,369474027
42711,680877548
42712,627017383
42713,16631276
42714,262523609
42715,183626900
42716,469088265
42717,652171242
42718,946817253
42719,316423093
42720,735328141
42721,211908627
42722,536463407
42723,247214135
42724,883883080
42725,545828587
42726,925821106
42727,98365965
42728,874823164
42729,162288543
42730,879738434
42731,534719540
42732,663901749
42733,789448632
42734,512469525
42735,76422966
42736,729678838
42737,956933323
42738,648505659
42739,81776668
42740,734341565
42741,329436070
42742,643060460
42743,164990347
42744,3154823
42745,167528369
42746,350017255
42747,873777686
42748,286219770
42749,404377086
42750,999625401
42751,909433443
42752,474535704
42753,733525102
42754,286025647
42755,103963401
42756,901428921
42757,68619068
42758,651987468
42759,821027407
42760,723469995
42761,677729660
42762,34675061
42763,59581797
42764,321607762
42765,946903242
42766,650444038
42767,426939919
42768,704865079
42769,611025351
42770,82104428
42771,682394581
42772,133885457
42773,684681829
42774,153793362
42775,568985451
42776,397625537
42777,45903798
42778,751820516
42779,969174416
42780,232592866
42781,698594320
42782,30312422
42783,649649922
42784,994490186
42785,793076324
42786,628866772
42787,491354620
42788,399378936
42789,959560217
42790,493530740
42791,743308307
42792,500507605
42793,44672796
42794,4338841
42795,24780999
42796,428446717
42797,841311019
42798,932800610
42799,71816523
42800,977682974
42801,242507099
42802,679487714
42803,218395936
42804,208375925
42805,259976748
42806,343403887
42807,737240929
42808,618395590
42809,204015089
42810,145960061
42811,84389266
42812,637932673
42813,538515056
42814,697037846
42815,255189891
42816,737476246
42817,310533904
42818,402220362
42819,218490195
42820,278927740
42821,905865123
42822,723219199
42823,441518449
42824,946569507
42825,454550046
42826,657567212
42827,527735327
42828,32654737
42829,880444996
42830,602047410
42831,859142261
42832,782836574
42833,306308793
42834,758672514
42835,994750555
42836,411950851
42837,795971581
42838,566066276
42839,256561523
42840,569843930
42841,556859583
42842,678598770
42843,958558825
42844,94236288
42845,839216525
42846,847346204
42847,337225194
42848,992057115
42849,946082548
42850,591195343
42851,961474741
42852,894655609
42853,678190619
42854,508485792
42855,501985774
42856,453534831
42857,468774307
42858,505738957
42859,263271533
42860,949629600
42861,828016358
42862,924830774
42863,666903250
42864,453878871
42865,893312391
42866,484876771
42867,399512168
42868,285279533
42869,20995930
42870,548557884
42871,254031947
42872,395477000
42873,876076580
42874,34443934
42875,618296534
42876,976127710
42877,361136233
42878,160749492
42879,343872354
42880,613784918
42881,268238755
42882,661660343
42883,126510377
42884,591557449
42885,819596649
42886,421597607
42887,676701357
42888,275957850
42889,251794743
42890,676927951
42891,380289851
42892,924976755
42893,23006487
42894,882729377
42895,8253554
42896,792794152
42897,988015176
42898,783831725
42899,141247813
42900,62154991
42901,249074553
42902,242910872
42903,10567616
42904,270183763
42905,478752817
42906,635072108
42907,880537453
42908,53248687
42909,229243059
42910,250754821
42911,670178213
42912,951627876
42913,22174637
42914,657425823
42915,427315056
42916,84032563
42917,352009801
42918,319253531
42919,760611841
42920,160708817
42921,492209363
42922,424693606
42923,573609683
42924,147188024
42925,352303119
42926,880105459
42927,22301352
42928,84583221
42929,89491294
42930,136249365
42931,55813754
42932,716782927
42933,841103974
42934,181333273
42935,330320145
42936,249626805
42937,732775307
42938,95849165
42939,766880067
42940,523422707
42941,587266881
42942,307288822
42943,632767926
42944,127711777
42945,807710269
42946,129341557
42947,949773359
42948,945155020
42949,338861082
42950,840872578
42951,596547277
42952,905191371
42953,274068215
42954,302543983
42955,453632091
42956,871320221
42957,71748258
42958,156476527
42959,330716350
42960,330321243
42961,603992525
42962,413416680
42963,610418505
42964,561837035
42965,32378752
42966,272636098
42967,780074468
42968,871157172
42969,502092444
42970,496886297
42971,696891351
42972,514834645
42973,33090936
42974,98451758
42975,70145439
42976,440332493
42977,704269907
42978,160413069
42979,153893302
42980,192735533
42981,168207129
42982,39470675
42983,31920218
42984,263397577
42985,487248634
42986,976935560
42987,390084851
42988,938328124
42989,368665573
42990,756584545
42991,696116550
42992,396816336
42993,492156296
42994,262267762
42995,583065293
42996,85164012
42997,840252930
42998,832800841
42999,100380975
43000,604442181
43001,318650614
43002,746570220
43003,897119246
43004,362009568
43005,511835585
43006,668036920
43007,343629302
43008,87780307
43009,597612211
43010,35912058
43011,794905505
43012,665353002
43013,158345418
43014,474027490
43015,302863615
43016,346332254
43017,370804605
43018,962303225
43019,770804391
43020,412888201
43021,740305012
43022,268819135
43023,440645302
43024,789286294
43025,211250964
43026,896863202
43027,293514978
43028,427744342
43029,522745144
43030,532358046
43031,404317366
43032,823796937
43033,131737360
43034,684851906
43035,176374455
43036,409151703
43037,16236440
43038,457911601
43039,489415060
43040,98987799
43041,394956796
43042,40742492
43043,578987891
43044,521206797
43045,290486231
43046,228516053
43047,388046645
43048,961198760
43049,723077510
43050,23254120
43051,269766846
43052,132648675
43053,670474630
43054,224808490
43055,550957902
43056,295318450
43057,511211654
43058,673005100
43059,275066643
43060,606142398
43061,939632249
43062,908463976
43063,818712838
43064,894773013
43065,744438488
43066,763259835
43067,108274792
43068,595700576
43069,503160527
43070,103358345
43071,731417012
43072,280089746
43073,748506339
43074,288580790
43075,393154944
43076,592662164
43077,67786137
43078,534110513
43079,556367459
43080,403902888
43081,578284109
43082,288416709
43083,249378347
43084,355958172
43085,160650065
43086,595657897
43087,945132671
43088,286487686
43089,855157676
43090,666444516
43091,154906811
43092,645336881
43093,903034641
43094,356951790
43095,421238128
43096,571635763
43097,843177860
43098,495861405
43099,542618628
43100,166381202
43101,605132301
43102,266347205
43103,228334620
43104,746779407
43105,76159449
43106,797004571
43107,409766575
43108,966009842
43109,31854985
43110,99548435
43111,872471297
43112,457260372
43113,10547923
43114,78324008
43115,199957338
43116,12980684
43117,115189321
43118,795740253
43119,209856228
43120,309212384
43121,49788017
43122,305878606
43123,826342555
43124,155983727
43125,706444960
43126,98927081
43127,730122654
43128,234273015
43129,28472318
43130,820057194
43131,797233446
43132,979115898
43133,418953768
43134,266796205
43135,350287789
43136,716320432
43137,931730247
43138,768222778
43139,177394102
43140,832242777
43141,533790717
43142,158448133
43143,760179063
43144,440212080
43145,513328350
43146,270643073
43147,833681309
43148,176426929
43149,192883204
43150,253221819
43151,848695376
43152,285701814
43153,498775579
43154,293244141
43155,349001539
43156,498662497
43157,736016636
43158,505943402
43159,606250749
43160,194478913
43161,378827080
43162,371267133
43163,979637199
43164,844406989
43165,888142425
43166,759561247
43167,382341675
43168,1950842
43169,159814542
43170,151419468
43171,775807876
43172,24020846
43173,885310114
43174,127052858
43175,261461326
43176,4051515
43177,801770050
43178,709279637
43179,807606068
43180,637622236
43181,407914565
43182,381619746
43183,781607730
43184,694011116
43185,343498331
43186,914210079
43187,699397697
43188,807965075
43189,272526645
43190,915845403
43191,663072961
43192,420621680
43193,745187455
43194,560349899
43195,392012156
43196,765726361
43197,323072861
43198,513698741
43199,69212348
43200,688269550
43201,999797275
43202,190288086
43203,693147077
43204,811533558
43205,211667708
43206,46131306
43207,605048833
43208,24276453
43209,707035391
43210,313135305
43211,330434248
43212,475836097
43213,787263684
43214,651666072
43215,73443748
43216,98045280
43217,538203891
43218,870550382
43219,156456651
43220,540429396
43221,148998398
43222,980441183
43223,875223077
43224,656870914
43225,484578747
43226,186611406
43227,760237753
43228,495568426
43229,488508987
43230,701202242
43231,254246622
43232,322130989
43233,873392177
43234,212890782
43235,258610587
43236,850953752
43237,138669089
43238,317752909
43239,603954554
43240,819396978
43241,842336794
43242,514504837
43243,353096882
43244,379213225
43245,539606622
43246,363580259
43247,306621206
43248,238418421
43249,192938092
43250,411222305
43251,494181534
43252,236332435
43253,79890065
43254,894730963
43255,154479727
43256,569242276
43257,327654519
43258,409960814
43259,681031367
43260,106360963
43261,278637611
43262,828158426
43263,684700075
43264,795513283
43265,412573680
43266,349934056
43267,395803588
43268,290636010
43269,102189090
43270,150917753
43271,116447633
43272,121136762
43273,374748660
43274,603992108
43275,758675841
43276,737910437
43277,622562651
43278,51945444
43279,777115439
43280,313143893
43281,32219379
43282,40987121
43283,10923300
43284,369303599
43285,657774760
43286,359443495
43287,10348531
43288,207181673
43289,443416298
43290,468944154
43291,425497186
43292,460263400
43293,956395822
43294,288418645
43295,165991135
43296,691528452
43297,11314180
43298,979622336
43299,640648142
43300,691713173
43301,358032912
43302,757984272
43303,116865253
43304,443787289
43305,679754435
43306,47177386
43307,485263630
43308,809325159
43309,883090493
43310,604895005
43311,72820582
43312,58487398
43313,301277625
43314,991759224
43315,354559670
43316,245751500
43317,297229876
43318,609788967
43319,405354229
43320,984467955
43321,716053576
43322,284427101
43323,73947678
43324,189944986
43325,683186144
43326,768071532
43327,87154942
43328,874766506
43329,533011346
43330,114609312
43331,392578608
43332,511493195
43333,947185394
43334,548774646
43335,74116527
43336,814557919
43337,616007435
43338,547223389
43339,966597962
43340,95463728
43341,516716201
43342,227936342
43343,523375237
43344,751515203
43345,759943234
43346,445056713
43347,658045144
43348,455819593
43349,713371535
43350,503862388
43351,791667484
43352,296024216
43353,308404861
43354,238062778
43355,519383293
43356,534511840
43357,149853297
43358,364555289
43359,618399680
43360,614902097
43361,495188302
43362,346634775
43363,651800589
43364,546668502
43365,34049789
43366,63000081
43367,287009012
43368,191167128
43369,622963924
43370,129297512
43371,514141622
43372,521650833
43373,559853248
43374,774382985
43375,981966893
43376,653377258
43377,845068668
43378,235407253
43379,874084802
43380,635932325
43381,713169477
43382,827872629
43383,364838317
43384,832860233
43385,172065615
43386,567727960
43387,115485633
43388,280437383
43389,346506650
43390,666773385
43391,312604519
43392,412936371
43393,618434464
43394,222231894
43395,292114542
43396,475003233
43397,309256850
43398,372686358
43399,155142035
43400,816432155
43401,47750012
43402,209791339
43403,995270297
43404,678760311
43405,558371657
43406,428697450
43407,517354324
43408,426283357
43409,374397478
43410,862051181
43411,453463653
43412,457671233
43413,594518348
43414,379921063
43415,284070295
43416,778510027
43417,326663283
43418,894890998
43419,493186266
43420,10162648
43421,166772021
43422,677385804
43423,885094756
43424,703970167
43425,255847459
43426,37626260
43427,744386987
43428,142056661
43429,164978899
43430,622862508
43431,608475703
43432,307239764
43433,619578475
43434,14740450
43435,833725465
43436,212678166
43437,186672896
43438,764786488
43439,909103046
43440,743041472
43441,318139439
43442,796727193
43443,714270549
43444,7019090
43445,260376324
43446,465339490
43447,240801682
43448,746705945
43449,611320073
43450,511756157
43451,249722957
43452,470015665
43453,989818045
43454,164250951
43455,518864754
43456,977016407
43457,59665836
43458,995908871
43459,668331093
43460,829059481
43461,678568197
43462,232311252
43463,73501532
43464,567790247
43465,151780932
43466,805334650
43467,410285760
43468,459137238
43469,934470908
43470,335730965
43471,520839500
43472,66845140
43473,510028916
43474,80319098
43475,499163548
43476,78162117
43477,670616578
43478,626156726
43479,406475738
43480,972876816
43481,228644111
43482,485158683
43483,546072673
43484,431279716
43485,941792207
43486,297821899
43487,305547633
43488,268009503
43489,791256508
43490,936838212
43491,63805840
43492,151364983
43493,48351157
43494,319621152
43495,538895546
43496,816365879
43497,815699171
43498,292408506
43499,431211321
43500,906222960
43501,817850742
43502,60957462
43503,354138032
43504,971242887
43505,227977708
43506,16356244
43507,688852731
43508,30120829
43509,572328329
43510,439198184
43511,711484652
43512,198606881
43513,922659246
43514,486496311
43515,150147679
43516,875083750
43517,248371385
43518,236186301
43519,750229076
43520,441179718
43521,395967475
43522,461909088
43523,608703878
43524,639874747
43525,74507203
43526,210697919
43527,442453075
43528,310246782
43529,745161718
43530,380617202
43531,513646070
43532,608775277
43533,52349016
43534,469501148
43535,621364885
43536,125439557
43537,806360841
43538,930268035
43539,424626429
43540,438788506
43541,19605304
43542,540604975
43543,956084648
43544,584485337
43545,158471990
43546,291892385
43547,694240368
43548,423922272
43549,769134670
43550,841077499
43551,541463436
43552,348356690
43553,931924680
43554,528441494
43555,157445811
43556,606398498
43557,157131894
43558,695114129
43559,436444791
43560,70802247
43561,697409490
43562,318155082
43563,894661060
43564,751504945
43565,448863479
43566,925858073
43567,319609255
43568,990105554
43569,161327686
43570,910777515
43571,526603955
43572,4870230
43573,620709070
43574,567289136
43575,901039298
43576,177813764
43577,378966965
43578,805324019
43579,906640929
43580,435432192
43581,778348412
43582,662699050
43583,452336684
43584,464367559
43585,671414886
43586,971144268
43587,105355511
43588,798383007
43589,15963823
43590,207627277
43591,427168711
43592,692402941
43593,452626201
43594,426015033
43595,616249393
43596,451073308
43597,825500680
43598,985788412
43599,826375815
43600,91358979
43601,311043164
43602,984271806
43603,488973135
43604,533650778
43605,895333015
43606,647793153
43607,219012862
43608,311534130
43609,204900949
43610,386591986
43611,64523143
43612,733617489
43613,130230812
43614,316290542
43615,338537984
43616,471387158
43617,323757566
43618,536084727
43619,562268450
43620,53329682
43621,657607499
43622,139617994
43623,291055149
43624,237221748
43625,475197626
43626,348163239
43627,539670767
43628,468095302
43629,770844383
43630,56393307
43631,418080899
43632,271936980
43633,808246775
43634,200611189
43635,563345276
43636,574974202
43637,111335236
43638,118186834
43639,465167241
43640,910522709
43641,823915569
43642,401994522
43643,50868527
43644,163226558
43645,834430229
43646,399616428
43647,347483787
43648,187690966
43649,712492499
43650,373921203
43651,215100348
43652,715426656
43653,608083730
43654,65466415
43655,519467029
43656,274576721
43657,731260660
43658,726563651
43659,348887539
43660,881022582
43661,929147406
43662,828100558
43663,35440060
43664,285038135
43665,36434990
43666,670166379
43667,826463900
43668,582702080
43669,347689592
43670,423663321
43671,802589910
43672,161127980
43673,939725306
43674,639827564
43675,81517793
43676,993499066
43677,311652296
43678,124887866
43679,198756159
43680,381049350
43681,541586797
43682,376193994
43683,190607212
43684,367663410
43685,528613123
43686,171370547
43687,831691329
43688,727566607
43689,328169087
43690,171512024
43691,437308726
43692,87649967
43693,558140671
43694,181894983
43695,686794760
43696,625733284
43697,313820010
43698,69335137
43699,730739371
43700,692632559
43701,420617600
43702,531356678
43703,937652544
43704,677932122
43705,981972214
43706,730336539
43707,726212052
43708,582988798
43709,543182432
43710,49570314
43711,564242131
43712,727029589
43713,829100502
43714,833107139
43715,147128708
43716,382213907
43717,721043737
43718,232433316
43719,312037331
43720,62803796
43721,328668347
43722,844426056
43723,345080855
43724,523644065
43725,609889258
43726,678823924
43727,702888139
43728,267444312
43729,268442047
43730,728002111
43731,410119375
43732,508076484
43733,160957525
43734,91527995
43735,822720157
43736,189770157
43737,960393920
43738,940085296
43739,563735624
43740,23541676
43741,770267004
43742,898363451
43743,568830689
43744,616543786
43745,90266614
43746,198697947
43747,843637562
43748,663300462
43749,350311921
43750,109704413
43751,330084696
43752,724883167
43753,360267150
43754,352940969
43755,30261597
43756,391018957
43757,630254341
43758,842469553
43759,833637591
43760,357425377
43761,166649629
43762,174904680
43763,260109532
43764,992199505
43765,534538984
43766,174646621
43767,892543732
43768,765678159
43769,82622896
43770,299939786
43771,391160140
43772,490730720
43773,825518603
43774,303354033
43775,566202750
43776,102394344
43777,108579881
43778,699498490
43779,815740683
43780,762835037
43781,378181562
43782,830593863
43783,454804882
43784,669339417
43785,948246972
43786,934649142
43787,459239370
43788,771434236
43789,338828653
43790,892426302
43791,360735246
43792,189206343
43793,488101854
43794,880973131
43795,530396771
43796,467062100
43797,71772827
43798,369075120
43799,823625464
43800,88666757
43801,445875055
43802,365884987
43803,170239184
43804,167404708
43805,242294327
43806,537568024
43807,136201876
43808,328168093
43809,519247763
43810,521325616
43811,568309628
43812,697269445
43813,636084422
43814,455566718
43815,526755509
43816,842049488
43817,332383480
43818,453027156
43819,563970563
43820,42948039
43821,46750158
43822,450343914
43823,315086198
43824,829433804
43825,101699470
43826,910937000
43827,200679559
43828,873953833
43829,263512168
43830,400424404
43831,924085275
43832,806186567
43833,772259440
43834,135453043
43835,369668498
43836,429076419
43837,239910200
43838,962388679
43839,299235915
43840,818258171
43841,574264645
43842,847473329
43843,546872794
43844,828590491
43845,355164916
43846,655356415
43847,550099382
43848,50302627
43849,779955615
43850,569144161
43851,86919124
43852,155947886
43853,859025576
43854,103567364
43855,314894034
43856,256128507
43857,555550166
43858,978546620
43859,122520395
43860,182543516
43861,82024526
43862,346209311
43863,458061200
43864,115572381
43865,864619086
43866,276982056
43867,61285202
43868,308799442
43869,583367964
43870,368450247
43871,613635743
43872,942356361
43873,591862618
43874,271516358
43875,527232584
43876,868333249
43877,846308304
43878,962766574
43879,43096073
43880,532355355
43881,475411554
43882,610483132
43883,689594946
43884,66650891
43885,314708786
43886,704516315
43887,434314172
43888,178721443
43889,833951713
43890,861416521
43891,592585067
43892,829228184
43893,707362118
43894,225471200
43895,822093023
43896,452531908
43897,94907254
43898,916352815
43899,734397670
43900,174839209
43901,584335441
43902,712058413
43903,490876921
43904,6328596
43905,288944493
43906,864248327
43907,477807027
43908,765033699
43909,442323458
43910,926420213
43911,589509529
43912,950895247
43913,746858894
43914,718782116
43915,249395005
43916,667683401
43917,945630579
43918,223259761
43919,685021325
43920,896931090
43921,477371420
43922,887264365
43923,560890832
43924,909617783
43925,310329849
43926,761559051
43927,660692376
43928,644849089
43929,917572340
43930,763262412
43931,89266761
43932,699951866
43933,689755086
43934,660536127
43935,565175254
43936,373287588
43937,734499766
43938,970507953
43939,892136077
43940,405852806
43941,451657137
43942,140735186
43943,329573958
43944,323932376
43945,153688817
43946,438171418
43947,926050869
43948,260021010
43949,472939366
43950,907145386
43951,672403212
43952,403544147
43953,698385185
43954,710150211
43955,133215231
43956,411492422
43957,380512151
43958,512016159
43959,260689827
43960,286425182
43961,33426761
43962,107699451
43963,830837933
43964,554552157
43965,70490893
43966,210103718
43967,850790211
43968,286995045
43969,368396140
43970,428153449
43971,639018425
43972,930703845
43973,408739127
43974,750987669
43975,753545062
43976,362580008
43977,941488153
43978,224510732
43979,685787133
43980,84548574
43981,494571432
43982,314601842
43983,744186863
43984,989439564
43985,72791739
43986,828356020
43987,569899223
43988,81470950
43989,216029677
43990,829189897
43991,590608452
43992,304807826
43993,244632811
43994,661163317
43995,951250789
43996,795491631
43997,882776328
43998,201278086
43999,209381856
44000,132203509
44001,208772616
44002,841847271
44003,604895234
44004,64228028
44005,335175741
44006,852665347
44007,909295081
44008,761401629
44009,460899686
44010,502948442
44011,462782218
44012,193047782
44013,205809456
44014,804586447
44015,577266393
44016,811480476
44017,288001971
44018,871155646
44019,94587817
44020,502812567
44021,172415913
44022,339652172
44023,84223880
44024,603363459
44025,929961205
44026,810358326
44027,612087188
44028,340737922
44029,633951302
44030,792087783
44031,334294889
44032,258749194
44033,714205404
44034,643635460
44035,119678837
44036,414139489
44037,223882350
44038,825972128
44039,308541485
44040,404761967
44041,869129605
44042,129220053
44043,738558023
44044,285261860
44045,524446338
44046,509825795
44047,472525282
44048,870752371
44049,652134578
44050,286971719
44051,162752678
44052,47657167
44053,537407470
44054,986572906
44055,285632684
44056,115340524
44057,415185158
44058,952988245
44059,885742799
44060,975081900
44061,894320165
44062,831799231
44063,866854538
44064,914042165
44065,264889172
44066,742333182
44067,138491616
44068,187359378
44069,193496359
44070,380250361
44071,514297937
44072,858723135
44073,310962097
44074,357171437
44075,965307226
44076,72769550
44077,652882024
44078,344940553
44079,750725454
44080,310245549
44081,178652397
44082,264107343
44083,606100910
44084,522124346
44085,505626485
44086,316378506
44087,329401381
44088,269312235
44089,290959259
44090,459875523
44091,33473527
44092,613845592
44093,436121689
44094,118704431
44095,820267222
44096,314047942
44097,691319970
44098,849851835
44099,65327251
44100,199613587
44101,361555017
44102,173257627
44103,471021619
44104,990375112
44105,986713344
44106,47929160
44107,226917094
44108,685640417
44109,276489809
44110,327531818
44111,581707205
44112,90550113
44113,60436240
44114,800537459
44115,77925972
44116,617648839
44117,118413104
44118,417461527
44119,505475779
44120,672772462
44121,358207274
44122,985235922
44123,538475034
44124,163999944
44125,426673333
44126,514886249
44127,244053979
44128,98708112
44129,257365524
44130,120727058
44131,715347351
44132,842538003
44133,449147650
44134,546456869
44135,505869180
44136,426675502
44137,502077430
44138,868513788
44139,584790752
44140,631904627
44141,121100805
44142,834224369
44143,856207669
44144,262067589
44145,442519527
44146,570594046
44147,186608519
44148,910889278
44149,952426696
44150,164090716
44151,53144046
44152,970342164
44153,211387629
44154,646479029
44155,519227998
44156,707305954
44157,320523182
44158,373019025
44159,696333469
44160,834068250
44161,882873097
44162,459022268
44163,92572383
44164,177942584
44165,532076418
44166,378085651
44167,331755049
44168,411541545
44169,539551498
44170,7954130
44171,985353019
44172,274765099
44173,540974085
44174,19043894
44175,231035570
44176,704690100
44177,3337194
44178,107799633
44179,394296891
44180,605498935
44181,451377411
44182,674533535
44183,119177678
44184,628656646
44185,720451492
44186,1407503
44187,96120402
44188,803351337
44189,715809139
44190,233323223
44191,914907598
44192,850310604
44193,887634253
44194,346848243
44195,168129072
44196,322953121
44197,162703084
44198,25018343
44199,459132243
44200,166756361
44201,988026375
44202,215014511
44203,168851995
44204,667745522
44205,662427774
44206,8963562
44207,72192308
44208,191935925
44209,163332049
44210,510625268
44211,955928442
44212,78711455
44213,929097182
44214,366990165
44215,33315363
44216,971962423
44217,217927690
44218,355144993
44219,608287008
44220,856735732
44221,578928689
44222,594513729
44223,521794244
44224,616092770
44225,80978988
44226,600395471
44227,958237760
44228,329287890
44229,12427917
44230,332123970
44231,243040182
44232,129506306
44233,111698898
44234,966193006
44235,682037250
44236,401882065
44237,573228960
44238,949648429
44239,273699037
44240,823320303
44241,156918193
44242,889180512
44243,187930727
44244,619376954
44245,496653975
44246,442138999
44247,801655668
44248,741304005
44249,771637148
44250,355048070
44251,718496663
44252,21196207
44253,571037152
44254,278534366
44255,156454102
44256,643623995
44257,163313972
44258,360134319
44259,119396392
44260,893534173
44261,266189523
44262,262352430
44263,977037266
44264,754171396
44265,522135345
44266,702266135
44267,908821081
44268,201626802
44269,364802057
44270,490685394
44271,319760405
44272,526166761
44273,525507457
44274,317105357
44275,763962387
44276,956315325
44277,61549879
44278,497296418
44279,863007006
44280,925595132
44281,429513978
44282,103369844
44283,466360429
44284,935976501
44285,15241353
44286,477474717
44287,85218566
44288,765491448
44289,90230610
44290,838112844
44291,289415483
44292,342411309
44293,462903416
44294,522545375
44295,122584789
44296,47762683
44297,190170179
44298,546300902
44299,170378500
44300,738090374
44301,462373532
44302,367178670
44303,492198274
44304,964305438
44305,769341642
44306,704059706
44307,788049431
44308,451083137
44309,113097855
44310,235604959
44311,595726840
44312,952607299
44313,781486918
44314,690055327
44315,709568402
44316,652858562
44317,915660291
44318,682613153
44319,191225201
44320,230125617
44321,790550096
44322,431228288
44323,841805023
44324,144875565
44325,840781646
44326,673433306
44327,106897165
44328,126237610
44329,707472290
44330,655161534
44331,326304339
44332,657956380
44333,707319645
44334,34176390
44335,918104735
44336,872331323
44337,835602650
44338,851243878
44339,93525456
44340,409837240
44341,417207910
44342,884945402
44343,660323900
44344,99572167
44345,347117628
44346,729007010
44347,666928904
44348,523684469
44349,748812021
44350,583443713
44351,338068093
44352,212378423
44353,431327665
44354,137784383
44355,933099837
44356,165709104
44357,611554104
44358,145999044
44359,388549635
44360,411416783
44361,536550110
44362,969574441
44363,701968356
44364,281180579
44365,371931822
44366,37510960
44367,566828900
44368,48836412
44369,961621827
44370,809484508
44371,253962346
44372,875514873
44373,851215323
44374,441065057
44375,61761240
44376,756578733
44377,866223302
44378,587169883
44379,738919973
44380,505992837
44381,277385140
44382,238738042
44383,305649943
44384,683700866
44385,829531170
44386,492494059
44387,935263155
44388,261488347
44389,394801825
44390,802046427
44391,734861587
44392,476174437
44393,776945488
44394,728705482
44395,474957806
44396,82389502
44397,583906475
44398,532003525
44399,919885882
44400,265729200
44401,201255507
44402,648021849
44403,234656503
44404,686033407
44405,929342846
44406,563429352
44407,497539872
44408,43522467
44409,681939450
44410,349342716
44411,586681495
44412,24045596
44413,729962654
44414,968696503
44415,279009165
44416,721489016
44417,860790937
44418,470507762
44419,904276431
44420,227503133
44421,623177480
44422,368558596
44423,172016214
44424,692116609
44425,35232951
44426,585811701
44427,768271593
44428,506954274
44429,576232624
44430,544610233
44431,24518190
44432,857200717
44433,404038340
44434,138875994
44435,620061862
44436,345154688
44437,702242526
44438,426809507
44439,696746362
44440,522512104
44441,448667807
44442,554964272
44443,797278681
44444,388041006
44445,194433245
44446,609607104
44447,184028323
44448,700754297
44449,665950903
44450,554107035
44451,814117972
44452,50385637
44453,651921794
44454,415277803
44455,550324517
44456,829081081
44457,715973940
44458,713244417
44459,999815951
44460,740756190
44461,624978049
44462,426277805
44463,42559927
44464,937423099
44465,898315839
44466,67952772
44467,107707929
44468,353542352
44469,366123030
44470,656790802
44471,396478112
44472,201258796
44473,23187393
44474,8887405
44475,7923932
44476,520952333
44477,975292965
44478,947642548
44479,262546526
44480,41978809
44481,537543625
44482,892697778
44483,229720593
44484,630473387
44485,869047677
44486,622647032
44487,366631793
44488,713422379
44489,388528949
44490,353299904
44491,517469350
44492,778559550
44493,368723426
44494,360468876
44495,233306318
44496,603251495
44497,365201885
44498,40384029
44499,667717459
44500,822636626
44501,379501584
44502,429437703
44503,917317085
44504,540618454
44505,825695453
44506,154953994
44507,871345407
44508,620961058
44509,339995911
44510,256874694
44511,776870336
44512,505501466
44513,395800851
44514,425106381
44515,994964682
44516,374228528
44517,831345024
44518,371131997
44519,880879331
44520,896145560
44521,429536568
44522,579441234
44523,608004519
44524,965944586
44525,820476297
44526,450198047
44527,375704605
44528,514973371
44529,27014857
44530,482625361
44531,653038494
44532,531865976
44533,767933291
44534,662082148
44535,274303507
44536,668678128
44537,675991960
44538,371160046
44539,833377037
44540,540624321
44541,880518828
44542,770811232
44543,705058201
44544,134192594
44545,805577682
44546,844601158
44547,622067313
44548,948563238
44549,389334349
44550,498552866
44551,328698986
44552,42921518
44553,928316066
44554,697421311
44555,511278799
44556,238172974
44557,781919835
44558,521134901
44559,761098870
44560,774950963
44561,803245368
44562,779489831
44563,629590936
44564,726211043
44565,136892358
44566,32511197
44567,312570520
44568,262181692
44569,929636301
44570,243393211
44571,538441513
44572,389185229
44573,742204103
44574,962754638
44575,700355220
44576,538677384
44577,592392610
44578,488206465
44579,780858928
44580,830067531
44581,384467871
44582,880986436
44583,984712261
44584,192970271
44585,652527005
44586,890487238
44587,988544129
44588,824211794
44589,990415416
44590,583224634
44591,935664654
44592,874163978
44593,793886228
44594,111821878
44595,467680553
44596,927008327
44597,748758609
44598,4744735
44599,809809534
44600,435233449
44601,942206745
44602,723529684
44603,70053018
44604,558724549
44605,652778277
44606,958741048
44607,608724795
44608,468231893
44609,800124757
44610,395662616
44611,727831523
44612,535934004
44613,451366964
44614,118227057
44615,29169934
44616,379795911
44617,534939527
44618,545898245
44619,212453959
44620,208562284
44621,288944893
44622,347563332
44623,427953576
44624,847151733
44625,506661086
44626,714816006
44627,876883629
44628,916142734
44629,519978245
44630,396066046
44631,554218621
44632,329154193
44633,275505620
44634,119673360
44635,12015923
44636,951403261
44637,487298911
44638,247297770
44639,983933026
44640,677143096
44641,734447003
44642,6727875
44643,593352651
44644,103436325
44645,904385862
44646,875481840
44647,426651814
44648,529235056
44649,927682917
44650,144131271
44651,603934636
44652,284009025
44653,999334679
44654,859687368
44655,182814269
44656,258022491
44657,106990807
44658,706660078
44659,496919248
44660,12416951
44661,316816396
44662,802607203
44663,630757336
44664,922816732
44665,531385667
44666,418955697
44667,215554461
44668,210102180
44669,937533316
44670,52805429
44671,644963767
44672,262260392
44673,470266567
44674,404440816
44675,845782902
44676,167008656
44677,114443203
44678,788676996
44679,325980843
44680,481154723
44681,43269240
44682,173100132
44683,165404188
44684,928867876
44685,887461574
44686,530231044
44687,813745387
44688,143799043
44689,1610104
44690,707438295
44691,113309774
44692,446316281
44693,489272878
44694,630756681
44695,518400332
44696,566063995
44697,803924843
44698,657104655
44699,906978723
44700,124653922
44701,963269733
44702,535539035
44703,769609749
44704,687245626
44705,857821436
44706,302455092
44707,884937394
44708,375562900
44709,889724204
44710,800128334
44711,387810402
44712,162511600
44713,535245184
44714,791255684
44715,972333081
44716,377006712
44717,612449257
44718,960316455
44719,836390836
44720,686510625
44721,75162977
44722,409787920
44723,158166996
44724,908499157
44725,740976791
44726,14297857
44727,568380303
44728,792787586
44729,514498848
44730,68812833
44731,723332879
44732,505906736
44733,444828175
44734,402668451
44735,773704821
44736,874707983
44737,225958306
44738,989529827
44739,865266174
44740,460261496
44741,868911574
44742,85687161
44743,200951898
44744,279274346
44745,737123105
44746,169135406
44747,833889743
44748,770055698
44749,142892638
44750,114943357
44751,273247315
44752,329876433
44753,865484563
44754,252921668
44755,798526368
44756,267650350
44757,813919349
44758,743133507
44759,744848693
44760,959307958
44761,891408070
44762,462675009
44763,435130366
44764,991092716
44765,480756025
44766,505743707
44767,489719651
44768,722421436
44769,851466723
44770,687588265
44771,685487669
44772,144975183
44773,19972312
44774,903268845
44775,955751823
44776,457842279
44777,548906684
44778,776664899
44779,377938086
44780,626658536
44781,922048776
44782,145950151
44783,690470171
44784,896511011
44785,587293686
44786,531317066
44787,390929498
44788,181500374
44789,20707716
44790,501313073
44791,195744194
44792,174553602
44793,700217721
44794,771688403
44795,196899547
44796,419684768
44797,91308273
44798,546194865
44799,520066832
44800,893941701
44801,175702061
44802,659188780
44803,631616302
44804,38364548
44805,667336997
44806,645145554
44807,144689610
44808,317973425
44809,259097727
44810,371465950
44811,913428662
44812,304305698
44813,412079012
44814,887322554
44815,370442695
44816,854717348
44817,550367898
44818,366296519
44819,745716051
44820,307086737
44821,667304140
44822,883548354
44823,254161440
44824,991112727
44825,204420833
44826,908076163
44827,454423218
44828,209563440
44829,187079552
44830,632206279
44831,927809964
44832,944449275
44833,214731918
44834,666733392
44835,15172591
44836,559690242
44837,495712903
44838,98408897
44839,602556510
44840,953254127
44841,539298331
44842,14131214
44843,934385268
44844,736732909
44845,521393988
44846,241027243
44847,812632164
44848,732588284
44849,784869608
44850,24964529
44851,981346671
44852,584215449
44853,883241744
44854,704425370
44855,314165879
44856,152359976
44857,144952398
44858,1085095
44859,711361201
44860,427252494
44861,872375570
44862,639548426
44863,723569886
44864,784837064
44865,727419760
44866,663597853
44867,421713017
44868,325744330
44869,376558637
44870,135765105
44871,623239876
44872,964209998
44873,896109899
44874,263284791
44875,807399509
44876,797744980
44877,78653181
44878,734120516
44879,401551316
44880,464682115
44881,397488906
44882,256797691
44883,1122398
44884,617560512
44885,160488936
44886,145436385
44887,633988224
44888,236069636
44889,35275508
44890,224361888
44891,787809203
44892,233244762
44893,406628876
44894,298320120
44895,3192954
44896,362447598
44897,565139756
44898,545295284
44899,591365
44900,914204620
44901,275390291
44902,875234503
44903,525899788
44904,803182720
44905,782387377
44906,845581704
44907,543809308
44908,871562918
44909,345181502
44910,249491062
44911,426733934
44912,67515039
44913,618394308
44914,172311439
44915,407130456
44916,256994155
44917,43846746
44918,865567233
44919,921439807
44920,750267277
44921,855705128
44922,545142265
44923,730778815
44924,307974142
44925,85431009
44926,541075757
44927,259351006
44928,950094670
44929,208446916
44930,779109472
44931,46503411
44932,21968855
44933,817653878
44934,346798427
44935,981510862
44936,964151641
44937,305333505
44938,591252857
44939,207879988
44940,723060803
44941,526260965
44942,511454590
44943,618262448
44944,999965680
44945,286560744
44946,760693081
44947,330209454
44948,39047132
44949,910959651
44950,163706762
44951,35478701
44952,109475269
44953,52860327
44954,956051067
44955,740443689
44956,207037531
44957,106642182
44958,139700841
44959,155192011
44960,682831190
44961,20065882
44962,907175083
44963,684077366
44964,473801897
44965,39238462
44966,111395104
44967,546123222
44968,81590951
44969,75880405
44970,452807881
44971,610736101
44972,712133841
44973,734544256
44974,154926159
44975,110862225
44976,509223834
44977,524557829
44978,945823281
44979,196319109
44980,735425690
44981,871738710
44982,97884919
44983,406654046
44984,827689114
44985,38672685
44986,953623271
44987,619219834
44988,565111417
44989,629584826
44990,789098408
44991,625459420
44992,734754944
44993,716538539
44994,506455278
44995,909150868
44996,933508786
44997,294025512
44998,922561993
44999,317167517
45000,822330813
45001,861353183
45002,70607210
45003,486707983
45004,78440209
45005,752744981
45006,376794373
45007,779578339
45008,904494405
45009,504815131
45010,124246536
45011,656080764
45012,337096032
45013,400434996
45014,408749047
45015,196670446
45016,150312969
45017,856106175
45018,230319385
45019,746267519
45020,391476034
45021,985961876
45022,890911613
45023,605732280
45024,304065845
45025,138409763
45026,683835448
45027,75638863
45028,512372273
45029,426904906
45030,872649203
45031,161531661
45032,850581971
45033,894739498
45034,450862079
45035,142384136
45036,696455122
45037,268830632
45038,434466000
45039,401073829
45040,189474653
45041,389538681
45042,352768526
45043,217256793
45044,252836765
45045,723725891
45046,786826339
45047,778375282
45048,438185218
45049,423994482
45050,686926638
45051,108292758
45052,705640643
45053,576345000
45054,147286324
45055,389269166
45056,799784854
45057,162861425
45058,493607471
45059,774017941
45060,897153504
45061,616582336
45062,683463221
45063,864820380
45064,438332959
45065,698086678
45066,386245942
45067,114716171
45068,150544140
45069,489747553
45070,726946708
45071,51169771
45072,9194534
45073,485095234
45074,240378448
45075,177650560
45076,259815332
45077,139825094
45078,775652771
45079,788668283
45080,805797793
45081,878176421
45082,752153640
45083,996434512
45084,605063431
45085,937911676
45086,119477694
45087,835118176
45088,54438235
45089,675638632
45090,446889436
45091,240815861
45092,197833951
45093,125859146
45094,461451721
45095,695405140
45096,603759898
45097,614160387
45098,499040391
45099,57207923
45100,333196729
45101,611693090
45102,511631572
45103,112117767
45104,947008744
45105,674511742
45106,223147809
45107,207686476
45108,195776203
45109,154252498
45110,209265756
45111,575587141
45112,285519237
45113,878635264
45114,343133634
45115,293924515
45116,126826143
45117,828296536
45118,20898949
45119,930885567
45120,675894462
45121,656133195
45122,917140679
45123,775448402
45124,992491735
45125,853645673
45126,687644999
45127,805397582
45128,394132795
45129,160123962
45130,900029746
45131,980676657
45132,467699083
45133,549930587
45134,904658143
45135,323637094
45136,332389559
45137,369897403
45138,350285340
45139,392751799
45140,708321672
45141,939251297
45142,254370065
45143,285142374
45144,190044272
45145,83571045
45146,289570948
45147,188411420
45148,964182369
45149,722068617
45150,470532329
45151,401008925
45152,173020977
45153,420239576
45154,913702872
45155,264994062
45156,797290121
45157,530954326
45158,953578504
45159,538303124
45160,743497520
45161,108983888
45162,438332680
45163,749303467
45164,874930413
45165,627188615
45166,644850534
45167,400668689
45168,433848639
45169,910747209
45170,531500424
45171,17190331
45172,859923599
45173,556091888
45174,332975657
45175,367231450
45176,469601483
45177,429136235
45178,555571614
45179,473247122
45180,417653054
45181,44506541
45182,100600062
45183,689973290
45184,153743435
45185,179548735
45186,187636769
45187,262748531
45188,655518137
45189,535099365
45190,891762629
45191,394623431
45192,715389183
45193,200402679
45194,800288938
45195,877343205
45196,504098678
45197,266184356
45198,650182782
45199,134792860
45200,364702828
45201,469221598
45202,393918810
45203,122129494
45204,735341453
45205,619849196
45206,941135108
45207,884612792
45208,244657086
45209,169935434
45210,344349001
45211,718859904
45212,571627413
45213,90714682
45214,369869604
45215,847756331
45216,993044060
45217,816670904
45218,789262020
45219,487377266
45220,7339575
45221,661634099
45222,841262136
45223,954121027
45224,525666893
45225,719817920
45226,481252604
45227,257692873
45228,273148565
45229,799443948
45230,627829799
45231,951459538
45232,16669408
45233,682727183
45234,127190988
45235,941309626
45236,968365710
45237,895719804
45238,900055032
45239,54576036
45240,616566628
45241,99464934
45242,450610504
45243,386795954
45244,922937063
45245,527918985
45246,509310170
45247,828528542
45248,763101100
45249,104914502
45250,319607968
45251,148482224
45252,874441482
45253,251601333
45254,210287483
45255,510627880
45256,200558262
45257,119881879
45258,695946267
45259,115284821
45260,188688117
45261,337441320
45262,855832764
45263,665674555
45264,866458872
45265,402595563
45266,541271208
45267,440286588
45268,890190943
45269,610232285
45270,77926487
45271,818922312
45272,331347917
45273,772066146
45274,742709565
45275,276274011
45276,481840515
45277,938943467
45278,904947333
45279,675621230
45280,117489178
45281,394689984
45282,635255357
45283,391327838
45284,961756291
45285,965550310
45286,807918506
45287,115640040
45288,977807148
45289,705017308
45290,427811844
45291,696014460
45292,982834611
45293,974191476
45294,107806726
45295,88520926
45296,969070919
45297,632272034
45298,348321955
45299,692836558
45300,435951337
45301,876533443
45302,11976539
45303,756239039
45304,100024294
45305,280360592
45306,760905787
45307,518208046
45308,193454622
45309,720625668
45310,754601419
45311,160420037
45312,216268207
45313,169675738
45314,299842503
45315,830876241
45316,424704276
45317,234016281
45318,169135266
45319,359747709
45320,804485024
45321,21083515
45322,61787130
45323,689044851
45324,254412667
45325,550830511
45326,22137781
45327,636053697
45328,83481875
45329,382740145
45330,179150231
45331,756759422
45332,186781974
45333,110712364
45334,585976648
45335,779865857
45336,72493774
45337,528783910
45338,270201308
45339,143731634
45340,629872761
45341,492042500
45342,535936065
45343,339142511
45344,771164017
45345,181198845
45346,893086336
45347,485437673
45348,318372931
45349,324890778
45350,878170059
45351,674432531
45352,269563252
45353,983933311
45354,653475958
45355,230082894
45356,454565714
45357,981027039
45358,154749724
45359,563753515
45360,594060883
45361,313416482
45362,266560790
45363,873492947
45364,890510703
45365,854848630
45366,360951859
45367,979498505
45368,729097677
45369,974490117
45370,500026221
45371,623110491
45372,829024171
45373,915909782
45374,628421403
45375,214511635
45376,517604933
45377,949417536
45378,607988356
45379,790637871
45380,610662314
45381,386820583
45382,495470032
45383,92951489
45384,947615538
45385,755026036
45386,916096941
45387,432909794
45388,4901326
45389,131777341
45390,168280848
45391,394549007
45392,676179977
45393,628299784
45394,625121723
45395,277180445
45396,366221549
45397,668692331
45398,261624972
45399,107627510
45400,808082106
45401,783401084
45402,704500728
45403,846854571
45404,957422335
45405,372487094
45406,708703538
45407,455051188
45408,514316241
45409,525242644
45410,488105912
45411,293798515
45412,330097649
45413,404398576
45414,305502940
45415,763085765
45416,113697851
45417,127941303
45418,164019025
45419,263621137
45420,911975674
45421,728412671
45422,495123891
45423,729666406
45424,817138926
45425,705796759
45426,921282991
45427,67064433
45428,644370970
45429,751979683
45430,102794453
45431,802590259
45432,732428492
45433,4091420
45434,692523579
45435,701951739
45436,26874390
45437,440766813
45438,970518203
45439,216845407
45440,430929592
45441,254117700
45442,463462429
45443,818230573
45444,920978874
45445,286661891
45446,393416014
45447,445632147
45448,154645806
45449,24446966
45450,676144216
45451,615755845
45452,593823191
45453,201463694
45454,2384358
45455,375536919
45456,642485821
45457,238255089
45458,546004350
45459,422221519
45460,119097538
45461,633443375
45462,353926484
45463,174249694
45464,832313381
45465,684331993
45466,491408102
45467,84688325
45468,457581230
45469,906756194
45470,22706449
45471,505790887
45472,584709750
45473,965322056
45474,868087886
45475,636910027
45476,805978979
45477,577375342
45478,564750964
45479,576870509
45480,353395026
45481,250281586
45482,577257480
45483,545754528
45484,806625445
45485,188787499
45486,244921825
45487,824584298
45488,646617419
45489,621575922
45490,975974060
45491,2849296
45492,357041677
45493,263223488
45494,80415754
45495,733529690
45496,155875982
45497,315475412
45498,152026055
45499,140106199
45500,12842322
45501,884077500
45502,694891921
45503,545292421
45504,383206439
45505,961973956
45506,990560218
45507,168905713
45508,125625861
45509,872255771
45510,970047217
45511,997459687
45512,683759987
45513,687168970
45514,226652773
45515,275473233
45516,343535207
45517,979389797
45518,95783878
45519,994353743
45520,830014107
45521,398105453
45522,780507890
45523,67640454
45524,592133815
45525,183051795
45526,255026825
45527,26180547
45528,315517725
45529,641850437
45530,951503309
45531,168933743
45532,875881341
45533,802762011
45534,261837884
45535,396362321
45536,610143758
45537,555943219
45538,640734548
45539,734786852
45540,564900363
45541,907942108
45542,148982185
45543,158733326
45544,339933032
45545,248182857
45546,572637457
45547,422821129
45548,321245240
45549,860542359
45550,289530925
45551,346618229
45552,486085042
45553,661060015
45554,576604378
45555,406201024
45556,781656492
45557,254288422
45558,499434711
45559,940494619
45560,877865716
45561,788715984
45562,980948036
45563,211352481
45564,434436008
45565,852367931
45566,488356099
45567,481781170
45568,450253991
45569,205563171
45570,827882450
45571,853792995
45572,493573256
45573,876968839
45574,528356526
45575,510330972
45576,702794379
45577,921159161
45578,769616252
45579,227446485
45580,795104181
45581,779091189
45582,425135311
45583,606018078
45584,395163371
45585,686839204
45586,364159492
45587,672176596
45588,772452810
45589,811052464
45590,330365390
45591,441889396
45592,819527981
45593,386499235
45594,361203494
45595,767569807
45596,579440087
45597,258966028
45598,342705941
45599,59632813
45600,241953221
45601,279969448
45602,914875359
45603,266907695
45604,912359472
45605,141959325
45606,809273605
45607,16876473
45608,279634034
45609,20871928
45610,107476044
45611,463808148
45612,772161305
45613,38921770
45614,440974895
45615,958250705
45616,156508424
45617,903295378
45618,267424937
45619,818065903
45620,546130109
45621,214350897
45622,285969485
45623,647738167
45624,462791190
45625,885850445
45626,473504988
45627,954160725
45628,584773542
45629,118142662
45630,612203593
45631,729084374
45632,131061205
45633,57317697
45634,93603236
45635,26893881
45636,292099984
45637,210124824
45638,387504870
45639,285774096
45640,763582133
45641,282378950
45642,335538180
45643,744495877
45644,288205949
45645,814549501
45646,431145534
45647,706479508
45648,808196940
45649,532256911
45650,711599029
45651,351300025
45652,505040203
45653,850882028
45654,630291146
45655,644628762
45656,755752681
45657,678071767
45658,664143922
45659,938066348
45660,874890441
45661,448253318
45662,781667183
45663,70042573
45664,28748704
45665,387965601
45666,470228590
45667,143176764
45668,359079790
45669,156424734
45670,767309559
45671,183176610
45672,375718685
45673,318722674
45674,17772020
45675,412051254
45676,868630066
45677,678400418
45678,320527132
45679,761574343
45680,977699816
45681,247543856
45682,417235688
45683,502554964
45684,705786168
45685,678106183
45686,409250234
45687,967675998
45688,256228529
45689,329254917
45690,108312055
45691,562773670
45692,411355463
45693,762268124
45694,342370629
45695,786771648
45696,77452020
45697,363090070
45698,259550212
45699,717976804
45700,143678100
45701,366398927
45702,229483767
45703,808089027
45704,262363837
45705,806921977
45706,778100809
45707,902364027
45708,675659082
45709,996231033
45710,323454792
45711,462610565
45712,743283693
45713,102884238
45714,70308856
45715,20769
45716,370511394
45717,190502938
45718,248021270
45719,153524615
45720,551977156
45721,455936082
45722,831264910
45723,529713756
45724,110350212
45725,633685244
45726,158426115
45727,688616780
45728,407381269
45729,896808132
45730,763468294
45731,291169861
45732,242320264
45733,299874215
45734,236440551
45735,454573074
45736,22150961
45737,629808370
45738,565613896
45739,664053530
45740,502994682
45741,21693932
45742,170778765
45743,523652041
45744,557297761
45745,57141321
45746,12416479
45747,841956442
45748,515252404
45749,782648083
45750,910209398
45751,489356828
45752,931089241
45753,885441294
45754,41976803
45755,233151854
45756,768252107
45757,970261480
45758,84017483
45759,357096200
45760,239584534
45761,519217832
45762,850600186
45763,71791305
45764,280905245
45765,811294604
45766,993811143
45767,429430983
45768,867563840
45769,795923200
45770,607877474
45771,97572639
45772,677400838
45773,499229247
45774,76943698
45775,475390161
45776,21115602
45777,683480910
45778,211429062
45779,790963512
45780,634566808
45781,878944710
45782,354037208
45783,364021264
45784,488872365
45785,945319921
45786,587916894
45787,377580280
45788,110771451
45789,300731704
45790,872851762
45791,776681779
45792,110230819
45793,879843217
45794,771212704
45795,986155048
45796,719501535
45797,123912294
45798,372458544
45799,791940294
45800,775461115
45801,33132229
45802,914861915
45803,539539145
45804,810395502
45805,815603518
45806,630242667
45807,304039441
45808,299192388
45809,530581774
45810,453571723
45811,508050247
45812,998287461
45813,426311464
45814,443173429
45815,740765330
45816,14276518
45817,94240060
45818,162490941
45819,946564113
45820,598061065
45821,943271361
45822,301310493
45823,121975823
45824,801033468
45825,297644252
45826,446753984
45827,954030911
45828,741668240
45829,383958020
45830,479152512
45831,810182494
45832,637457751
45833,616959800
45834,122151764
45835,465395339
45836,291752570
45837,731494115
45838,152171891
45839,408104494
45840,487925339
45841,629881341
45842,102324239
45843,973117724
45844,10813012
45845,567107506
45846,477756813
45847,510249372
45848,477110529
45849,993174645
45850,448060096
45851,687108903
45852,476974867
45853,462058678
45854,104223685
45855,100152445
45856,268860786
45857,681563921
45858,948297129
45859,421246194
45860,119712152
45861,202689168
45862,948390966
45863,936208059
45864,530827380
45865,893805146
45866,807234510
45867,800950233
45868,330577534
45869,63010424
45870,643584000
45871,515790631
45872,780495650
45873,822781386
45874,161102101
45875,138511592
45876,27253089
45877,346965961
45878,868161537
45879,841811270
45880,880333578
45881,517295117
45882,625398136
45883,885212101
45884,357874072
45885,276265743
45886,331312323
45887,845185734
45888,738758828
45889,168584695
45890,237991598
45891,865482887
45892,943430476
45893,587785983
45894,818936657
45895,652279281
45896,898922423
45897,411678081
45898,271767102
45899,176443906
45900,923642236
45901,342124030
45902,242659600
45903,846639103
45904,91755066
45905,980061770
45906,835869192
45907,792870010
45908,521418184
45909,62459995
45910,32984675
45911,122795574
45912,670647327
45913,907064615
45914,587785943
45915,284148055
45916,467984051
45917,863632756
45918,862725621
45919,263205299
45920,840525257
45921,461676234
45922,512441239
45923,601931859
45924,65038177
45925,140752468
45926,480016386
45927,126302165
45928,114748601
45929,156957389
45930,403829518
45931,106219341
45932,609210313
45933,215975175
45934,281221111
45935,985077608
45936,611589386
45937,398128815
45938,543132435
45939,860837813
45940,562641294
45941,652248630
45942,839516748
45943,959217419
45944,491095017
45945,305755631
45946,68285368
45947,745768601
45948,269990200
45949,354004053
45950,755239573
45951,654587683
45952,55356517
45953,443963747
45954,807697078
45955,280473857
45956,460707709
45957,351199085
45958,762815660
45959,687326793
45960,106982943
45961,92982114
45962,445104611
45963,152068980
45964,156722363
45965,874481525
45966,209314957
45967,135234429
45968,168674914
45969,970967526
45970,206696183
45971,608089461
45972,825416592
45973,474643483
45974,720324042
45975,366617724
45976,696883564
45977,215292071
45978,46824804
45979,301449217
45980,557191862
45981,803161301
45982,618717512
45983,512799270
45984,919831416
45985,526653792
45986,40144688
45987,643761702
45988,271600400
45989,524394368
45990,342396925
45991,698778683
45992,810135426
45993,806256166
45994,402075711
45995,84885170
45996,866050030
45997,727920290
45998,569203444
45999,241677710
46000,556631347
46001,328597029
46002,653180194
46003,107791870
46004,974041377
46005,812722002
46006,265593996
46007,489152009
46008,744469648
46009,104934397
46010,917393053
46011,644065868
46012,700481032
46013,8315119
46014,14624721
46015,752394040
46016,197771529
46017,542975115
46018,469907699
46019,837921458
46020,914852952
46021,312354966
46022,680037133
46023,597193030
46024,861862770
46025,359974749
46026,241865254
46027,675253544
46028,228326118
46029,962983650
46030,955258650
46031,748155720
46032,299977876
46033,588037261
46034,768625223
46035,424316818
46036,926209846
46037,398292260
46038,782413725
46039,572574958
46040,588019614
46041,23781706
46042,210289242
46043,184600749
46044,398628933
46045,68173963
46046,450666047
46047,804583661
46048,543176562
46049,978300529
46050,529070364
46051,24779020
46052,567126451
46053,72083211
46054,793093640
46055,949691111
46056,598834065
46057,872921971
46058,625695497
46059,406048562
46060,548818848
46061,838763595
46062,731617540
46063,396479176
46064,892139055
46065,716989359
46066,993829132
46067,252406381
46068,88615677
46069,316242921
46070,991128023
46071,656991265
46072,474282863
46073,34144237
46074,905449139
46075,771153595
46076,39330382
46077,80376740
46078,352365045
46079,325024018
46080,818759232
46081,945085616
46082,287773223
46083,711531208
46084,119844493
46085,657578137
46086,667935285
46087,625243806
46088,204036563
46089,269337681
46090,852906253
46091,564463942
46092,594891473
46093,841516143
46094,397610363
46095,242515006
46096,825220027
46097,140833854
46098,791906550
46099,493208550
46100,334369565
46101,137175507
46102,863403261
46103,255401009
46104,376295891
46105,522194608
46106,290582943
46107,311537281
46108,919974035
46109,472242530
46110,519574056
46111,754220911
46112,578978349
46113,49360296
46114,782908476
46115,333421759
46116,455804200
46117,178963571
46118,240158311
46119,105684744
46120,812897887
46121,252873552
46122,969860650
46123,846490531
46124,923467795
46125,861217411
46126,190006018
46127,809232614
46128,422105670
46129,147955505
46130,882575543
46131,695273479
46132,490486355
46133,317013102
46134,310745146
46135,25148103
46136,136756318
46137,434904104
46138,342338423
46139,225215933
46140,467653331
46141,174062147
46142,657173356
46143,547220130
46144,117085313
46145,668628884
46146,487664683
46147,192355156
46148,927344630
46149,770757199
46150,298478148
46151,21884577
46152,694454349
46153,755889998
46154,997753672
46155,676833021
46156,527251100
46157,567018544
46158,222656362
46159,725882489
46160,839008826
46161,103391729
46162,21064335
46163,667473295
46164,144036698
46165,330329089
46166,767896503
46167,705997978
46168,970779765
46169,179546281
46170,224071302
46171,835118445
46172,687176359
46173,570621344
46174,561530580
46175,395384034
46176,761648641
46177,589151755
46178,241262643
46179,10888624
46180,50566963
46181,788609073
46182,164922333
46183,472588797
46184,410440851
46185,514151555
46186,247462878
46187,718387259
46188,670548871
46189,546338014
46190,874035332
46191,516719743
46192,813433004
46193,744330205
46194,717233138
46195,668679201
46196,878819616
46197,296762872
46198,983981422
46199,323377719
46200,227947549
46201,591782125
46202,290533227
46203,377605612
46204,105604315
46205,581505109
46206,993031297
46207,294986233
46208,375896274
46209,169344470
46210,697307933
46211,654911075
46212,378161153
46213,481799404
46214,154626093
46215,600502398
46216,74014453
46217,97873247
46218,629087423
46219,340653972
46220,670012851
46221,766873596
46222,537877120
46223,535077702
46224,586033007
46225,259942958
46226,277761450
46227,365646350
46228,461267942
46229,147177953
46230,912687589
46231,273498749
46232,369126366
46233,990618313
46234,445749301
46235,769292791
46236,750746295
46237,345532683
46238,334304692
46239,520022152
46240,34549085
46241,416599981
46242,682482461
46243,960223232
46244,153953074
46245,187386524
46246,763624446
46247,361416678
46248,498578064
46249,364681452
46250,98651781
46251,980202205
46252,102351301
46253,566756430
46254,752924428
46255,779156440
46256,658207912
46257,473011435
46258,730026876
46259,820344598
46260,310431184
46261,431423874
46262,131088945
46263,846423959
46264,472552708
46265,34796291
46266,299577971
46267,473890273
46268,726948740
46269,973886768
46270,158339934
46271,8715222
46272,341406765
46273,353346509
46274,507467213
46275,340783122
46276,694096995
46277,227070575
46278,569756964
46279,364242609
46280,576624741
46281,7172613
46282,981921336
46283,814477762
46284,308292960
46285,20621274
46286,419823814
46287,463931182
46288,712582108
46289,279645518
46290,118297164
46291,668542111
46292,267119756
46293,694334611
46294,613795568
46295,273845104
46296,594447374
46297,609567152
46298,389550427
46299,227892533
46300,592125291
46301,671435255
46302,986134507
46303,436634553
46304,558506735
46305,954624485
46306,919992333
46307,575330477
46308,947852290
46309,133461096
46310,421244879
46311,383983693
46312,865146715
46313,458630022
46314,347201831
46315,361410636
46316,877242493
46317,124988973
46318,522976237
46319,591492187
46320,146281079
46321,887083748
46322,343925612
46323,356028827
46324,579361719
46325,666669740
46326,348220765
46327,816868162
46328,122388190
46329,244547510
46330,599951250
46331,959010697
46332,314218719
46333,657907918
46334,634558663
46335,383801549
46336,97074007
46337,146949404
46338,481323923
46339,476390371
46340,210600751
46341,75588856
46342,790244376
46343,190235466
46344,323032819
46345,559699932
46346,443116042
46347,199220673
46348,926428985
46349,500157525
46350,156499342
46351,647081835
46352,399550909
46353,214651369
46354,572699339
46355,90484215
46356,535681790
46357,524730789
46358,101296916
46359,429994044
46360,135174531
46361,204982628
46362,451292654
46363,645506370
46364,713648636
46365,414411551
46366,357250231
46367,331057482
46368,964900461
46369,26543877
46370,149542444
46371,17634831
46372,807784700
46373,971859556
46374,370870591
46375,480452958
46376,63930848
46377,927015386
46378,582600805
46379,546492424
46380,386649551
46381,354678553
46382,401661319
46383,653753630
46384,954711518
46385,641924939
46386,446216509
46387,279398267
46388,21535626
46389,387933294
46390,281318367
46391,720901897
46392,681688883
46393,262310691
46394,71889403
46395,143030946
46396,969252030
46397,75831702
46398,41248360
46399,661255612
46400,626555606
46401,10435524
46402,974342693
46403,894590673
46404,745254451
46405,491935895
46406,751360992
46407,857203635
46408,110448766
46409,394905390
46410,315307827
46411,105812113
46412,851822709
46413,238070163
46414,899821375
46415,970588389
46416,860157198
46417,625604556
46418,796611931
46419,443969256
46420,616907739
46421,949416472
46422,526272183
46423,436312448
46424,169389504
46425,720606501
46426,483382093
46427,350628111
46428,170383639
46429,184189295
46430,880141140
46431,914217494
46432,111566385
46433,639768290
46434,418310396
46435,102450888
46436,642875796
46437,163375591
46438,213422653
46439,468382559
46440,66304091
46441,282295177
46442,151924273
46443,223167283
46444,295117831
46445,899181456
46446,113963067
46447,603629354
46448,17556574
46449,258239078
46450,585992015
46451,735363278
46452,107377559
46453,250722838
46454,412323760
46455,190654586
46456,286658548
46457,893584329
46458,689235246
46459,488321067
46460,366542415
46461,129393033
46462,272593201
46463,724338654
46464,604914771
46465,542550918
46466,194112558
46467,78938872
46468,393804139
46469,928734911
46470,117852319
46471,790198477
46472,383452840
46473,533243814
46474,921968927
46475,104823106
46476,883515782
46477,130169816
46478,628984704
46479,331999533
46480,592263248
46481,771554408
46482,323242046
46483,25775621
46484,302107272
46485,496363401
46486,1981339
46487,235491703
46488,696538322
46489,670469604
46490,349329927
46491,570088298
46492,66750115
46493,749315846
46494,835275372
46495,273506373
46496,362657312
46497,993664643
46498,831906213
46499,121626772
46500,831946292
46501,835947985
46502,488504886
46503,341097208
46504,73419929
46505,910941295
46506,83497238
46507,664764452
46508,743724838
46509,713723878
46510,119121648
46511,683588687
46512,783676456
46513,291044086
46514,253162657
46515,185767645
46516,708194600
46517,780742897
46518,967963518
46519,134347915
46520,754180013
46521,102819777
46522,413840896
46523,326969904
46524,652562190
46525,390043245
46526,141626565
46527,887364663
46528,841030155
46529,789526899
46530,223601079
46531,826942983
46532,891443542
46533,447973791
46534,27650243
46535,609310224
46536,403798496
46537,822870461
46538,444515193
46539,901149941
46540,157726485
46541,149535366
46542,435294059
46543,222312127
46544,416181587
46545,647237353
46546,197635324
46547,973382064
46548,909954514
46549,931968517
46550,333536210
46551,678499970
46552,670834179
46553,470686357
46554,100230862
46555,36735537
46556,881447629
46557,609143595
46558,848636232
46559,419124648
46560,243534711
46561,877106223
46562,491602172
46563,15072189
46564,446438655
46565,605899109
46566,872790957
46567,183642019
46568,569682070
46569,887155158
46570,818376112
46571,636540974
46572,996558641
46573,722591295
46574,613487137
46575,716551284
46576,904480933
46577,776785276
46578,409822688
46579,29556500
46580,794161294
46581,840179839
46582,997630241
46583,257364092
46584,337536449
46585,610070701
46586,251554285
46587,293889161
46588,539484027
46589,159280100
46590,828501651
46591,842046369
46592,688122849
46593,601823628
46594,392094853
46595,862643626
46596,932400072
46597,316232950
46598,16254981
46599,231984498
46600,260980634
46601,533783308
46602,7308958
46603,145193575
46604,581241672
46605,669062895
46606,980831132
46607,171681629
46608,216894115
46609,151661900
46610,472535799
46611,328892357
46612,326092924
46613,980070537
46614,702934900
46615,763846299
46616,454820210
46617,587316421
46618,198777009
46619,387585182
46620,377373490
46621,317468479
46622,993100545
46623,387548711
46624,285097223
46625,663599997
46626,710584354
46627,642427010
46628,292294811
46629,391320706
46630,280956293
46631,409880782
46632,996321209
46633,541614750
46634,212216225
46635,364782897
46636,652473643
46637,57967139
46638,56013647
46639,190932907
46640,641642397
46641,118295676
46642,966175829
46643,45289644
46644,793966650
46645,952861109
46646,987044253
46647,105248953
46648,504657789
46649,849170314
46650,101606139
46651,356130053
46652,631320877
46653,996855381
46654,4784232
46655,72960957
46656,669641720
46657,995656254
46658,432059857
46659,934969605
46660,70713783
46661,524684112
46662,524215199
46663,707123212
46664,89734911
46665,863519191
46666,875101008
46667,737644949
46668,231713211
46669,645702730
46670,930192516
46671,768671430
46672,198473262
46673,224133928
46674,468408457
46675,774022832
46676,204543967
46677,678287921
46678,300871422
46679,173210418
46680,667616034
46681,708619082
46682,915157194
46683,222092424
46684,728749534
46685,781152495
46686,380620784
46687,172004107
46688,282426742
46689,715224488
46690,698838597
46691,900371516
46692,616950599
46693,419295252
46694,421595765
46695,681506832
46696,869530866
46697,229580762
46698,884468324
46699,665292377
46700,592785652
46701,999479589
46702,908402626
46703,567270249
46704,930978987
46705,489199616
46706,352910181
46707,677517444
46708,593547313
46709,300515547
46710,400467421
46711,421682638
46712,557389802
46713,809079083
46714,527336441
46715,548019802
46716,192721863
46717,719079694
46718,30874511
46719,955365359
46720,898564807
46721,619277576
46722,134895126
46723,931818784
46724,208039946
46725,276753301
46726,367515849
46727,344131187
46728,288294776
46729,170600343
46730,558542502
46731,37412688
46732,799526683
46733,373778073
46734,812074061
46735,74668399
46736,190158173
46737,464093017
46738,822339785
46739,635247192
46740,853911774
46741,252362042
46742,869240261
46743,542415565
46744,986652131
46745,734198373
46746,476194434
46747,45282066
46748,744631974
46749,837065725
46750,163488392
46751,826609057
46752,833905629
46753,424259652
46754,459885897
46755,471693403
46756,397323699
46757,532411235
46758,938794598
46759,150472838
46760,802987927
46761,733931940
46762,641173385
46763,56058475
46764,864423543
46765,856815663
46766,510895421
46767,891586863
46768,412043535
46769,718428802
46770,396396256
46771,717297124
46772,383936090
46773,89181434
46774,813493849
46775,736589591
46776,423148828
46777,903585228
46778,478143719
46779,28049584
46780,821366323
46781,854144850
46782,75018333
46783,740918138
46784,916698553
46785,187778130
46786,145652547
46787,245580576
46788,107984270
46789,118012957
46790,167032318
46791,813255349
46792,764814629
46793,387628489
46794,508959517
46795,750523302
46796,706426138
46797,188472771
46798,147989949
46799,381065156
46800,703826780
46801,15392246
46802,214995896
46803,226421283
46804,296495138
46805,964050828
46806,892508106
46807,542686934
46808,720392639
46809,101978916
46810,779830470
46811,592963016
46812,746189362
46813,68968738
46814,394373265
46815,708270702
46816,355943687
46817,771516173
46818,830893661
46819,670789725
46820,269121507
46821,672642001
46822,939004726
46823,159268261
46824,499102315
46825,471500018
46826,977271602
46827,260196627
46828,395055788
46829,728402446
46830,682617550
46831,229161881
46832,618517011
46833,548692533
46834,236160766
46835,43335011
46836,656849046
46837,335905292
46838,352941277
46839,351767466
46840,904795794
46841,668158090
46842,861180986
46843,63482213
46844,562137330
46845,951392535
46846,930852845
46847,164071195
46848,667385930
46849,178755313
46850,995869130
46851,984424586
46852,335834318
46853,483286232
46854,608148747
46855,637876589
46856,533745070
46857,731609312
46858,421960953
46859,254521314
46860,614691156
46861,222007389
46862,412664158
46863,296934245
46864,322765248
46865,931175852
46866,404163091
46867,126558031
46868,987682577
46869,284609229
46870,200678844
46871,984547134
46872,198164471
46873,169128475
46874,233498429
46875,417768012
46876,500007222
46877,30928383
46878,435687188
46879,812022560
46880,91236263
46881,504177518
46882,63455825
46883,95638205
46884,638417561
46885,586039717
46886,27669319
46887,681513437
46888,674790854
46889,167709066
46890,799579759
46891,83387868
46892,950373244
46893,402245239
46894,904186727
46895,658526200
46896,137057965
46897,105330149
46898,580996477
46899,757558992
46900,618694553
46901,299386416
46902,440704022
46903,868276261
46904,265742056
46905,820088115
46906,23566417
46907,587999812
46908,792460713
46909,117564710
46910,312970460
46911,432483800
46912,233917509
46913,773496090
46914,287951987
46915,7416460
46916,64480956
46917,970778025
46918,423230914
46919,875052841
46920,585294790
46921,353760323
46922,967289872
46923,216476233
46924,834860022
46925,660142383
46926,154387530
46927,426196059
46928,904850580
46929,397853912
46930,876061589
46931,296149258
46932,875079707
46933,724654560
46934,954055686
46935,472606244
46936,710235868
46937,781887860
46938,38003985
46939,650340316
46940,472689046
46941,548023986
46942,555472762
46943,503770487
46944,406059127
46945,538907199
46946,148197656
46947,942438089
46948,768314633
46949,952925780
46950,261956142
46951,725013426
46952,811909276
46953,484648668
46954,594433010
46955,487978900
46956,5720296
46957,555183934
46958,460437841
46959,256793186
46960,787113041
46961,19219455
46962,410102593
46963,223640567
46964,466637667
46965,472789888
46966,765804486
46967,40656377
46968,724662515
46969,255273918
46970,386907980
46971,374453535
46972,7397118
46973,237771576
46974,182137256
46975,402999852
46976,162781638
46977,402344154
46978,678955579
46979,801897174
46980,398778035
46981,21938019
46982,588002083
46983,530299404
46984,486007923
46985,253748925
46986,109543546
46987,222920870
46988,795352326
46989,853279077
46990,545951473
46991,137742900
46992,868368922
46993,172665233
46994,412966630
46995,355294580
46996,663948220
46997,2638433
46998,735634326
46999,891091290
47000,530659783
47001,195326714
47002,537980233
47003,452199107
47004,901769996
47005,830614888
47006,989627568
47007,403832500
47008,114167473
47009,490277187
47010,78430888
47011,942137109
47012,184500378
47013,466335154
47014,336878203
47015,409347845
47016,121122767
47017,916572208
47018,196478256
47019,955387362
47020,742374634
47021,343190051
47022,140293405
47023,333703882
47024,381397092
47025,803694229
47026,941415668
47027,945706376
47028,674739460
47029,16589694
47030,477726062
47031,571182467
47032,392358652
47033,141241336
47034,882151000
47035,415858111
47036,8256214
47037,836292998
47038,444714828
47039,567310045
47040,837148501
47041,583515117
47042,488287087
47043,359633896
47044,158418066
47045,988427490
47046,286526519
47047,210290800
47048,972443225
47049,719786315
47050,685659887
47051,471438537
47052,723840075
47053,629896825
47054,348709901
47055,502594348
47056,974570292
47057,370146592
47058,300251574
47059,90990263
47060,129705937
47061,202510507
47062,482776916
47063,968184665
47064,33254533
47065,26086598
47066,54864387
47067,764571873
47068,359060998
47069,104285711
47070,883174532
47071,352715292
47072,403884968
47073,476540489
47074,194272724
47075,254664023
47076,894562750
47077,849418229
47078,136026787
47079,655441729
47080,498349539
47081,376788809
47082,901296167
47083,9058195
47084,948430267
47085,466622323
47086,945655319
47087,585897033
47088,424835133
47089,635320282
47090,163118667
47091,764996805
47092,875649163
47093,631011392
47094,927418266
47095,477408625
47096,209281431
47097,207765244
47098,527740375
47099,377651907
47100,256630380
47101,633586452
47102,70189185
47103,200655991
47104,782998888
47105,75152410
47106,82663373
47107,357888402
47108,277738806
47109,878103490
47110,154627758
47111,862214640
47112,718861920
47113,291008107
47114,707880786
47115,972671057
47116,63324448
47117,584143227
47118,672292074
47119,746679852
47120,123696392
47121,669547084
47122,592725208
47123,210785919
47124,597045742
47125,129598154
47126,644631784
47127,767975796
47128,326949697
47129,485079010
47130,802342896
47131,401364420
47132,604420875
47133,70813141
47134,678637739
47135,549011804
47136,145175248
47137,759052
47138,154026016
47139,219803066
47140,270526853
47141,381764132
47142,930696829
47143,238137890
47144,185628703
47145,45585185
47146,588374737
47147,136946176
47148,511420015
47149,711937393
47150,843319309
47151,74834865
47152,344903627
47153,454679875
47154,426612515
47155,8827327
47156,170604219
47157,135806949
47158,285715208
47159,961901674
47160,200140419
47161,537745012
47162,863774532
47163,347266331
47164,619369924
47165,719905847
47166,386569057
47167,8314073
47168,811032512
47169,717637086
47170,882473812
47171,847031317
47172,485722518
47173,783013752
47174,6001709
47175,392111426
47176,434428898
47177,569520498
47178,375550207
47179,607151767
47180,987547024
47181,576912459
47182,568809091
47183,197362910
47184,969207686
47185,839008183
47186,167919582
47187,244686120
47188,419746776
47189,946342480
47190,606097547
47191,301206954
47192,914894335
47193,429715039
47194,826775270
47195,603867665
47196,799155437
47197,509974483
47198,527572876
47199,372519266
47200,765491511
47201,157299384
47202,287102956
47203,563989208
47204,426279809
47205,667427851
47206,293839617
47207,884601381
47208,252761050
47209,53560550
47210,636379876
47211,567566304
47212,848279474
47213,519644379
47214,121402614
47215,12244036
47216,600900299
47217,796827315
47218,843194543
47219,364187098
47220,204963441
47221,809078598
47222,379786152
47223,26754029
47224,640782779
47225,451757697
47226,530643254
47227,200784638
47228,281740161
47229,20289129
47230,988838974
47231,751036091
47232,188013732
47233,371623453
47234,830217122
47235,18722511
47236,308704638
47237,149187817
47238,258093537
47239,684185435
47240,909216164
47241,477202289
47242,882271163
47243,972054266
47244,84210678
47245,404969852
47246,623957349
47247,115273596
47248,460206788
47249,917591364
47250,378986705
47251,693719935
47252,300926153
47253,721073501
47254,905651378
47255,430861709
47256,375096287
47257,939046516
47258,944432640
47259,646379006
47260,27244450
47261,953060850
47262,275125226
47263,166108430
47264,194637549
47265,852647884
47266,886478510
47267,213184068
47268,380403759
47269,861005294
47270,264473619
47271,599197624
47272,934439877
47273,140573048
47274,621744246
47275,782334525
47276,805020130
47277,596006604
47278,375455254
47279,709749382
47280,689381519
47281,901643784
47282,524382892
47283,498025895
47284,194082344
47285,332702623
47286,733439325
47287,912467175
47288,281235269
47289,594753040
47290,892015852
47291,620166
47292,585278580
47293,234376913
47294,227128056
47295,606057291
47296,606213198
47297,368630488
47298,717283968
47299,798754052
47300,500776585
47301,150178757
47302,630486554
47303,698970849
47304,730083212
47305,92840483
47306,231835667
47307,500454725
47308,13128624
47309,905828519
47310,252118124
47311,357492751
47312,335894097
47313,15988074
47314,588532500
47315,900701635
47316,779706275
47317,804443616
47318,354653419
47319,687270168
47320,87022431
47321,253497832
47322,169905673
47323,211816192
47324,9452740
47325,982778005
47326,220910429
47327,159739160
47328,441738147
47329,649934116
47330,845079446
47331,405357210
47332,431294272
47333,614000904
47334,648447746
47335,632462268
47336,354069951
47337,356206307
47338,244978631
47339,742394003
47340,467677993
47341,426685997
47342,691920612
47343,77617040
47344,40451600
47345,20335498
47346,898993842
47347,344499099
47348,477311481
47349,416918795
47350,676219030
47351,511002620
47352,329442750
47353,598661491
47354,291684207
47355,866437748
47356,737731095
47357,844897735
47358,307947155
47359,597762316
47360,266250727
47361,209159948
47362,344295886
47363,656765378
47364,227561633
47365,407452600
47366,52344016
47367,729524679
47368,386781555
47369,136787402
47370,816478078
47371,911144302
47372,3185281
47373,632052923
47374,13356940
47375,458067384
47376,118253157
47377,120057956
47378,86254796
47379,865698982
47380,685729263
47381,957536122
47382,196863428
47383,76553692
47384,901663746
47385,284757464
47386,951463813
47387,783310983
47388,160102421
47389,69824843
47390,902067655
47391,956722230
47392,160506841
47393,575573138
47394,856927037
47395,95127510
47396,111193999
47397,320226163
47398,219531174
47399,312815037
47400,994754339
47401,508115821
47402,670051710
47403,279690370
47404,214769698
47405,631468760
47406,592958969
47407,138899052
47408,213757426
47409,835701623
47410,746064860
47411,376755118
47412,129484808
47413,433141376
47414,846574735
47415,14379252
47416,536857510
47417,937058007
47418,869615812
47419,738647540
47420,191174124
47421,658121996
47422,910100064
47423,770768910
47424,902846812
47425,635034412
47426,913899556
47427,334567557
47428,690737107
47429,678314546
47430,980771618
47431,526557250
47432,326534473
47433,316455688
47434,956884727
47435,405856458
47436,427222330
47437,529308356
47438,50113166
47439,602090837
47440,577798048
47441,958497208
47442,430733243
47443,401963025
47444,807462147
47445,433728577
47446,400292650
47447,458196147
47448,490487965
47449,162153405
47450,766853164
47451,658055019
47452,154153401
47453,552420372
47454,888453245
47455,440952024
47456,165673372
47457,923044192
47458,364346739
47459,993289118
47460,995616609
47461,713222467
47462,493503331
47463,371458418
47464,74602233
47465,219610532
47466,505057386
47467,289765664
47468,424984076
47469,181613282
47470,348510277
47471,60984640
47472,326226832
47473,479767533
47474,984476575
47475,853340194
47476,143732569
47477,466785783
47478,860509437
47479,599416642
47480,683656308
47481,845024542
47482,275284395
47483,486758191
47484,513850860
47485,543395339
47486,787112183
47487,336523284
47488,444898167
47489,743436080
47490,435452164
47491,194787415
47492,12002155
47493,735904737
47494,552708939
47495,483688641
47496,231226448
47497,936850640
47498,958984409
47499,926066982
47500,706633834
47501,267498997
47502,242452941
47503,244944162
47504,529801732
47505,404096956
47506,953188075
47507,682481825
47508,181354399
47509,380260504
47510,441270354
47511,51609717
47512,984985040
47513,174066371
47514,427956403
47515,988958867
47516,800932230
47517,671155001
47518,793964506
47519,507696143
47520,734580985
47521,210978367
47522,495401786
47523,271494910
47524,85247966
47525,772546386
47526,552413942
47527,361420537
47528,652272391
47529,795448917
47530,40633379
47531,834629747
47532,746347883
47533,631206673
47534,139048905
47535,441282383
47536,469940020
47537,801119155
47538,883087519
47539,120430476
47540,418112767
47541,442608959
47542,585408062
47543,519671782
47544,915647090
47545,658820759
47546,220539358
47547,360908313
47548,192493100
47549,35750125
47550,457346858
47551,429967350
47552,487698568
47553,192189359
47554,844488239
47555,693591629
47556,366440286
47557,405160296
47558,418751025
47559,507400743
47560,470339657
47561,832482580
47562,400820684
47563,214990688
47564,539468312
47565,129926821
47566,146469077
47567,127235505
47568,538621944
47569,596124221
47570,621096803
47571,493648435
47572,692937744
47573,739562704
47574,398575690
47575,587699468
47576,999471226
47577,123748332
47578,763963082
47579,260167530
47580,201769311
47581,1005315
47582,774287585
47583,955115620
47584,578413889
47585,584580836
47586,733701588
47587,25640572
47588,533825336
47589,806063890
47590,157594150
47591,291512268
47592,512141183
47593,38160430
47594,340617356
47595,310382936
47596,216044201
47597,67827244
47598,684536316
47599,229409298
47600,192452246
47601,156871039
47602,857017110
47603,129286282
47604,367916748
47605,685416683
47606,606240004
47607,322202072
47608,473583064
47609,369605637
47610,209417638
47611,174227785
47612,759603112
47613,627377332
47614,883223892
47615,946692131
47616,908709607
47617,199485316
47618,402948138
47619,703668485
47620,777737741
47621,747336062
47622,931518069
47623,923315224
47624,588963341
47625,704538295
47626,94670567
47627,418585548
47628,12597193
47629,533455158
47630,420853797
47631,173143029
47632,751876357
47633,156999642
47634,70918864
47635,916267232
47636,198663617
47637,682529898
47638,386109480
47639,63504254
47640,842915093
47641,702096306
47642,993351472
47643,839283229
47644,803694276
47645,541164526
47646,719440845
47647,93515305
47648,678389963
47649,165527926
47650,784336482
47651,249377900
47652,483361762
47653,700730282
47654,212906987
47655,937261105
47656,403531000
47657,487365890
47658,971587372
47659,669350832
47660,641507985
47661,371579928
47662,167413429
47663,778877347
47664,442325229
47665,955086810
47666,17100882
47667,622538742
47668,420620167
47669,926452998
47670,313796127
47671,809622511
47672,110276752
47673,747571171
47674,228771932
47675,222413041
47676,413971752
47677,60686368
47678,916565029
47679,445559069
47680,816776885
47681,445114881
47682,910758858
47683,78712205
47684,723833523
47685,126701019
47686,408460822
47687,503609549
47688,256592227
47689,691985356
47690,693868305
47691,834814835
47692,973697150
47693,423663226
47694,292402688
47695,602703533
47696,610516815
47697,474393783
47698,994942837
47699,386229581
47700,516099773
47701,701068877
47702,197353586
47703,287367838
47704,363912700
47705,336667339
47706,317111256
47707,737688687
47708,705456670
47709,461269330
47710,168739163
47711,256926122
47712,500482641
47713,570093551
47714,258980145
47715,987670100
47716,177029898
47717,160217821
47718,220007139
47719,962684615
47720,696235660
47721,500596611
47722,68537710
47723,546435835
47724,636239417
47725,514593815
47726,289396457
47727,902403601
47728,624863260
47729,25217946
47730,592114103
47731,849221023
47732,628178945
47733,572437301
47734,931080726
47735,313374719
47736,156854305
47737,837640102
47738,832415368
47739,503275876
47740,844940865
47741,672610715
47742,539213923
47743,920166552
47744,334201863
47745,312276654
47746,40157346
47747,226679510
47748,666867782
47749,146684635
47750,826044969
47751,264189899
47752,749596646
47753,363827934
47754,225701917
47755,34212959
47756,378321133
47757,311189804
47758,299564063
47759,843920758
47760,574051017
47761,158763898
47762,808672032
47763,371175370
47764,101846236
47765,173960093
47766,430046542
47767,573991221
47768,133622686
47769,105192399
47770,775013959
47771,139394129
47772,589123979
47773,155540348
47774,592146682
47775,894204303
47776,915499604
47777,928717121
47778,141616085
47779,487067560
47780,338811518
47781,492186873
47782,244748359
47783,348602849
47784,156010861
47785,169341204
47786,727403164
47787,480081085
47788,806537792
47789,508311951
47790,104242844
47791,150502059
47792,550005170
47793,945285381
47794,3771388
47795,455048197
47796,442859146
47797,486419435
47798,732894331
47799,819300215
47800,451790475
47801,529644805
47802,316764485
47803,66591639
47804,637937042
47805,582020490
47806,45753334
47807,98610793
47808,982851918
47809,278279842
47810,661419313
47811,530267686
47812,366269273
47813,251910652
47814,368051019
47815,61730326
47816,26965176
47817,366670632
47818,461250429
47819,956155220
47820,945209725
47821,679698030
47822,942880249
47823,146392387
47824,471823243
47825,74999759
47826,219531360
47827,579660321
47828,869793764
47829,779010719
47830,951860633
47831,140573047
47832,662326515
47833,474087462
47834,509005292
47835,377104067
47836,907479772
47837,693258901
47838,214150442
47839,372063801
47840,224014541
47841,471218361
47842,719042252
47843,56126652
47844,562353539
47845,762345543
47846,451662872
47847,920787850
47848,142100266
47849,116756482
47850,16147670
47851,304155146
47852,482618645
47853,605499405
47854,265784984
47855,87118240
47856,81969622
47857,976673807
47858,484528959
47859,98873271
47860,349154935
47861,716446172
47862,141211734
47863,303388403
47864,139997586
47865,869029565
47866,268685231
47867,314495584
47868,629890439
47869,57411769
47870,585292155
47871,662272670
47872,521821295
47873,588385238
47874,765126513
47875,266662669
47876,866632549
47877,371719501
47878,802748011
47879,740538466
47880,395734281
47881,432958307
47882,364547458
47883,721820189
47884,119102368
47885,999349952
47886,948920158
47887,53205603
47888,4290205
47889,974665336
47890,398220349
47891,470964887
47892,529418184
47893,716767241
47894,281889631
47895,301355324
47896,843731425
47897,127064103
47898,631687248
47899,539959574
47900,373525983
47901,737794367
47902,118589236
47903,1583431
47904,707333615
47905,847993646
47906,638630544
47907,253846376
47908,143678841
47909,575498405
47910,859330316
47911,876576089
47912,439622318
47913,109563857
47914,753567504
47915,495343113
47916,236308422
47917,270956676
47918,309634427
47919,390511866
47920,389065542
47921,659838304
47922,270920440
47923,460458374
47924,288807344
47925,295959930
47926,478300684
47927,436883067
47928,859252691
47929,459531569
47930,247919619
47931,993360625
47932,609679800
47933,508730171
47934,344008257
47935,491337892
47936,917290508
47937,580420919
47938,409646964
47939,326640520
47940,360205686
47941,403431981
47942,12855279
47943,526885253
47944,285355380
47945,914829232
47946,442968691
47947,225014921
47948,849322634
47949,72569214
47950,456537493
47951,853569819
47952,348704768
47953,680455849
47954,314270626
47955,712107924
47956,681707693
47957,872764165
47958,268714700
47959,733675566
47960,507922277
47961,571865375
47962,993821522
47963,544968616
47964,546620195
47965,775262808
47966,626435423
47967,620362009
47968,961332022
47969,487864461
47970,252988335
47971,622214390
47972,747589891
47973,321402580
47974,38783553
47975,402263618
47976,760319247
47977,493928700
47978,450520056
47979,985042065
47980,569139010
47981,19217419
47982,764384100
47983,472289980
47984,751468090
47985,675298131
47986,858432934
47987,196503070
47988,122130207
47989,235494743
47990,644937975
47991,740338968
47992,517154137
47993,563222659
47994,255346038
47995,992289704
47996,425434309
47997,735456300
47998,874670321
47999,39955442
48000,873337204
48001,398123528
48002,385668098
48003,759633368
48004,34998396
48005,356233276
48006,531028722
48007,154074932
48008,727494338
48009,574219089
48010,154847436
48011,410953690
48012,849621327
48013,406630589
48014,72762704
48015,714606963
48016,899415231
48017,362386921
48018,555468736
48019,63365676
48020,905244582
48021,430504720
48022,820730104
48023,298205920
48024,909930831
48025,843816176
48026,866896354
48027,401794562
48028,554726016
48029,856944044
48030,107539674
48031,179659398
48032,26843270
48033,122613349
48034,336390398
48035,140635256
48036,209105875
48037,757247405
48038,342143502
48039,31444756
48040,86660825
48041,15409120
48042,647111504
48043,392685434
48044,769212075
48045,54281330
48046,638408470
48047,605160043
48048,892073613
48049,20518622
48050,583530272
48051,893936328
48052,253542064
48053,382105800
48054,377033847
48055,813825942
48056,113361012
48057,706837644
48058,244369349
48059,464439294
48060,731388489
48061,867902663
48062,710159658
48063,938125196
48064,132352575
48065,199497684
48066,374562141
48067,881746200
48068,867025180
48069,916570231
48070,654353851
48071,414828719
48072,422821949
48073,159933872
48074,182174199
48075,494915381
48076,51429227
48077,439007749
48078,666767951
48079,283693228
48080,522772792
48081,926637852
48082,7373971
48083,164797873
48084,64338094
48085,886806636
48086,398733907
48087,828361912
48088,379916193
48089,173940062
48090,205583335
48091,891401474
48092,435174039
48093,587941552
48094,120511994
48095,837566522
48096,476762307
48097,645308575
48098,275198794
48099,286473268
48100,979187086
48101,991486109
48102,527668889
48103,284288053
48104,748570630
48105,125898925
48106,264350681
48107,722605000
48108,112518140
48109,575658974
48110,261531309
48111,975699516
48112,479600572
48113,791556755
48114,371042445
48115,145676943
48116,673116691
48117,657708026
48118,592041129
48119,790873375
48120,729154374
48121,131136777
48122,712778104
48123,533727327
48124,101299212
48125,527660774
48126,338498907
48127,94282425
48128,857948677
48129,213613110
48130,996929536
48131,668890688
48132,29189288
48133,248552982
48134,386992736
48135,207923755
48136,120303518
48137,852348036
48138,877741641
48139,710072832
48140,117982105
48141,587754971
48142,307967983
48143,903362786
48144,366153219
48145,483579050
48146,755222058
48147,996449348
48148,683090123
48149,214767234
48150,915442747
48151,607719543
48152,935149860
48153,834418945
48154,281831158
48155,672698833
48156,711708135
48157,97685689
48158,345703317
48159,237064174
48160,828029948
48161,868357576
48162,238962238
48163,125633418
48164,616415556
48165,613708866
48166,357328084
48167,653060566
48168,313196624
48169,578839231
48170,707482818
48171,942834958
48172,139755437
48173,814004009
48174,139368689
48175,116288419
48176,694559728
48177,563883524
48178,128399779
48179,155479251
48180,173478937
48181,493502170
48182,672998844
48183,89361580
48184,843599897
48185,891065144
48186,491280082
48187,985140031
48188,794490938
48189,334307957
48190,883653942
48191,307098465
48192,164401693
48193,958134963
48194,102769465
48195,296211559
48196,290286541
48197,663666025
48198,726283698
48199,4767789
48200,331974938
48201,835689262
48202,955481113
48203,687236475
48204,669982058
48205,68845283
48206,769319617
48207,853976037
48208,543447216
48209,362158979
48210,868678322
48211,8729694
48212,992419853
48213,517153207
48214,394409831
48215,291776231
48216,746243263
48217,927294741
48218,778614998
48219,748845149
48220,149872524
48221,547789779
48222,48567314
48223,471056277
48224,219150184
48225,634205861
48226,917444783
48227,918287850
48228,214695177
48229,74861366
48230,30630605
48231,634652818
48232,536818681
48233,649701254
48234,829287417
48235,992591375
48236,173118499
48237,295994829
48238,883428103
48239,327732311
48240,921387862
48241,333794785
48242,551722334
48243,989073481
48244,237556162
48245,943287745
48246,684611728
48247,393889301
48248,144197779
48249,451903184
48250,546950345
48251,698601351
48252,658843356
48253,680058475
48254,91814202
48255,846764261
48256,363602954
48257,583367633
48258,698170668
48259,917463235
48260,420983403
48261,438681535
48262,12311141
48263,636265820
48264,954871599
48265,613450522
48266,155795547
48267,735252438
48268,989714682
48269,914498305
48270,303142786
48271,298679576
48272,87704980
48273,739538816
48274,283505158
48275,682073744
48276,935158068
48277,794458492
48278,526589460
48279,594399137
48280,556353887
48281,944092817
48282,817677121
48283,347553062
48284,599581492
48285,10245013
48286,419571718
48287,670882528
48288,228520966
48289,522819599
48290,175443824
48291,90753474
48292,853805183
48293,293971313
48294,270034932
48295,216951326
48296,86584022
48297,914243089
48298,915489986
48299,325207961
48300,388621488
48301,684765949
48302,311720715
48303,730037492
48304,481463210
48305,288463505
48306,944735704
48307,740313289
48308,49896293
48309,437803089
48310,719021010
48311,530421506
48312,751576004
48313,847869398
48314,29101788
48315,54718930
48316,457001488
48317,316888320
48318,947660730
48319,318575237
48320,277793950
48321,1641851
48322,532330832
48323,935050567
48324,176283314
48325,582953385
48326,347248389
48327,475936954
48328,823273683
48329,215217336
48330,627629825
48331,997490868
48332,442917515
48333,912120654
48334,636370762
48335,436504618
48336,126104079
48337,662862160
48338,373890816
48339,164417754
48340,285932492
48341,890839711
48342,452854294
48343,396684214
48344,986755119
48345,627668939
48346,50957730
48347,587126323
48348,807352477
48349,496123491
48350,508536553
48351,819986109
48352,208734887
48353,938325265
48354,665828552
48355,924498119
48356,403966594
48357,449770883
48358,369739442
48359,378744276
48360,277576937
48361,400058086
48362,428717574
48363,253392365
48364,142294009
48365,773441390
48366,683084397
48367,116147602
48368,401223679
48369,130119076
48370,997017091
48371,80507194
48372,252680345
48373,557412326
48374,491754872
48375,842902223
48376,411850251
48377,851711173
48378,312477320
48379,12258597
48380,823235209
48381,403148920
48382,287106331
48383,438133255
48384,822815697
48385,711350956
48386,831268897
48387,494999824
48388,692427666
48389,153377150
48390,289961354
48391,377450315
48392,679703855
48393,908451209
48394,89182049
48395,304726435
48396,120335824
48397,186176264
48398,710750281
48399,410664608
48400,14444675
48401,162516257
48402,747871731
48403,527758397
48404,213217825
48405,551902789
48406,735315395
48407,227874495
48408,753705807
48409,278024311
48410,810581644
48411,356517656
48412,287607678
48413,382880626
48414,789608431
48415,407335835
48416,455588629
48417,774209212
48418,880510862
48419,529892930
48420,989835784
48421,555580960
48422,800638694
48423,381820032
48424,227846537
48425,413337355
48426,169685893
48427,33414371
48428,549898360
48429,334713973
48430,157257651
48431,88060661
48432,551772407
48433,834352585
48434,703867528
48435,991884905
48436,699929429
48437,562455895
48438,127338249
48439,719199433
48440,454024448
48441,637908066
48442,366711451
48443,115162331
48444,690075044
48445,587116492
48446,145615393
48447,416607696
48448,401214379
48449,181805556
48450,487129184
48451,13465364
48452,925770067
48453,207077477
48454,360294417
48455,570570994
48456,905785445
48457,576210556
48458,520968180
48459,96603694
48460,821167352
48461,459566799
48462,815886750
48463,371995846
48464,99531505
48465,858068189
48466,630831661
48467,894030946
48468,330490872
48469,359529259
48470,862643975
48471,475383012
48472,332858274
48473,751568747
48474,177241443
48475,856572309
48476,136153611
48477,341499226
48478,841683434
48479,795691106
48480,887442267
48481,687059074
48482,603576039
48483,68568999
48484,126238046
48485,394741175
48486,782130317
48487,443122539
48488,549755204
48489,328008683
48490,329414408
48491,35685970
48492,842643004
48493,183896889
48494,928820286
48495,816217176
48496,352711383
48497,183541398
48498,686367273
48499,967810831
48500,529662834
48501,865692437
48502,484180523
48503,685598974
48504,373452988
48505,544650807
48506,323392592
48507,962367512
48508,456905114
48509,666503246
48510,507242325
48511,187238390
48512,948349645
48513,890103578
48514,917333618
48515,383446446
48516,874352039
48517,142109158
48518,307222225
48519,404466179
48520,178718969
48521,221146686
48522,122105308
48523,531565801
48524,767325335
48525,575631635
48526,723974344
48527,66154828
48528,400647645
48529,348903441
48530,193119032
48531,335678233
48532,40848531
48533,441933020
48534,939035877
48535,514302591
48536,158406941
48537,349491647
48538,77436810
48539,705489199
48540,823150579
48541,407953540
48542,406971426
48543,413498625
48544,585808339
48545,885880720
48546,871879660
48547,561745385
48548,90852566
48549,785527432
48550,99062617
48551,617590443
48552,6012863
48553,688606554
48554,694224219
48555,136301988
48556,284709643
48557,546905319
48558,430480316
48559,36533787
48560,837777543
48561,619626350
48562,570308618
48563,358074919
48564,238048414
48565,487534200
48566,739087255
48567,395649560
48568,746495324
48569,921675265
48570,633246843
48571,845067007
48572,771084701
48573,576090302
48574,934606852
48575,839232943
48576,587492298
48577,348256269
48578,438798749
48579,548806409
48580,577069026
48581,657049424
48582,620195501
48583,464097051
48584,122292826
48585,608395435
48586,636875068
48587,306273051
48588,29460082
48589,421138415
48590,151787832
48591,113081497
48592,538849011
48593,193921413
48594,140608893
48595,180666227
48596,11297378
48597,78569630
48598,163048736
48599,926318038
48600,848584193
48601,128751905
48602,657238760
48603,166125126
48604,189837748
48605,35847727
48606,881235327
48607,740104559
48608,539359661
48609,411725728
48610,117878127
48611,657643020
48612,446673441
48613,440101394
48614,277106187
48615,219030730
48616,925893834
48617,147941421
48618,349507418
48619,29117583
48620,922999250
48621,18685773
48622,370791545
48623,622775869
48624,369820777
48625,369732292
48626,854119312
48627,228356825
48628,163353679
48629,493251169
48630,104343266
48631,13917586
48632,437352233
48633,726169611
48634,889097133
48635,972328178
48636,806909978
48637,585498846
48638,802196988
48639,193597198
48640,619369160
48641,853051896
48642,11053138
48643,556653879
48644,738002592
48645,686923598
48646,572953010
48647,774071199
48648,391333583
48649,761037752
48650,884123889
48651,990446506
48652,908333511
48653,909783700
48654,598244994
48655,586023201
48656,349587338
48657,101619858
48658,609723053
48659,772025707
48660,204767217
48661,348129729
48662,173313923
48663,85118263
48664,283510842
48665,838659010
48666,881682577
48667,946405657
48668,88059133
48669,720223005
48670,275798058
48671,722135421
48672,774326448
48673,597031771
48674,298805383
48675,633657208
48676,836954847
48677,406331538
48678,601453232
48679,241850976
48680,336750830
48681,553143590
48682,53208994
48683,114721720
48684,874157532
48685,58374177
48686,603535827
48687,354174223
48688,31694179
48689,909752804
48690,204251306
48691,948724148
48692,896154819
48693,776322685
48694,969253209
48695,667860384
48696,114718432
48697,169172250
48698,320269336
48699,15873743
48700,233155633
48701,562059784
48702,562740470
48703,247907211
48704,12308887
48705,211511934
48706,483019551
48707,649797507
48708,653325129
48709,977616455
48710,665092052
48711,92375873
48712,831880621
48713,744149719
48714,913174948
48715,7839453
48716,427845574
48717,984587991
48718,578817753
48719,516564961
48720,467629002
48721,820690197
48722,396293780
48723,155362503
48724,450089442
48725,759545219
48726,502635307
48727,206963484
48728,739320505
48729,39173720
48730,636234639
48731,206572881
48732,589976665
48733,106521271
48734,30591353
48735,734915651
48736,941085993
48737,535696140
48738,838001213
48739,861238397
48740,16646473
48741,503934233
48742,730554038
48743,807688212
48744,670624233
48745,8303411
48746,302656741
48747,20247622
48748,505705856
48749,636269147
48750,17430082
48751,338688104
48752,752616397
48753,263798619
48754,366732761
48755,714398162
48756,306251538
48757,930505011
48758,420493699
48759,740171518
48760,707518441
48761,573504068
48762,497147992
48763,526163702
48764,543841950
48765,208949489
48766,134259634
48767,660171486
48768,16656187
48769,861544417
48770,328035179
48771,546624725
48772,431405202
48773,619781245
48774,696045264
48775,116198707
48776,112254041
48777,427297597
48778,702770707
48779,308523076
48780,982654093
48781,833534293
48782,21065302
48783,289261148
48784,20243560
48785,510136511
48786,135455024
48787,431094135
48788,110871928
48789,594791344
48790,394609789
48791,964560742
48792,784466289
48793,987598174
48794,502891112
48795,965245264
48796,222811156
48797,287322806
48798,7952447
48799,966321312
48800,526607608
48801,473606475
48802,384388400
48803,657666159
48804,931870282
48805,597323277
48806,340456383
48807,626098164
48808,922681634
48809,365148619
48810,335113714
48811,12090177
48812,10964470
48813,401683444
48814,3803985
48815,501421506
48816,899484887
48817,47788391
48818,165262779
48819,142375374
48820,118361277
48821,241094901
48822,367565887
48823,67829056
48824,210060325
48825,785369078
48826,489077919
48827,107001664
48828,810800796
48829,514230384
48830,566980418
48831,422576608
48832,419268574
48833,406223970
48834,541034552
48835,90802450
48836,702782043
48837,65117530
48838,904915286
48839,539312340
48840,468102853
48841,359573340
48842,603189911
48843,257639973
48844,341778523
48845,120365962
48846,309527639
48847,502225029
48848,310076748
48849,859545788
48850,909568461
48851,625579706
48852,284749470
48853,993306669
48854,177062461
48855,26459034
48856,209960191
48857,925266475
48858,779300176
48859,441919142
48860,235659941
48861,368803814
48862,846841301
48863,520191311
48864,261928161
48865,13636578
48866,825287197
48867,543551062
48868,302312272
48869,87490532
48870,972111349
48871,220370430
48872,65336905
48873,668891274
48874,536491865
48875,98016862
48876,613909587
48877,583080816
48878,70671830
48879,181103535
48880,974227934
48881,870054178
48882,475443211
48883,90387391
48884,663519387
48885,922704116
48886,265066690
48887,807058581
48888,28430380
48889,785410985
48890,187691998
48891,614550139
48892,68873414
48893,352007543
48894,461149320
48895,353893243
48896,970301166
48897,301695876
48898,165638394
48899,568546786
48900,799911933
48901,328929439
48902,871568845
48903,702619285
48904,969134832
48905,768098252
48906,530869250
48907,354019277
48908,255698589
48909,611845253
48910,474411514
48911,954779525
48912,159084257
48913,566789636
48914,873950868
48915,32959313
48916,202043590
48917,237063175
48918,845064804
48919,217940463
48920,756447211
48921,410577680
48922,641219155
48923,241478357
48924,585176555
48925,595024005
48926,941351999
48927,429686121
48928,775407673
48929,340607427
48930,176259959
48931,895635364
48932,398017957
48933,175827901
48934,480748399
48935,722272734
48936,107141662
48937,884921550
48938,927731993
48939,993928997
48940,633767330
48941,630825690
48942,862470718
48943,900096035
48944,375270360
48945,650862200
48946,889908580
48947,906496404
48948,395969556
48949,425905782
48950,727690882
48951,116170180
48952,49467079
48953,92203350
48954,93496562
48955,629476373
48956,294694563
48957,236249596
48958,200942350
48959,271908889
48960,461915628
48961,765499213
48962,367927392
48963,705707492
48964,702461134
48965,387563136
48966,812462064
48967,953479934
48968,889796381
48969,623153722
48970,121508780
48971,778221867
48972,733587735
48973,473141486
48974,756185135
48975,212359387
48976,750281803
48977,967354841
48978,311726123
48979,741541277
48980,20979860
48981,669208038
48982,780579870
48983,337167162
48984,438983284
48985,829623058
48986,305679170
48987,112374738
48988,4280291
48989,370106663
48990,714984318
48991,923865028
48992,739198219
48993,370691311
48994,193166718
48995,514037215
48996,936470979
48997,488152121
48998,291496689
48999,738774688
49000,676514466
49001,704363319
49002,842177526
49003,793492712
49004,260454637
49005,640308955
49006,575871816
49007,756012697
49008,563760762
49009,874088730
49010,790000050
49011,581308699
49012,99390568
49013,97148104
49014,733123528
49015,992800468
49016,163706089
49017,447017744
49018,681769435
49019,839304551
49020,669084843
49021,253063885
49022,68936633
49023,510456608
49024,750223053
49025,242641177
49026,416474753
49027,344340704
49028,161844046
49029,140340371
49030,343698407
49031,929791924
49032,974314689
49033,272450175
49034,393392832
49035,851403756
49036,597918565
49037,826085456
49038,742110511
49039,277548277
49040,110816876
49041,95190079
49042,813911075
49043,251686751
49044,830424244
49045,784183901
49046,172695570
49047,522344147
49048,500101861
49049,208249050
49050,566361882
49051,984340083
49052,5432866
49053,894416603
49054,728790769
49055,343418774
49056,490083203
49057,592688590
49058,848034252
49059,2559172
49060,234108189
49061,747540517
49062,84982979
49063,81853686
49064,474208630
49065,132313926
49066,124685360
49067,512013404
49068,761349569
49069,432209195
49070,870473690
49071,967715479
49072,734152673
49073,179538137
49074,59092021
49075,852899691
49076,474632184
49077,227175309
49078,818943355
49079,14479525
49080,745018066
49081,960501833
49082,391327435
49083,89942715
49084,175483753
49085,209215906
49086,364352374
49087,68529819
49088,397837601
49089,830783769
49090,425017070
49091,977227281
49092,362152649
49093,557692587
49094,827943405
49095,971046232
49096,580187684
49097,714558041
49098,954569653
49099,998402428
49100,613382319
49101,230272649
49102,134848155
49103,158662276
49104,130020420
49105,722528520
49106,489792972
49107,322033972
49108,395948335
49109,156076498
49110,148446930
49111,325066794
49112,606295815
49113,911506275
49114,990215388
49115,885831315
49116,58624123
49117,133550601
49118,587447185
49119,129816077
49120,631684622
49121,248949328
49122,456579197
49123,627768989
49124,679013420
49125,851019298
49126,264863618
49127,367968156
49128,514547283
49129,89041363
49130,212991630
49131,625845503
49132,537739979
49133,853033177
49134,869528094
49135,672437436
49136,723527625
49137,958465123
49138,398076492
49139,677659718
49140,705529287
49141,773922656
49142,679742758
49143,940395113
49144,369075318
49145,676515590
49146,794980228
49147,618093345
49148,760904465
49149,248144825
49150,1892731
49151,27886876
49152,438634631
49153,381282520
49154,339938473
49155,224918445
49156,446199934
49157,975194002
49158,295271780
49159,650563104
49160,988220381
49161,3507702
49162,150263869
49163,82106803
49164,547474851
49165,855878195
49166,894977875
49167,986979303
49168,636599099
49169,99370341
49170,10789963
49171,162917657
49172,67408210
49173,624818956
49174,279369491
49175,926502156
49176,10070977
49177,874606275
49178,354188056
49179,417915824
49180,470305850
49181,683176377
49182,568635259
49183,787243563
49184,164042403
49185,445362453
49186,769109160
49187,438643022
49188,183233509
49189,605455805
49190,667411670
49191,81961796
49192,372968837
49193,1467503
49194,235712567
49195,403639199
49196,359298893
49197,231169357
49198,231167696
49199,358739149
49200,135384871
49201,933826686
49202,216873626
49203,21761128
49204,632750963
49205,919876159
49206,688183276
49207,516357083
49208,973093821
49209,27957778
49210,548832276
49211,238309587
49212,145872587
49213,279898232
49214,70634200
49215,41382479
49216,198770556
49217,639525812
49218,220509623
49219,926005182
49220,855076826
49221,51030735
49222,156794399
49223,818210182
49224,9964584
49225,642411456
49226,471036272
49227,884916851
49228,345008462
49229,314853686
49230,198552563
49231,794002908
49232,794767332
49233,316754966
49234,714212572
49235,15184400
49236,916893843
49237,910405892
49238,604787307
49239,562492302
49240,858669892
49241,12292382
49242,253191125
49243,352168380
49244,47563355
49245,357302885
49246,639998333
49247,942029495
49248,596419029
49249,169010057
49250,931353212
49251,934303283
49252,994399478
49253,782798057
49254,674402928
49255,21271043
49256,189378788
49257,568884971
49258,306417552
49259,134663963
49260,160647976
49261,711613673
49262,980584955
49263,268445509
49264,366580852
49265,432456429
49266,788851486
49267,453319035
49268,773216374
49269,888124245
49270,946779684
49271,810280718
49272,205331570
49273,21461942
49274,564669502
49275,423211747
49276,111566206
49277,956165766
49278,528126091
49279,853589373
49280,833639323
49281,856568171
49282,354460079
49283,738689056
49284,386290272
49285,32994412
49286,157397329
49287,852732763
49288,319208675
49289,628823469
49290,260364852
49291,359200997
49292,310629129
49293,89259223
49294,899075902
49295,86258081
49296,703988392
49297,121391373
49298,684771143
49299,545711179
49300,392782800
49301,53506542
49302,937253207
49303,493165720
49304,162769529
49305,58539316
49306,526347629
49307,346660800
49308,339268502
49309,75984256
49310,588885898
49311,735488702
49312,331971251
49313,623142345
49314,846025713
49315,879998416
49316,224025095
49317,837221541
49318,314018699
49319,34684159
49320,674205377
49321,899765379
49322,140649980
49323,125372062
49324,865643371
49325,771360870
49326,28587776
49327,615176091
49328,777728573
49329,562141998
49330,899978750
49331,182084874
49332,562018797
49333,465543856
49334,592459525
49335,624689667
49336,266738131
49337,53163021
49338,192972921
49339,576199804
49340,317777940
49341,387686524
49342,566081986
49343,324931263
49344,271644227
49345,915315107
49346,370774713
49347,778831813
49348,152323163
49349,852400259
49350,705223547
49351,199251443
49352,344245100
49353,418443423
49354,660545177
49355,435988789
49356,159671205
49357,34290408
49358,971478185
49359,495709844
49360,447603164
49361,268439425
49362,133692262
49363,952463161
49364,748636182
49365,373091241
49366,221624347
49367,944112054
49368,153925770
49369,990316755
49370,519199849
49371,264028593
49372,473359239
49373,132337845
49374,622297844
49375,465803423
49376,154935165
49377,352301183
49378,28087433
49379,244299273
49380,923826578
49381,896133063
49382,223206838
49383,622933246
49384,571924754
49385,430387662
49386,57622352
49387,617200295
49388,196924291
49389,326898571
49390,403237971
49391,672963011
49392,87925267
49393,231251743
49394,973958942
49395,41246285
49396,94902284
49397,56005203
49398,572384981
49399,26916281
49400,727587814
49401,605491933
49402,75349650
49403,967068045
49404,695316399
49405,758043780
49406,606864460
49407,821144921
49408,597029150
49409,848870501
49410,793574816
49411,720604500
49412,630318778
49413,701592148
49414,277815498
49415,638130595
49416,321595638
49417,737864273
49418,123108109
49419,476163489
49420,945919674
49421,517912369
49422,667376397
49423,796347558
49424,311034996
49425,295080457
49426,730389280
49427,354496129
49428,497954368
49429,686924773
49430,295873323
49431,1548190
49432,596214852
49433,167862604
49434,943059240
49435,632222010
49436,77561088
49437,946672785
49438,31476993
49439,651651807
49440,296480634
49441,363410289
49442,345760679
49443,36184643
49444,236002770
49445,891627066
49446,901755156
49447,379106307
49448,649351207
49449,136237364
49450,496140045
49451,904588462
49452,983604771
49453,211283756
49454,375574103
49455,378146698
49456,746589293
49457,867073094
49458,29066176
49459,369653585
49460,513979864
49461,157546418
49462,143379873
49463,895606175
49464,180471837
49465,353813
49466,864668778
49467,927078879
49468,808749929
49469,185826162
49470,351523434
49471,741373866
49472,689424428
49473,212685556
49474,986533945
49475,624737837
49476,663028017
49477,98086743
49478,502555362
49479,459428170
49480,340166339
49481,706063669
49482,961992981
49483,295140944
49484,260014434
49485,616641471
49486,750970346
49487,947539851
49488,582034599
49489,678629057
49490,766446622
49491,600933187
49492,340593002
49493,78084621
49494,554023825
49495,174435874
49496,690112502
49497,38836820
49498,143395853
49499,536402139
49500,936595582
49501,842509990
49502,543182558
49503,667566771
49504,758581691
49505,703290549
49506,108756857
49507,71011222
49508,528347465
49509,355762048
49510,665133399
49511,343490555
49512,230295265
49513,995506027
49514,221741260
49515,543947721
49516,245864638
49517,514929020
49518,586726920
49519,713125417
49520,790507184
49521,986138820
49522,922184636
49523,220205410
49524,675608533
49525,940055539
49526,604308501
49527,47541632
49528,688783789
49529,261752446
49530,990398001
49531,759802715
49532,280319185
49533,36340860
49534,695881232
49535,644598692
49536,903192589
49537,489537861
49538,488091329
49539,313246363
49540,128070938
49541,352033414
49542,266528134
49543,756980948
49544,590476115
49545,169289413
49546,584216143
49547,130777683
49548,57159402
49549,890319218
49550,714453960
49551,463076584
49552,693816122
49553,421173224
49554,591264373
49555,88423301
49556,745571922
49557,415016195
49558,575227594
49559,707714016
49560,132691410
49561,922938835
49562,876483779
49563,88943656
49564,553494600
49565,244674995
49566,162512929
49567,409368162
49568,142640141
49569,302682229
49570,727122863
49571,106301120
49572,58777264
49573,897584548
49574,193642236
49575,606921402
49576,684545533
49577,514023108
49578,237416304
49579,197910457
49580,838913080
49581,360040954
49582,823916222
49583,356201595
49584,671777237
49585,773513214
49586,844672936
49587,863942657
49588,855667992
49589,919799236
49590,116227738
49591,22737326
49592,501162263
49593,185483208
49594,674516302
49595,287264416
49596,792467132
49597,250902556
49598,557680620
49599,95324427
49600,735050917
49601,223848843
49602,407299843
49603,539835489
49604,875037527
49605,897496755
49606,975229390
49607,700208237
49608,118089855
49609,844610463
49610,39460159
49611,171106983
49612,544264504
49613,791464072
49614,415725036
49615,269108587
49616,295042022
49617,671522887
49618,311367883
49619,547685307
49620,570430004
49621,665801885
49622,447912027
49623,680616887
49624,306562699
49625,558452786
49626,937037541
49627,270875220
49628,239570570
49629,440821820
49630,880624198
49631,976295750
49632,726124405
49633,746456749
49634,558289202
49635,460591115
49636,978109931
49637,933667145
49638,581631745
49639,177534336
49640,56639797
49641,396231148
49642,234843393
49643,262144918
49644,897098112
49645,407850838
49646,702477367
49647,335909636
49648,787295537
49649,161231509
49650,309791593
49651,241815571
49652,189201922
49653,524483151
49654,876047886
49655,949295174
49656,883491418
49657,633425371
49658,960880391
49659,361453620
49660,597332762
49661,779856455
49662,94229568
49663,742823337
49664,150217578
49665,673645829
49666,894095010
49667,301651053
49668,580219255
49669,128912618
49670,822987575
49671,901947904
49672,505522749
49673,834662061
49674,475808680
49675,874225219
49676,360652916
49677,925349917
49678,141995259
49679,654044451
49680,316766184
49681,711729791
49682,861128756
49683,262461390
49684,299348911
49685,884649731
49686,930919043
49687,952932849
49688,902575094
49689,114614207
49690,910917740
49691,470159329
49692,717511006
49693,876291621
49694,36898783
49695,840818336
49696,215051235
49697,773740313
49698,636490535
49699,471814397
49700,298143145
49701,465648754
49702,140255969
49703,824202758
49704,148106100
49705,486165206
49706,265875353
49707,520406925
49708,830877414
49709,694904248
49710,544291484
49711,612615740
49712,806991629
49713,543104446
49714,593703848
49715,31908401
49716,431558712
49717,658170664
49718,444986874
49719,308163451
49720,387845782
49721,41032535
49722,245357077
49723,702356147
49724,35528840
49725,663030303
49726,370073895
49727,616473222
49728,328918797
49729,222863599
49730,503724666
49731,20809000
49732,479463044
49733,568115317
49734,636305644
49735,80427283
49736,815980699
49737,923724057
49738,998425694
49739,996290755
49740,779998136
49741,565059934
49742,74130768
49743,931303764
49744,950283916
49745,838545547
49746,343325379
49747,615219216
49748,918154675
49749,522019122
49750,112654622
49751,834931803
49752,501067364
49753,738413670
49754,732803290
49755,728930052
49756,429425795
49757,760599281
49758,393264996
49759,951093172
49760,328279671
49761,46040767
49762,650537577
49763,674492888
49764,535178928
49765,852134442
49766,514674115
49767,645224019
49768,155543620
49769,333332284
49770,708283838
49771,863365331
49772,764589971
49773,490792848
49774,668832421
49775,967808195
49776,103375902
49777,347547832
49778,871666127
49779,71324825
49780,237622727
49781,412213930
49782,388073952
49783,850326030
49784,464121089
49785,124233660
49786,522501268
49787,885230748
49788,879883506
49789,940156765
49790,814941422
49791,313923184
49792,978062464
49793,420388215
49794,939681122
49795,103724570
49796,394608958
49797,841349443
49798,352386377
49799,388396690
49800,558210935
49801,701260362
49802,834559307
49803,965403864
49804,818721748
49805,618595053
49806,116190357
49807,820788490
49808,956643118
49809,972043337
49810,279265530
49811,785251462
49812,748362929
49813,247710076
49814,572357849
49815,158823773
49816,927722459
49817,396826612
49818,214925031
49819,257025321
49820,465745070
49821,5885427
49822,144313896
49823,594457631
49824,535442175
49825,432076677
49826,487765251
49827,915487050
49828,505927246
49829,227267352
49830,499852163
49831,498053684
49832,323034628
49833,168868763
49834,767775857
49835,291753653
49836,879820341
49837,187385690
49838,206336745
49839,430696660
49840,177835992
49841,455083843
49842,277550209
49843,726797200
49844,948030245
49845,356790292
49846,156628970
49847,790891843
49848,351983403
49849,189401753
49850,300655081
49851,657971673
49852,180216462
49853,306870714
49854,30718012
49855,928561813
49856,503933396
49857,188606437
49858,632024294
49859,656018344
49860,247277168
49861,645255408
49862,810460044
49863,837873314
49864,104459445
49865,210075982
49866,949934030
49867,487672284
49868,716066502
49869,241600228
49870,750776084
49871,348166450
49872,637863294
49873,454076078
49874,642459539
49875,393532293
49876,654880554
49877,847501437
49878,811096623
49879,63775772
49880,57271575
49881,181832246
49882,583677989
49883,789832708
49884,673735401
49885,780870547
49886,9429307
49887,733189985
49888,441796779
49889,220978885
49890,23850433
49891,432219931
49892,625893002
49893,65046912
49894,745029206
49895,516133804
49896,899901755
49897,816756822
49898,519488718
49899,713155177
49900,642969821
49901,448038168
49902,239646642
49903,105252516
49904,319770360
49905,253755833
49906,749901876
49907,458284666
49908,159949220
49909,744635558
49910,994729874
49911,728121793
49912,904263157
49913,215676682
49914,326227141
49915,263991017
49916,558874373
49917,654833078
49918,7195589
49919,599380962
49920,471181914
49921,662979761
49922,359077352
49923,618033900
49924,183398306
49925,756965078
49926,443381487
49927,344087237
49928,950630601
49929,399138005
49930,863598864
49931,207872536
49932,736316156
49933,531024750
49934,334014147
49935,249054249
49936,571359487
49937,325473444
49938,172751791
49939,937013278
49940,44797143
49941,473275184
49942,294480770
49943,493879561
49944,908244713
49945,521183407
49946,989805622
49947,325464511
49948,266941291
49949,580998678
49950,359327598
49951,945270556
49952,983404869
49953,227738352
49954,369132371
49955,905964974
49956,292628186
49957,809644978
49958,762640757
49959,778961118
49960,178552822
49961,423866605
49962,214303357
49963,879525678
49964,474669935
49965,363194652
49966,415446620
49967,191353706
49968,266583053
49969,923916655
49970,650301102
49971,563247584
49972,272645030
49973,812527073
49974,994145083
49975,782945718
49976,691072098
49977,381999682
49978,159081154
49979,892501190
49980,972671892
49981,766070786
49982,450742925
49983,326847637
49984,336463291
49985,171876403
49986,878799449
49987,80246688
49988,757315659
49989,743353766
49990,837853500
49991,43548203
49992,196158971
49993,17485848
49994,775214024
49995,42408977
49996,563119849
49997,206123032
49998,526932649
49999,312546028
50000,203474206
