"Seniority","Home","Time","Age","Marital","Records","Job","Expenses","Income","Assets","Debt","Amount","Price","Class"
9,"rent",60,30,"married","no","freelance",73,129,0,0,800,846,"negative"
17,"rent",60,58,"widow","no","fixed",48,131,0,0,1000,1658,"negative"
10,"owner",36,46,"married","yes","freelance",90,200,3000,0,2000,2985,"positive"
0,"rent",60,24,"single","no","fixed",63,182,2500,0,900,1325,"negative"
0,"rent",36,26,"single","no","fixed",46,107,0,0,310,910,"negative"
1,"owner",60,36,"married","no","fixed",75,214,3500,0,650,1645,"negative"
29,"owner",60,44,"married","no","fixed",75,125,10000,0,1600,1800,"negative"
9,"parents",12,27,"single","no","fixed",35,80,0,0,200,1093,"negative"
0,"owner",60,32,"married","no","freelance",90,107,15000,0,1200,1957,"negative"
0,"parents",48,41,"married","no","partime",90,80,0,0,1200,1468,"positive"
6,"owner",48,34,"married","no","freelance",60,125,4000,0,1150,1577,"negative"
7,"owner",36,29,"married","no","fixed",60,121,3000,0,650,915,"negative"
8,"owner",60,30,"married","no","fixed",75,199,5000,2500,1500,1650,"negative"
19,"priv",36,37,"married","no","fixed",75,170,3500,260,600,940,"negative"
0,"other",18,21,"single","yes","partime",35,50,0,0,400,500,"positive"
0,"owner",24,68,"married","no","fixed",75,131,4162,0,900,1186,"negative"
15,"priv",24,52,"single","no","freelance",35,330,16500,0,1500,2201,"negative"
33,"rent",24,68,"married","no","freelance",65,200,5000,2000,600,1350,"negative"
0,"ignore",48,36,"married","no","partime",45,130,750,0,1100,1511,"positive"
1,"parents",60,31,"single","no","fixed",35,137,0,0,1250,1253,"negative"
2,"rent",60,25,"single","no","fixed",46,107,0,0,1500,2189,"positive"
5,"owner",60,22,"single","no","fixed",45,324,10000,0,1100,1159,"negative"
1,"owner",60,45,"married","no","partime",105,112,2000,500,600,1332,"positive"
27,"rent",60,41,"married","no","fixed",74,140,0,0,950,1497,"negative"
26,"owner",60,51,"married","no","fixed",45,143,3500,0,1350,1357,"negative"
12,"owner",36,54,"married","no","fixed",60,130,4000,0,700,2100,"negative"
19,"owner",60,43,"single","no","fixed",75,180,4000,0,1000,1070,"negative"
15,"owner",36,43,"married","no","fixed",75,251,4000,0,1800,2557,"negative"
3,"owner",24,23,"married","no","fixed",75,85,5000,0,600,1600,"positive"
4,"owner",48,29,"married","no","fixed",45,150,5000,3300,1100,1312,"negative"
0,"owner",36,23,"single","no","partime",45,122,2500,0,400,400,"positive"
14,"priv",24,51,"married","no","partime",75,198,1000,0,450,650,"negative"
10,"owner",36,39,"married","no","freelance",75,150,3000,0,1000,1394,"negative"
12,"parents",36,35,"single","no","fixed",35,170,0,0,1100,1542,"negative"
32,"owner",24,62,"married","no","freelance",45,119,8500,0,700,1200,"negative"
10,"owner",24,56,"married","no","freelance",45,208,13500,0,500,1560,"negative"
7,"owner",48,32,"married","no","fixed",75,115,3000,0,800,1200,"negative"
1,"rent",54,36,"married","no","fixed",70,99,0,0,950,950,"positive"
30,"owner",60,64,"married","no","fixed",45,120,14000,0,1125,1300,"negative"
5,"rent",48,31,"single","no","fixed",44,90,0,0,1300,1700,"positive"
24,"owner",60,42,"married","no","fixed",75,137,4000,0,900,1167,"negative"
0,"owner",60,61,"widow","no","others",35,230,50000,0,950,1150,"negative"
0,"owner",60,32,"married","yes","fixed",45,142,7000,3000,1250,1566,"positive"
2,"owner",60,43,"married","no","partime",75,71,3000,0,1500,1552,"positive"
1,"parents",60,26,"single","no","partime",35,120,0,0,1150,1300,"negative"
1,"owner",60,49,"widow","no","freelance",35,233,15900,4500,2100,2104,"negative"
15,"owner",36,47,"married","no","fixed",75,289,3500,0,1500,2154,"negative"
2,"rent",36,27,"separated","no","fixed",48,128,0,0,450,545,"positive"
25,"owner",36,52,"married","no","freelance",60,150,15000,0,750,1778,"negative"
8,"owner",60,28,"married","no","fixed",60,145,4000,1000,1600,1718,"negative"
5,"owner",60,31,"married","no","fixed",75,90,4000,0,900,1500,"negative"
0,"rent",60,32,"married","no","fixed",105,301,0,0,1200,1274,"negative"
5,"owner",36,51,"married","no","freelance",75,200,2100,1200,900,1015,"negative"
3,"parents",12,37,"married","no","freelance",60,150,500,0,500,1701,"negative"
1,"rent",48,29,"married","yes","freelance",85,100,0,0,1000,1345,"positive"
7,"parents",60,26,"single","no","fixed",35,100,0,0,1000,1238,"negative"
4,"parents",30,27,"single","no","fixed",45,100,5000,0,500,1048,"negative"
6,"owner",24,63,"married","no","fixed",60,155,4000,0,600,1048,"negative"
14,"owner",24,55,"married","no","fixed",90,715,5000,0,800,1324,"negative"
3,"rent",60,28,"married","no","fixed",70,245,0,0,1830,2201,"negative"
8,"rent",48,31,"married","no","fixed",90,150,0,0,1100,1430,"negative"
4,"parents",42,27,"single","no","fixed",35,70,0,0,600,926,"positive"
22,"owner",24,40,"married","no","fixed",75,190,3000,0,1000,1500,"negative"
2,"owner",36,35,"married","no","fixed",75,152,3000,0,1000,1542,"negative"
15,"priv",60,43,"married","no","fixed",75,126,3000,0,1350,1360,"negative"
10,"owner",18,34,"married","no","freelance",75,181,4000,0,600,1000,"negative"
4,"owner",60,37,"married","no","fixed",60,185,3000,0,1200,1564,"negative"
9,"owner",60,53,"married","no","fixed",45,170,2500,0,850,1205,"negative"
22,"rent",60,46,"married","no","fixed",93,176,7500,0,2000,2200,"negative"
18,"parents",36,36,"married","no","freelance",60,238,0,0,900,2214,"negative"
1,"priv",60,46,"married","no","fixed",60,115,5500,800,1000,1137,"negative"
14,"owner",48,43,"married","no","fixed",45,200,9000,0,600,1025,"negative"
8,"owner",36,31,"married","yes","freelance",75,411,9000,4000,800,1593,"negative"
5,"owner",24,43,"married","no","fixed",75,93,3000,0,700,1735,"negative"
19,"rent",60,38,"married","no","fixed",86,108,0,0,1000,1132,"negative"
14,"owner",12,37,"married","no","freelance",90,500,4000,0,500,1338,"negative"
0,"other",36,46,"married","yes","others",45,45,0,0,900,1100,"negative"
9,"rent",36,55,"married","no","fixed",70,250,30000,0,1750,2276,"negative"
29,"owner",48,56,"married","no","fixed",45,100,3000,0,900,1360,"negative"
10,"owner",36,55,"married","no","fixed",60,70,4000,0,1000,1436,"negative"
10,"parents",36,52,"married","no","fixed",60,150,0,0,550,612,"negative"
1,"owner",36,29,"married","no","fixed",60,70,4500,0,850,1100,"positive"
11,"owner",60,39,"divorced","yes","fixed",35,263,2500,0,1000,1300,"negative"
10,"owner",60,38,"married","no","freelance",75,200,9000,0,1000,2089,"negative"
5,"owner",24,24,"single","no","fixed",35,78,6000,3000,500,2262,"negative"
10,"rent",60,28,"single","no","fixed",47,120,0,0,600,1054,"negative"
27,"owner",60,53,"married","no","fixed",60,125,10000,0,1426,1426,"negative"
0,"rent",60,25,"single","no","partime",40,50,0,0,1040,1048,"positive"
25,"rent",60,62,"married","no","fixed",60,146,0,0,1000,1292,"positive"
3,"parents",60,29,"single","no","fixed",35,70,0,0,950,1177,"negative"
9,"parents",60,32,"single","yes","fixed",35,105,0,0,1490,1490,"positive"
4,"rent",36,21,"married","no","freelance",101,413,6000,0,750,850,"negative"
6,"rent",36,38,"married","no","freelance",95,500,25000,21400,800,1011,"negative"
9,"rent",48,56,"married","no","freelance",140,350,0,0,1400,1571,"negative"
3,"owner",36,41,"married","no","freelance",75,200,3000,0,1000,1000,"negative"
22,"other",36,46,"married","no","fixed",45,138,0,0,250,270,"positive"
3,"owner",60,54,"widow","no","others",35,80,4000,0,950,1382,"negative"
30,"owner",36,51,"married","no","freelance",120,208,15000,0,1500,1713,"negative"
8,"rent",60,52,"married","no","fixed",89,137,4000,0,800,1086,"negative"
38,"owner",48,57,"married","no","freelance",45,58,12000,0,1500,3262,"negative"
2,"rent",60,33,"married","no","fixed",73,130,0,0,1100,1610,"negative"
4,"owner",60,33,"married","no","fixed",75,123,6000,1000,600,1030,"negative"
0,"rent",36,29,"married","no","partime",78,180,0,0,650,650,"positive"
2,"other",48,23,"single","no","fixed",35,140,0,0,1950,2175,"positive"
8,"owner",24,33,"married","no","fixed",75,315,4500,0,400,1780,"negative"
1,"rent",36,24,"married","no","partime",76,164,0,0,900,950,"positive"
6,"parents",60,28,"married","no","freelance",90,325,7000,0,1200,1211,"positive"
5,"owner",60,27,"married","no","fixed",45,135,5000,1400,1600,1650,"negative"
13,"parents",36,33,"single","no","fixed",35,109,0,0,350,350,"positive"
11,"rent",60,32,"married","no","fixed",79,185,0,0,950,1117,"negative"
10,"owner",24,39,"married","no","fixed",45,217,9000,3000,1500,2468,"negative"
20,"owner",60,51,"married","no","freelance",90,300,12500,2500,1340,1740,"positive"
13,"owner",48,29,"married","no","fixed",60,253,3000,0,670,963,"negative"
2,"owner",36,32,"married","no","fixed",75,101,1500,400,1200,1646,"positive"
3,"owner",36,40,"married","yes","freelance",35,200,10000,0,800,800,"positive"
12,"owner",36,47,"married","no","fixed",75,124,3500,0,460,470,"negative"
20,"owner",24,66,"married","no","fixed",45,143,10000,0,950,1370,"negative"
3,"priv",48,39,"separated","no","freelance",35,250,4000,1500,700,839,"negative"
27,"owner",60,50,"married","no","fixed",75,135,5500,1000,600,1346,"negative"
4,"rent",60,25,"married","no","fixed",57,115,0,0,900,1350,"negative"
1,"owner",60,27,"married","no","partime",75,160,4000,3000,1800,2100,"positive"
18,"rent",60,54,"married","no","fixed",66,214,0,0,1300,1307,"negative"
12,"rent",60,42,"married","no","fixed",114,390,0,0,1100,1126,"negative"
12,"owner",48,35,"separated","no","freelance",45,500,200000,0,2380,4786,"negative"
0,"parents",60,23,"single","no","partime",35,95,0,0,1400,1478,"positive"
12,"owner",60,52,"married","no","fixed",75,200,12000,0,1550,1568,"negative"
0,"parents",24,22,"single","no","partime",35,85,0,0,650,1056,"negative"
10,"other",18,48,"married","no","fixed",90,214,0,0,1000,1608,"negative"
2,"owner",60,25,"married","no","fixed",75,140,3000,0,950,1179,"negative"
10,"other",60,26,"married","no","fixed",45,60,0,0,1400,1524,"positive"
8,"owner",60,28,"married","no","fixed",75,180,4000,0,1300,1730,"negative"
20,"owner",30,62,"married","no","freelance",60,300,24000,9000,600,823,"negative"
0,"rent",60,33,"married","no","freelance",65,200,0,0,700,800,"negative"
16,"parents",60,41,"married","no","fixed",75,242,0,0,1300,1482,"negative"
4,"owner",60,29,"married","no","partime",60,155,5000,2500,900,1110,"negative"
1,"rent",60,37,"single","no","fixed",45,100,0,0,1150,1555,"positive"
0,"owner",60,31,"married","no","fixed",60,105,3500,0,1100,1170,"negative"
15,"owner",12,50,"married","no","freelance",45,166,2000,0,500,886,"negative"
13,"rent",60,42,"separated","yes","fixed",47,120,0,0,800,1395,"positive"
19,"owner",36,33,"married","no","fixed",60,115,6700,2000,1000,2084,"negative"
15,"owner",24,54,"married","no","freelance",90,350,150000,0,3800,8800,"negative"
9,"rent",60,40,"married","no","fixed",119,442,6000,1947,900,1211,"negative"
12,"parents",60,31,"separated","yes","fixed",35,101,0,0,1300,1300,"positive"
0,"owner",36,35,"married","yes","fixed",105,122,5200,2000,850,850,"positive"
14,"owner",60,64,"married","no","freelance",60,250,10000,0,700,1204,"negative"
10,"parents",24,29,"single","no","freelance",35,90,0,0,600,1528,"negative"
2,"owner",48,33,"married","no","fixed",45,160,6000,0,1200,1298,"negative"
15,"owner",18,35,"married","no","freelance",60,300,4000,0,300,600,"negative"
1,"parents",48,28,"single","no","fixed",35,83,0,0,1000,1320,"positive"
0,"other",60,25,"married","no","partime",60,60,0,0,1300,1380,"positive"
0,"parents",60,23,"single","no","partime",35,205,0,0,1400,1426,"positive"
3,"owner",24,30,"married","no","freelance",75,133,12000,900,1500,5200,"negative"
8,"rent",36,36,"married","no","fixed",78,179,0,0,900,1503,"negative"
5,"other",60,22,"single","no","fixed",45,195,0,0,700,1422,"negative"
9,"owner",24,45,"married","no","fixed",75,112,4000,0,500,1430,"negative"
4,"owner",30,47,"married","no","freelance",90,210,15000,0,1550,1578,"negative"
14,"priv",48,36,"married","no","fixed",75,155,3500,200,1100,1250,"negative"
3,"owner",36,36,"single","yes","freelance",35,394,16000,0,1500,2260,"negative"
22,"rent",36,60,"married","no","fixed",60,149,0,0,200,280,"negative"
20,"rent",48,59,"married","no","fixed",57,120,0,0,800,1298,"negative"
6,"owner",48,58,"married","yes","freelance",60,400,86000,0,930,945,"positive"
23,"owner",12,37,"married","no","fixed",45,165,5000,0,900,1694,"negative"
5,"owner",36,32,"married","no","freelance",75,125,6000,0,600,700,"positive"
8,"rent",48,26,"single","no","fixed",42,74,0,0,600,1290,"negative"
5,"owner",60,40,"married","no","fixed",75,86,4900,0,1300,1581,"negative"
20,"owner",48,55,"married","no","fixed",45,185,5000,0,1000,1383,"negative"
11,"rent",60,30,"married","no","fixed",77,165,0,0,1350,1637,"negative"
25,"parents",54,43,"married","no","fixed",75,110,7000,0,1275,1275,"negative"
2,"rent",60,28,"married","no","fixed",74,138,0,0,1400,1400,"positive"
20,"owner",24,47,"married","no","freelance",75,300,5000,0,600,832,"negative"
9,"owner",36,29,"single","no","fixed",35,147,3500,0,1886,2886,"negative"
18,"parents",60,34,"married","no","fixed",60,112,6550,0,600,1346,"negative"
20,"owner",60,53,"married","yes","freelance",75,350,6500,0,800,1138,"negative"
6,"owner",12,44,"married","no","fixed",45,110,15000,0,300,1801,"negative"
0,"owner",48,49,"married","no","partime",45,75,2000,0,900,1200,"positive"
0,"rent",36,51,"married","no","fixed",113,230,0,0,950,950,"negative"
14,"ignore",60,34,"married","no","fixed",75,85,8000,0,1400,1589,"negative"
10,"owner",48,42,"married","no","freelance",75,210,4000,120,1200,1617,"negative"
19,"owner",60,34,"married","no","fixed",75,125,5000,0,1200,1200,"negative"
11,"owner",60,46,"married","no","fixed",75,149,3500,0,1400,2194,"negative"
1,"owner",48,31,"married","no","fixed",75,201,2500,96,1100,1642,"negative"
13,"other",60,31,"married","no","fixed",60,105,0,0,1200,1423,"positive"
4,"rent",12,33,"married","no","fixed",78,183,0,0,600,1600,"negative"
9,"rent",24,30,"single","yes","fixed",46,113,0,0,700,700,"positive"
1,"owner",24,27,"married","no","fixed",45,126,3000,3700,200,300,"negative"
4,"owner",36,48,"married","no","freelance",120,300,5000,0,1000,1165,"negative"
2,"owner",60,33,"married","no","fixed",75,160,6000,0,1000,1365,"negative"
2,"owner",12,44,"married","no","fixed",90,160,7500,0,500,1706,"negative"
21,"owner",60,57,"married","no","freelance",60,95,8000,0,1000,1700,"negative"
12,"owner",60,34,"married","yes","fixed",75,125,5500,4000,950,1462,"negative"
9,"rent",60,38,"married","no","fixed",87,120,0,0,1177,1300,"negative"
2,"rent",36,35,"married","no","fixed",126,359,0,0,870,1122,"negative"
24,"owner",60,52,"married","no","fixed",45,80,4000,0,1200,1257,"negative"
1,"parents",60,28,"single","no","partime",35,67,0,0,1050,1387,"negative"
15,"owner",48,46,"married","no","fixed",90,148,12000,0,1000,1266,"negative"
19,"owner",60,56,"married","yes","fixed",45,298,8000,0,1700,2195,"negative"
10,"owner",24,52,"married","no","fixed",75,318,4500,700,700,2004,"negative"
19,"owner",60,35,"married","no","fixed",75,185,4000,0,1100,1203,"negative"
4,"parents",48,29,"married","no","fixed",45,194,0,0,1200,1374,"negative"
1,"parents",60,22,"single","no","fixed",35,80,3000,0,1500,1514,"positive"
2,"owner",24,33,"married","yes","fixed",75,147,2000,900,400,750,"negative"
5,"owner",24,41,"married","no","freelance",105,156,10000,0,800,1894,"negative"
11,"owner",36,37,"married","no","fixed",75,178,3000,0,1000,1048,"negative"
23,"owner",24,46,"married","no","fixed",75,130,4000,0,400,1369,"negative"
4,"other",36,19,"single","no","partime",35,63,0,0,1000,1035,"positive"
5,"parents",36,22,"single","no","fixed",35,88,0,0,750,1218,"positive"
15,"parents",60,31,"married","no","fixed",45,140,0,0,1200,1637,"negative"
1,"priv",60,44,"married","no","partime",45,115,2000,0,750,953,"positive"
9,"owner",60,48,"married","yes","fixed",60,83,2500,0,1100,1212,"negative"
4,"priv",36,31,"married","no","fixed",60,144,3000,0,1000,1218,"negative"
20,"owner",24,53,"married","no","freelance",45,200,100000,0,1000,1419,"negative"
10,"other",60,36,"married","no","fixed",90,172,3000,0,1100,1100,"negative"
2,"priv",60,46,"married","no","freelance",105,200,4000,500,900,987,"negative"
15,"owner",60,37,"married","no","fixed",60,318,7000,0,1900,2400,"negative"
8,"owner",60,34,"married","no","fixed",60,177,6300,4000,1370,1375,"negative"
4,"owner",48,36,"married","no","fixed",60,133,4000,0,1000,1595,"negative"
4,"owner",60,64,"single","no","others",35,150,9000,0,984,1054,"negative"
1,"owner",36,27,"single","no","fixed",35,208,9000,0,1000,1651,"negative"
10,"owner",30,26,"married","no","fixed",75,145,1434,0,300,1542,"negative"
32,"owner",60,53,"married","no","fixed",60,157,5000,0,2000,2014,"negative"
12,"owner",60,50,"married","no","fixed",45,190,9500,200,1800,2624,"negative"
0,"parents",60,21,"single","no","partime",35,86,0,0,1000,1135,"positive"
20,"parents",24,40,"single","no","fixed",35,90,0,0,600,1105,"negative"
6,"rent",60,49,"married","yes","partime",100,100,30000,0,1500,1500,"negative"
4,"rent",24,40,"married","yes","fixed",56,214,0,0,800,1200,"positive"
1,"rent",60,37,"single","no","fixed",45,100,0,0,1150,1555,"negative"
2,"rent",48,25,"married","no","fixed",57,117,0,0,800,2251,"negative"
25,"owner",18,40,"married","no","fixed",45,110,4000,0,455,1542,"negative"
1,"rent",36,22,"married","no","fixed",62,168,0,0,1200,2186,"negative"
10,"owner",48,49,"married","no","freelance",45,150,9000,0,1700,1700,"negative"
2,"owner",60,34,"married","no","fixed",45,166,7000,0,600,1180,"negative"
20,"owner",36,42,"married","no","freelance",90,250,4500,0,1500,1750,"negative"
10,"owner",48,28,"married","yes","partime",60,120,2500,1500,600,875,"negative"
1,"owner",60,30,"married","no","freelance",35,236,3500,1000,1000,1514,"negative"
1,"owner",60,25,"separated","yes","partime",45,277,6000,3500,1700,1950,"positive"
0,"parents",60,22,"single","no","partime",35,55,0,0,950,1462,"positive"
5,"parents",36,27,"single","no","fixed",35,200,4000,0,600,1098,"negative"
3,"parents",60,26,"single","no","fixed",45,235,0,0,800,840,"negative"
0,"owner",48,28,"married","no","fixed",45,80,1500,0,1260,1634,"positive"
6,"owner",48,35,"married","no","freelance",45,200,7000,0,1540,1603,"negative"
21,"priv",60,51,"married","no","fixed",45,140,3000,0,1200,1200,"negative"
5,"rent",60,24,"married","no","fixed",73,125,0,0,700,1360,"negative"
12,"rent",60,34,"married","no","fixed",94,185,0,0,1200,1236,"negative"
13,"owner",42,34,"married","no","fixed",105,190,2500,300,1100,1395,"negative"
10,"owner",60,49,"married","no","freelance",60,150,23000,0,1200,1390,"negative"
6,"owner",60,28,"married","no","fixed",60,102,5000,0,700,1355,"negative"
18,"rent",60,57,"married","no","fixed",77,170,4000,0,1300,1604,"negative"
15,"owner",60,63,"married","no","fixed",60,315,3500,266,1000,1241,"negative"
0,"rent",12,37,"married","no","others",88,130,0,0,250,375,"positive"
2,"owner",36,27,"married","no","fixed",45,156,6000,0,700,1045,"negative"
18,"rent",60,39,"married","no","fixed",93,177,0,0,800,1781,"negative"
12,"owner",36,64,"single","yes","freelance",60,341,4500,0,900,900,"negative"
25,"owner",48,49,"married","no","freelance",105,240,12000,4200,1660,1698,"negative"
8,"owner",12,49,"married","no","freelance",60,142,6000,0,200,1048,"negative"
20,"owner",36,45,"married","no","freelance",75,333,5000,0,1000,2200,"negative"
3,"parents",60,27,"single","no","fixed",35,125,5000,0,770,1119,"negative"
2,"parents",36,30,"married","no","fixed",45,170,0,0,700,1090,"negative"
2,"owner",36,33,"married","no","freelance",75,220,16000,500,3000,4100,"positive"
15,"owner",36,40,"married","no","fixed",60,230,8500,480,700,1400,"negative"
3,"owner",60,30,"separated","no","fixed",60,157,15000,0,1000,2010,"negative"
4,"parents",12,30,"married","no","fixed",60,340,16000,0,1900,2014,"negative"
3,"owner",60,25,"married","no","partime",60,120,3500,200,1000,1342,"negative"
9,"rent",60,40,"single","no","fixed",44,91,0,0,1000,1132,"negative"
4,"priv",42,50,"married","no","freelance",60,150,7000,0,900,1048,"positive"
2,"owner",36,23,"single","no","fixed",35,88,5500,0,750,1218,"negative"
1,"other",48,28,"single","no","partime",35,120,0,0,900,1114,"negative"
2,"rent",60,27,"married","no","fixed",56,106,0,0,650,2132,"negative"
2,"parents",36,19,"married","no","fixed",35,162,4000,100,400,570,"negative"
3,"parents",60,39,"married","no","fixed",45,77,0,0,1000,1094,"negative"
8,"priv",36,39,"married","no","fixed",75,128,2500,0,550,550,"negative"
10,"owner",48,55,"widow","no","fixed",35,189,9000,0,1200,1255,"negative"
10,"owner",36,32,"married","no","freelance",60,300,40000,3000,2000,4138,"negative"
5,"owner",60,54,"married","no","freelance",60,92,6000,1700,1700,1714,"negative"
20,"owner",48,58,"married","no","freelance",60,380,35000,0,1100,1150,"negative"
5,"owner",24,37,"married","no","freelance",75,500,14000,0,1500,2673,"negative"
20,"parents",60,36,"married","no","freelance",60,130,0,0,1200,1630,"negative"
12,"owner",60,28,"married","no","fixed",45,141,6000,400,1100,1544,"negative"
13,"owner",60,38,"married","no","fixed",75,220,6500,3600,1000,1195,"negative"
11,"owner",36,26,"married","no","fixed",60,146,5000,1300,400,1206,"negative"
17,"owner",60,41,"married","no","freelance",75,250,13500,3700,1400,2050,"negative"
6,"owner",36,42,"married","no","fixed",60,132,6000,0,1200,1513,"negative"
22,"owner",6,46,"married","no","freelance",90,150,75000,0,3000,3300,"negative"
25,"rent",60,52,"married","no","fixed",73,127,0,0,1030,1250,"negative"
8,"owner",60,30,"married","no","partime",60,90,3000,500,1000,1339,"positive"
19,"owner",60,47,"married","yes","freelance",90,166,12500,1000,875,875,"positive"
3,"owner",18,66,"married","no","others",45,69,12000,0,500,1101,"negative"
35,"owner",60,54,"married","no","fixed",45,182,4000,0,1000,1568,"negative"
0,"owner",42,65,"married","no","others",45,77,4000,2000,750,1194,"negative"
7,"other",60,25,"married","no","fixed",45,50,0,0,950,1378,"positive"
3,"owner",60,31,"single","no","fixed",35,131,4000,0,1050,1139,"negative"
1,"parents",24,23,"single","no","fixed",35,62,0,0,350,350,"negative"
5,"owner",60,35,"married","no","fixed",75,60,3000,400,1150,1406,"positive"
2,"owner",60,47,"married","no","fixed",90,86,4500,0,1200,1497,"negative"
13,"rent",36,28,"married","no","fixed",59,143,0,0,1400,1600,"positive"
27,"rent",60,50,"married","yes","fixed",87,120,0,0,1300,1350,"positive"
3,"other",60,25,"single","no","fixed",35,283,0,0,2000,2032,"positive"
0,"owner",36,39,"married","no","fixed",60,138,3000,0,1400,2610,"negative"
1,"priv",12,46,"married","no","others",90,90,2000,600,500,1193,"negative"
1,"rent",60,36,"married","yes","fixed",85,99,0,0,1200,1275,"positive"
10,"owner",36,39,"married","yes","freelance",75,160,15000,0,3250,3750,"positive"
1,"owner",60,25,"married","no","partime",60,330,9000,3500,1300,2500,"negative"
6,"owner",36,49,"married","no","freelance",60,100,22000,0,1000,1790,"negative"
3,"rent",48,52,"married","no","fixed",96,210,0,0,1400,1419,"positive"
10,"rent",30,34,"separated","no","fixed",45,100,0,0,700,1480,"negative"
0,"owner",36,24,"single","no","partime",45,97,8000,0,600,1542,"negative"
6,"owner",48,24,"married","no","fixed",45,227,3000,0,600,1380,"negative"
5,"owner",42,33,"married","yes","fixed",45,140,22000,2500,1200,1888,"negative"
1,"rent",48,31,"married","no","fixed",87,115,0,0,1100,1672,"positive"
37,"owner",48,63,"married","no","fixed",60,150,3500,0,700,808,"negative"
1,"parents",60,23,"single","no","fixed",35,90,0,0,1100,1107,"positive"
40,"owner",42,61,"married","no","fixed",90,275,12000,0,1000,1335,"negative"
5,"parents",60,28,"single","no","fixed",35,176,0,0,1190,1390,"negative"
11,"rent",60,58,"married","no","fixed",71,110,3000,0,1150,1363,"negative"
23,"owner",60,41,"married","no","fixed",75,140,3000,0,1450,1482,"negative"
23,"owner",60,38,"married","no","fixed",45,500,3500,0,1900,2357,"negative"
5,"owner",60,27,"married","no","fixed",75,66,3000,0,600,850,"positive"
5,"owner",48,40,"married","no","freelance",75,145,6000,0,825,1617,"negative"
31,"owner",60,59,"married","no","fixed",60,67,6500,0,1080,1114,"negative"
10,"owner",60,38,"married","yes","fixed",90,80,3000,1749,1030,1095,"positive"
8,"other",60,28,"married","no","fixed",45,200,0,0,700,1529,"negative"
2,"owner",36,49,"married","yes","freelance",75,154,14000,0,850,1263,"negative"
3,"priv",48,38,"married","no","freelance",90,187,2500,750,1550,1600,"negative"
35,"owner",48,52,"married","no","fixed",60,135,5000,0,1200,1400,"positive"
3,"owner",48,37,"widow","no","fixed",45,160,6000,3000,1000,1520,"negative"
25,"owner",60,42,"married","no","fixed",60,133,9500,0,1500,1617,"negative"
8,"rent",60,54,"married","no","freelance",173,230,5000,0,1100,1500,"negative"
2,"owner",60,30,"married","no","fixed",60,154,3000,0,1000,1705,"negative"
2,"owner",30,26,"married","no","fixed",60,50,3500,250,600,1292,"negative"
17,"owner",48,49,"married","no","freelance",60,189,7000,0,1100,1294,"negative"
3,"owner",60,36,"married","no","fixed",60,202,4600,1260,1400,1936,"negative"
4,"parents",48,40,"married","no","freelance",90,20,0,0,1850,2143,"positive"
0,"owner",12,61,"married","no","others",60,40,4000,0,170,1394,"positive"
2,"rent",24,59,"married","no","fixed",110,50,0,0,200,425,"positive"
2,"owner",48,49,"married","no","fixed",45,125,4000,0,500,1600,"negative"
30,"rent",60,52,"married","no","freelance",70,100,14500,0,1250,1563,"negative"
11,"owner",60,35,"married","no","fixed",60,115,4000,75,1250,1284,"negative"
5,"ignore",60,25,"married","no","fixed",75,160,1000,0,890,990,"positive"
14,"owner",60,30,"married","no","fixed",60,70,4000,2800,600,1125,"negative"
8,"owner",48,28,"married","no","fixed",35,220,4000,0,1000,1267,"negative"
1,"owner",6,29,"single","no","freelance",35,107,2000,0,300,1298,"negative"
6,"owner",60,32,"married","no","fixed",75,160,2200,600,1550,1600,"positive"
9,"owner",60,45,"married","no","fixed",75,150,3000,0,1100,1340,"negative"
3,"owner",60,26,"married","no","partime",45,120,6100,1500,1000,1403,"positive"
3,"owner",60,33,"married","yes","freelance",75,225,2000,0,1400,1980,"negative"
1,"parents",60,21,"single","no","freelance",35,100,0,0,900,1290,"negative"
0,"owner",36,34,"married","no","partime",75,80,4500,300,600,1339,"positive"
6,"owner",60,27,"single","no","fixed",35,208,6000,3300,1500,1559,"negative"
21,"owner",60,44,"married","no","fixed",90,105,1150,720,200,1078,"positive"
17,"owner",60,51,"married","no","fixed",60,98,4000,0,860,1113,"negative"
7,"rent",18,33,"married","no","fixed",113,532,0,0,1000,2290,"negative"
10,"owner",60,35,"married","no","fixed",60,140,4000,0,1000,1578,"negative"
2,"owner",48,38,"married","no","fixed",75,90,7000,2000,500,1039,"negative"
0,"rent",60,28,"married","no","fixed",76,155,0,0,800,1218,"negative"
2,"owner",60,26,"married","no","fixed",45,120,3500,0,300,1329,"negative"
10,"owner",36,34,"married","no","fixed",90,159,3000,250,300,500,"negative"
6,"owner",60,27,"married","no","fixed",45,122,2000,1000,1300,1384,"negative"
7,"owner",60,32,"married","no","partime",75,156,3500,0,1300,1553,"positive"
18,"owner",48,43,"single","no","fixed",35,90,2500,0,1000,1626,"negative"
3,"owner",18,30,"single","no","partime",35,130,5000,0,1100,1674,"negative"
6,"owner",18,42,"married","no","freelance",90,45,4000,34,200,1500,"negative"
0,"rent",36,26,"married","no","partime",72,118,1000,0,600,1421,"negative"
0,"owner",24,20,"single","no","others",60,152,2000,0,400,480,"positive"
8,"rent",48,24,"single","no","fixed",49,135,0,0,1000,1274,"negative"
4,"rent",48,27,"married","no","fixed",58,125,0,0,1200,1580,"negative"
1,"rent",36,35,"married","no","freelance",66,208,4000,0,1000,1300,"negative"
1,"parents",48,18,"single","no","partime",35,81,0,0,1150,1314,"positive"
3,"owner",24,35,"married","no","fixed",75,160,1800,0,200,957,"negative"
10,"rent",60,33,"married","no","freelance",75,300,2700,0,1000,1500,"negative"
8,"priv",36,39,"married","no","fixed",60,135,4000,1500,1300,1504,"negative"
20,"parents",60,36,"married","no","fixed",60,121,0,0,850,935,"negative"
3,"parents",48,29,"single","no","fixed",35,145,0,0,1000,1028,"negative"
1,"parents",48,23,"single","no","fixed",35,165,0,0,1300,1440,"positive"
19,"owner",12,34,"married","no","freelance",75,428,32000,0,500,1030,"negative"
2,"rent",48,57,"married","no","others",68,233,0,0,1200,1366,"negative"
11,"owner",60,38,"married","yes","fixed",90,245,4000,0,1700,1768,"positive"
1,"owner",48,42,"married","yes","freelance",75,200,9000,4500,1400,1700,"positive"
15,"owner",60,44,"married","no","freelance",60,42,10000,0,910,1450,"negative"
10,"owner",48,37,"divorced","no","fixed",35,87,3500,450,500,1155,"negative"
1,"priv",48,34,"married","yes","freelance",45,200,3000,1500,1000,1191,"positive"
25,"owner",12,43,"married","no","freelance",75,250,100000,0,600,841,"negative"
4,"rent",60,42,"divorced","yes","fixed",70,350,0,0,2200,2441,"positive"
0,"other",48,24,"married","no","fixed",60,105,0,0,1200,1516,"positive"
1,"owner",60,36,"single","no","freelance",60,100,4500,1500,400,1591,"negative"
2,"parents",60,52,"married","yes","freelance",75,160,5000,0,1350,1999,"positive"
0,"rent",36,34,"separated","no","fixed",49,140,0,0,1150,1600,"positive"
16,"parents",60,31,"married","no","fixed",45,160,0,0,1400,1850,"negative"
8,"owner",60,36,"married","no","freelance",75,148,2600,0,1400,1775,"negative"
20,"parents",36,50,"married","no","freelance",45,113,20000,0,700,1224,"negative"
5,"parents",60,33,"married","no","fixed",45,97,0,0,1500,1663,"negative"
20,"owner",60,54,"married","no","fixed",60,107,1500,0,1250,1500,"negative"
5,"rent",60,40,"married","yes","fixed",66,206,0,0,1900,2225,"positive"
1,"owner",60,29,"married","no","fixed",45,275,6000,1810,1600,1930,"negative"
3,"owner",60,31,"married","no","fixed",45,176,4500,2500,1400,1607,"negative"
2,"rent",36,32,"married","no","fixed",63,175,0,0,1000,1230,"negative"
3,"owner",24,51,"married","no","fixed",45,223,20000,0,1400,1581,"negative"
7,"rent",60,31,"married","no","fixed",67,70,0,0,790,1072,"negative"
9,"rent",36,46,"married","no","fixed",84,87,0,0,1200,1471,"positive"
1,"owner",60,35,"married","no","freelance",90,42,5000,100,500,1300,"positive"
14,"parents",60,33,"single","no","fixed",35,60,0,0,1150,1192,"negative"
6,"other",48,25,"single","no","fixed",35,300,0,0,2400,2700,"negative"
0,"other",36,31,"married","no","fixed",75,144,0,0,450,500,"negative"
2,"parents",48,30,"married","no","fixed",60,180,0,0,1350,1770,"negative"
1,"rent",48,40,"married","no","others",82,69,0,0,1100,1197,"positive"
12,"rent",60,37,"married","yes","fixed",86,110,0,0,700,950,"negative"
1,"parents",36,22,"single","yes","partime",35,50,0,0,425,450,"positive"
0,"parents",60,24,"single","yes","partime",35,86,0,0,1400,1707,"positive"
11,"owner",36,27,"married","no","fixed",60,172,7000,0,900,1201,"negative"
9,"rent",60,32,"married","yes","freelance",71,109,0,0,1135,1355,"positive"
13,"owner",60,43,"married","no","fixed",60,95,3000,0,890,1196,"negative"
29,"rent",60,57,"married","no","fixed",80,203,0,0,1100,1297,"negative"
33,"owner",48,59,"married","yes","fixed",45,114,10000,0,1200,1420,"positive"
3,"rent",48,60,"widow","no","freelance",54,186,0,0,850,1036,"negative"
0,"rent",60,25,"single","no","fixed",51,155,0,0,800,1201,"negative"
5,"parents",60,28,"married","no","fixed",60,195,1800,0,1000,1527,"negative"
3,"owner",60,40,"married","no","freelance",75,246,2500,0,1300,1500,"positive"
21,"rent",48,36,"married","no","fixed",86,113,0,0,950,1057,"negative"
6,"owner",48,27,"married","no","freelance",60,290,4300,900,1500,2127,"negative"
25,"owner",60,44,"married","no","fixed",45,125,2500,0,1200,1570,"negative"
5,"rent",24,34,"married","no","freelance",95,199,0,0,250,650,"negative"
1,"owner",60,28,"married","no","fixed",45,133,5000,9000,700,1175,"negative"
1,"owner",60,39,"married","no","fixed",60,210,2000,0,700,825,"negative"
11,"owner",60,28,"married","no","fixed",45,78,4000,0,850,978,"negative"
1,"rent",36,37,"divorced","no","partime",55,200,15000,0,1100,1650,"negative"
0,"parents",60,20,"married","no","freelance",45,100,0,0,1850,2150,"negative"
2,"rent",48,36,"married","no","fixed",85,95,0,0,1340,1771,"positive"
5,"rent",48,28,"married","no","fixed",63,183,0,0,1100,1615,"negative"
2,"parents",24,20,"single","no","fixed",35,43,0,0,450,994,"negative"
7,"priv",60,32,"married","no","fixed",75,120,3000,3000,870,1147,"negative"
3,"parents",60,19,"single","no","freelance",45,198,2500,0,1100,1194,"positive"
2,"rent",36,21,"single","no","fixed",45,100,0,0,700,825,"positive"
3,"rent",36,23,"single","no","fixed",50,150,0,0,1000,1128,"negative"
10,"owner",36,47,"married","no","fixed",60,133,3000,0,360,360,"negative"
10,"owner",48,37,"widow","no","others",45,110,3000,0,500,1190,"negative"
10,"owner",60,51,"married","no","fixed",60,202,2000,0,1400,1580,"negative"
1,"priv",24,31,"married","no","fixed",60,140,2000,500,1100,1600,"negative"
4,"owner",60,49,"married","no","fixed",45,123,5000,0,1450,1735,"negative"
2,"owner",60,27,"married","no","fixed",45,275,8000,4500,1500,2178,"negative"
3,"priv",60,34,"married","yes","fixed",75,200,2500,0,1350,1589,"positive"
0,"owner",48,29,"separated","no","fixed",35,55,4000,0,757,1566,"positive"
1,"owner",60,51,"married","no","others",45,105,3000,0,1200,1250,"negative"
15,"owner",60,34,"married","no","fixed",75,146,5000,0,1400,1626,"negative"
10,"owner",60,42,"married","yes","fixed",75,100,6000,1500,1350,1414,"negative"
2,"rent",60,46,"separated","no","fixed",49,136,0,0,1500,1687,"positive"
8,"owner",60,40,"married","no","fixed",60,90,4500,0,1100,1638,"negative"
7,"owner",60,26,"married","no","fixed",60,116,3000,0,1400,1460,"negative"
17,"owner",36,31,"married","no","fixed",75,128,7000,4800,700,1400,"negative"
10,"owner",54,47,"married","no","fixed",60,105,3000,0,850,911,"negative"
6,"owner",30,45,"married","no","fixed",90,125,3000,0,1050,1559,"negative"
0,"other",60,26,"married","no","partime",45,68,0,0,1200,1315,"negative"
1,"owner",36,41,"married","no","fixed",75,400,5500,0,1800,2600,"negative"
6,"owner",48,31,"married","no","fixed",60,251,3000,400,1000,1208,"negative"
2,"rent",60,23,"single","no","fixed",58,225,0,0,800,975,"negative"
2,"parents",60,34,"single","no","fixed",35,140,0,0,1200,1274,"negative"
7,"rent",60,38,"married","no","freelance",107,320,1500,0,1050,1092,"negative"
1,"rent",60,54,"married","no","others",54,87,8000,0,1000,1202,"negative"
15,"owner",60,37,"married","no","others",90,90,5000,1800,1500,1816,"positive"
2,"parents",48,26,"married","no","fixed",60,110,10000,0,1300,1700,"negative"
20,"owner",54,59,"married","no","freelance",60,87,3500,0,500,984,"negative"
30,"rent",60,54,"married","no","fixed",54,93,0,0,1000,1387,"negative"
12,"owner",48,27,"married","yes","fixed",45,110,5000,1300,450,1636,"negative"
2,"rent",60,28,"single","no","fixed",43,81,0,0,1000,1135,"negative"
3,"owner",60,53,"married","no","fixed",45,98,3500,0,1350,1453,"positive"
7,"owner",60,48,"married","no","freelance",60,155,4500,0,1400,1500,"negative"
4,"owner",48,30,"married","no","fixed",60,167,3500,1000,800,1350,"negative"
14,"priv",60,28,"married","no","fixed",60,190,18000,0,1850,2247,"negative"
10,"owner",60,34,"married","no","fixed",75,110,2500,300,1150,1367,"negative"
12,"rent",60,55,"married","yes","fixed",62,170,0,0,1800,2154,"positive"
5,"parents",60,28,"single","no","fixed",35,70,0,0,900,1492,"negative"
2,"owner",60,31,"single","no","fixed",35,55,7500,0,800,1351,"positive"
30,"parents",60,56,"married","no","fixed",45,80,10000,0,1500,2040,"positive"
3,"owner",60,38,"married","yes","partime",75,81,4000,0,1000,1037,"negative"
0,"other",48,25,"single","no","fixed",35,139,0,0,1200,1202,"positive"
0,"rent",48,35,"married","no","fixed",66,206,0,0,1500,1683,"negative"
3,"parents",48,31,"single","no","fixed",35,120,0,0,1000,1100,"negative"
30,"other",48,52,"married","no","freelance",90,300,12000,0,1700,1734,"negative"
13,"priv",60,33,"married","no","fixed",75,224,7000,0,1600,1604,"negative"
0,"rent",60,30,"married","no","fixed",68,80,0,0,1000,1330,"negative"
3,"owner",60,37,"married","no","partime",90,166,3000,0,800,877,"positive"
0,"owner",36,54,"married","no","partime",60,110,11500,0,1100,1759,"negative"
7,"parents",48,32,"married","yes","fixed",45,161,0,0,970,1564,"positive"
4,"owner",60,23,"married","no","fixed",45,80,4000,0,1100,1306,"negative"
10,"owner",24,39,"married","no","fixed",75,150,3000,0,500,1108,"negative"
1,"rent",36,28,"single","no","freelance",52,170,0,0,350,1500,"positive"
2,"parents",60,43,"married","no","fixed",45,100,0,0,1500,1645,"negative"
30,"rent",60,50,"married","no","freelance",68,225,10000,0,1300,1500,"negative"
3,"rent",60,41,"married","yes","fixed",77,166,0,0,2200,2625,"negative"
0,"parents",36,27,"single","no","fixed",45,200,5000,0,800,1456,"negative"
10,"owner",42,25,"married","no","fixed",45,110,3000,0,1500,2178,"negative"
4,"rent",36,35,"single","no","fixed",46,110,0,0,1000,1642,"negative"
1,"owner",60,31,"married","no","partime",45,160,4000,300,1200,1265,"negative"
13,"parents",36,43,"single","no","fixed",35,204,0,0,200,325,"negative"
4,"parents",60,28,"married","no","partime",45,135,0,0,1350,1471,"positive"
1,"parents",48,22,"single","no","freelance",45,158,0,0,260,1440,"negative"
8,"owner",60,42,"married","yes","freelance",75,290,10000,0,1200,2140,"negative"
14,"owner",60,41,"married","no","fixed",60,100,6000,0,450,1377,"negative"
6,"owner",60,29,"married","no","fixed",60,115,6000,2000,1250,1780,"negative"
1,"owner",18,27,"married","no","partime",45,149,2000,0,700,818,"negative"
16,"owner",60,32,"married","yes","fixed",75,143,4000,0,650,1017,"negative"
10,"parents",36,27,"married","yes","fixed",60,150,0,0,1000,1788,"negative"
11,"parents",48,37,"single","no","fixed",35,199,10000,0,1100,1212,"negative"
40,"rent",36,59,"married","no","fixed",59,142,0,0,1000,1800,"negative"
13,"owner",54,52,"married","no","fixed",75,80,4000,0,1300,1394,"positive"
7,"rent",36,25,"married","no","fixed",69,93,0,0,250,400,"positive"
3,"parents",36,24,"separated","no","fixed",45,113,0,0,850,940,"negative"
13,"parents",48,51,"married","no","fixed",45,92,3000,500,1220,1433,"negative"
7,"owner",36,39,"married","no","freelance",75,205,4000,0,1300,1439,"negative"
7,"owner",60,33,"single","no","fixed",35,210,6000,0,1700,2414,"negative"
4,"owner",24,31,"married","no","fixed",60,256,3000,0,600,1571,"negative"
5,"rent",36,30,"married","no","freelance",101,260,0,0,1000,1500,"negative"
7,"owner",60,24,"married","no","fixed",45,106,2500,0,1200,1258,"negative"
10,"owner",48,31,"married","no","fixed",60,160,4500,0,450,1403,"negative"
16,"owner",60,39,"married","no","fixed",60,148,3500,0,750,1346,"negative"
2,"owner",36,42,"married","no","fixed",75,220,3500,0,1500,2195,"negative"
6,"owner",36,37,"married","no","freelance",75,63,4000,50,800,1637,"negative"
3,"owner",36,38,"married","no","fixed",75,106,8500,0,2375,2375,"negative"
16,"owner",60,42,"married","no","fixed",75,81,3500,0,870,873,"positive"
1,"parents",60,23,"single","no","fixed",35,100,0,0,1210,1450,"positive"
0,"other",60,40,"married","yes","fixed",75,260,2500,0,1500,1607,"positive"
12,"owner",24,36,"married","no","fixed",60,243,6000,0,600,1376,"negative"
1,"rent",60,27,"single","no","fixed",44,88,0,0,1000,1092,"negative"
40,"owner",24,60,"married","no","freelance",75,186,8000,0,900,1307,"negative"
30,"owner",48,45,"married","no","fixed",75,105,10000,2400,830,1128,"negative"
5,"owner",48,65,"married","no","freelance",75,80,30000,2000,700,1698,"negative"
10,"priv",60,40,"married","no","fixed",60,154,1500,0,825,1075,"negative"
13,"rent",60,40,"separated","no","freelance",64,35,2500,0,1920,1920,"positive"
3,"rent",48,33,"married","no","fixed",66,63,2000,0,800,1298,"negative"
0,"other",36,28,"married","yes","others",45,297,8000,0,1360,1362,"positive"
1,"rent",60,33,"married","no","fixed",91,161,0,0,1700,1770,"positive"
25,"owner",36,51,"separated","no","freelance",35,200,5000,0,1700,2022,"negative"
11,"priv",48,31,"married","no","fixed",45,140,4000,0,700,1225,"negative"
7,"owner",12,36,"married","no","fixed",90,125,20000,0,375,724,"negative"
4,"parents",24,23,"single","no","fixed",35,78,3000,0,500,1346,"negative"
5,"other",60,33,"single","no","fixed",35,57,0,0,1000,1415,"positive"
31,"rent",60,51,"married","yes","fixed",135,300,0,0,1000,1380,"negative"
10,"owner",36,32,"married","no","freelance",75,202,2100,0,900,900,"negative"
16,"owner",48,50,"married","no","fixed",90,175,21500,1950,1100,1639,"negative"
19,"owner",36,52,"married","no","freelance",45,150,15000,0,1420,2220,"negative"
0,"parents",60,34,"single","no","others",45,158,2000,0,1020,1600,"negative"
1,"owner",48,28,"married","no","partime",45,123,4000,1978,1100,1556,"negative"
1,"rent",48,36,"married","no","freelance",88,125,0,0,1500,1878,"positive"
0,"owner",60,27,"married","no","partime",45,113,3000,1500,1200,1532,"positive"
2,"owner",24,26,"married","yes","freelance",45,167,4000,0,340,900,"negative"
4,"rent",36,24,"married","yes","fixed",75,148,0,0,900,1100,"positive"
0,"priv",60,47,"married","no","partime",75,156,2000,200,600,1556,"positive"
13,"owner",48,40,"married","no","fixed",60,123,4000,0,900,1054,"negative"
1,"owner",60,42,"married","no","partime",120,143,5500,2000,1160,1285,"positive"
17,"rent",48,52,"married","no","fixed",93,180,0,0,1200,1338,"positive"
5,"rent",36,45,"married","no","others",90,150,10000,0,1100,1556,"negative"
17,"owner",60,47,"married","no","fixed",60,92,4500,0,1100,1194,"negative"
8,"owner",60,25,"married","no","fixed",45,139,4000,1300,1450,1556,"negative"
0,"owner",60,50,"married","no","fixed",75,250,15500,0,1000,1989,"negative"
5,"owner",6,44,"married","no","fixed",75,315,13000,0,500,2624,"negative"
8,"owner",36,48,"married","yes","fixed",35,121,3000,0,400,925,"positive"
3,"owner",48,19,"single","no","fixed",35,180,4000,0,800,1128,"negative"
18,"owner",48,48,"married","yes","fixed",105,129,3000,0,780,2220,"negative"
22,"owner",60,46,"married","no","fixed",90,214,8000,0,1120,1395,"negative"
12,"owner",60,50,"married","no","fixed",45,99,5000,0,1100,1137,"negative"
12,"parents",36,30,"married","no","freelance",75,110,0,0,800,875,"negative"
13,"priv",60,30,"married","yes","fixed",75,85,3500,0,1100,1417,"positive"
3,"owner",18,39,"married","yes","fixed",90,138,7000,0,500,700,"negative"
1,"owner",60,27,"married","no","fixed",60,93,4000,0,1000,1207,"negative"
29,"owner",60,52,"married","no","fixed",75,100,3000,0,1100,1268,"negative"
1,"rent",48,42,"married","no","freelance",76,160,0,0,1200,1326,"negative"
3,"other",36,22,"married","no","fixed",45,215,0,0,1470,1480,"positive"
23,"parents",60,43,"single","no","fixed",35,90,3500,0,1050,1228,"negative"
20,"owner",36,36,"married","no","fixed",90,464,5000,0,2000,2168,"negative"
5,"priv",60,23,"married","no","fixed",35,167,7000,2160,1650,2100,"negative"
3,"rent",60,40,"married","no","fixed",84,86,0,0,1000,1197,"negative"
1,"priv",24,50,"married","no","freelance",60,125,5000,3000,360,510,"positive"
15,"owner",36,52,"married","no","fixed",105,274,8000,0,300,325,"negative"
10,"owner",36,38,"married","no","fixed",75,135,5500,1440,690,1000,"negative"
0,"parents",48,35,"married","yes","fixed",60,300,0,0,1400,1748,"positive"
9,"owner",60,34,"married","yes","freelance",75,300,4000,300,1000,1392,"positive"
9,"rent",60,34,"married","no","fixed",103,128,0,0,500,820,"negative"
25,"owner",18,49,"married","no","freelance",90,90,4000,0,300,1275,"negative"
19,"owner",60,37,"single","yes","fixed",35,115,10000,6000,1500,1758,"positive"
10,"rent",60,33,"married","no","fixed",56,107,0,0,600,1250,"negative"
10,"owner",60,34,"married","no","freelance",75,300,11000,0,1000,1560,"negative"
10,"owner",48,42,"married","no","freelance",105,230,30000,5000,1200,1570,"negative"
4,"owner",24,32,"married","no","fixed",45,122,4000,1,500,1045,"negative"
1,"parents",36,19,"single","no","partime",35,43,0,0,425,500,"negative"
1,"owner",48,45,"married","no","freelance",90,250,4000,0,1700,1800,"negative"
19,"parents",12,41,"married","no","freelance",90,190,500,0,500,1600,"negative"
6,"owner",60,25,"married","no","freelance",45,100,3500,2500,950,1177,"negative"
2,"rent",48,19,"single","no","freelance",60,246,20500,0,1370,1371,"negative"
11,"rent",36,59,"married","no","fixed",69,85,0,0,850,1100,"positive"
20,"rent",36,56,"married","yes","fixed",77,173,0,0,1100,1256,"negative"
18,"rent",48,42,"married","yes","freelance",75,150,0,0,1000,1469,"negative"
0,"parents",60,38,"married","no","partime",90,86,5000,0,1600,1682,"positive"
0,"parents",60,22,"single","no","partime",45,183,4000,0,1150,1150,"negative"
1,"rent",36,44,"separated","no","others",55,100,0,0,675,675,"positive"
1,"owner",60,31,"married","no","fixed",60,94,2500,0,900,1236,"negative"
25,"owner",48,49,"married","no","fixed",60,150,6000,0,650,1265,"negative"
15,"rent",60,55,"married","no","freelance",74,140,0,0,1000,1204,"negative"
21,"rent",60,55,"widow","no","fixed",56,107,0,0,1100,1353,"positive"
10,"priv",36,38,"married","yes","fixed",60,117,4030,0,950,1330,"negative"
12,"owner",60,60,"married","no","fixed",60,230,12000,0,950,1200,"negative"
10,"rent",60,58,"divorced","no","freelance",82,470,0,0,1350,1488,"positive"
20,"other",36,39,"married","no","fixed",60,102,0,0,650,1695,"negative"
10,"owner",60,34,"married","no","fixed",75,210,6000,0,900,1547,"negative"
1,"parents",60,21,"single","no","partime",35,42,0,0,1100,1112,"negative"
5,"rent",60,37,"single","no","fixed",48,130,0,0,600,1062,"negative"
2,"priv",48,25,"married","no","partime",45,90,3000,2000,800,1567,"positive"
15,"parents",36,39,"single","no","fixed",60,120,0,0,900,900,"negative"
1,"parents",60,22,"married","no","fixed",60,117,0,0,1100,1280,"negative"
11,"owner",30,35,"married","no","fixed",75,160,4000,0,700,1340,"negative"
3,"rent",60,50,"married","no","partime",69,90,0,0,1300,1490,"negative"
2,"other",36,49,"married","yes","others",45,50,0,0,1600,2640,"positive"
15,"owner",48,30,"married","no","freelance",75,100,27000,5000,900,900,"negative"
13,"owner",60,32,"married","no","fixed",75,182,5000,2500,1300,1569,"negative"
11,"rent",60,37,"single","yes","fixed",74,135,0,0,1400,1937,"positive"
2,"owner",60,24,"married","no","partime",45,67,4100,2800,1400,1403,"negative"
1,"owner",60,25,"married","no","partime",60,137,2700,1900,1150,1255,"positive"
3,"rent",54,23,"married","no","fixed",59,140,0,0,1300,1345,"negative"
1,"parents",60,22,"single","no","fixed",35,85,0,0,1950,2134,"positive"
37,"owner",60,52,"married","no","fixed",45,324,7000,0,1550,1590,"negative"
0,"owner",60,29,"married","yes","fixed",45,100,4500,0,1200,1406,"positive"
5,"rent",60,43,"single","no","freelance",39,42,0,0,1600,1872,"positive"
4,"owner",60,35,"married","no","fixed",60,251,6500,4000,1000,1123,"negative"
1,"parents",60,27,"single","no","fixed",35,180,0,0,1000,1067,"negative"
10,"parents",60,34,"married","yes","freelance",60,400,12000,0,2075,2253,"positive"
20,"rent",36,39,"married","no","fixed",91,158,0,0,380,580,"negative"
1,"owner",36,51,"married","no","fixed",75,300,6000,0,1450,1992,"negative"
15,"rent",12,35,"separated","no","fixed",44,90,9000,0,400,1400,"negative"
12,"owner",60,33,"married","yes","freelance",90,146,15000,0,1150,1284,"negative"
0,"owner",60,30,"married","yes","fixed",75,255,4000,0,1500,1749,"negative"
5,"owner",60,25,"single","no","freelance",35,250,14000,0,1400,2125,"negative"
6,"owner",60,53,"married","no","freelance",45,50,16000,0,1000,1505,"negative"
6,"rent",60,26,"married","no","fixed",60,150,0,0,1200,1376,"negative"
35,"other",60,63,"widow","no","fixed",35,190,0,0,750,1138,"negative"
9,"rent",60,30,"married","no","fixed",63,178,0,0,1680,1931,"negative"
12,"owner",60,43,"married","yes","fixed",75,254,14000,2900,1200,1698,"negative"
20,"rent",60,35,"single","no","fixed",56,110,0,0,1000,1279,"negative"
15,"owner",36,49,"married","no","freelance",75,70,3572,1728,1650,2755,"positive"
3,"rent",60,34,"married","yes","fixed",85,100,0,0,1000,1600,"positive"
2,"owner",60,26,"married","yes","fixed",60,137,4000,350,1200,2200,"negative"
10,"owner",60,30,"married","yes","fixed",60,242,7500,0,1550,1904,"negative"
9,"owner",60,51,"married","no","fixed",90,85,4000,0,1380,1580,"negative"
1,"rent",36,40,"married","no","fixed",58,125,0,0,700,700,"negative"
30,"parents",24,53,"married","no","freelance",90,500,0,0,600,1100,"negative"
12,"other",60,33,"married","no","fixed",60,140,0,0,1650,1910,"negative"
1,"rent",60,24,"married","no","fixed",52,70,0,0,1200,1360,"positive"
3,"rent",60,25,"married","no","fixed",60,150,0,0,700,1030,"negative"
15,"owner",36,44,"married","yes","fixed",90,245,4000,0,375,460,"positive"
2,"owner",60,33,"married","no","freelance",75,193,5000,0,1150,1339,"negative"
4,"parents",24,27,"single","no","fixed",35,110,0,0,370,525,"negative"
4,"rent",60,24,"married","no","fixed",52,70,0,0,1000,1315,"negative"
2,"rent",60,32,"married","no","partime",87,115,2000,0,1250,1517,"negative"
6,"parents",48,32,"single","yes","fixed",35,85,0,0,1100,1330,"positive"
6,"rent",60,36,"single","no","fixed",85,400,0,0,1000,1290,"negative"
6,"parents",60,27,"single","no","fixed",35,130,0,0,1600,1900,"negative"
15,"rent",18,55,"married","no","freelance",102,120,20000,0,1150,1366,"negative"
1,"rent",60,39,"married","yes","fixed",130,250,0,0,1900,4063,"negative"
16,"owner",48,36,"married","no","fixed",75,108,4000,0,500,1064,"negative"
12,"owner",60,38,"married","no","freelance",75,225,4500,900,1000,1606,"negative"
2,"owner",36,37,"married","no","partime",105,300,5000,0,1000,1570,"positive"
20,"owner",60,36,"married","no","fixed",75,250,2500,0,1350,1381,"negative"
2,"owner",24,49,"single","no","freelance",35,150,32000,0,800,816,"negative"
15,"rent",60,37,"married","yes","fixed",107,319,0,0,1800,2215,"positive"
20,"rent",60,49,"married","no","fixed",85,100,0,0,1420,1586,"positive"
4,"rent",12,28,"single","no","fixed",40,51,0,0,300,1469,"negative"
12,"owner",60,27,"married","no","fixed",45,145,3500,0,1000,1556,"negative"
10,"rent",48,47,"single","no","fixed",52,168,6000,0,850,1720,"negative"
1,"rent",60,44,"married","no","fixed",65,54,0,0,1550,1650,"negative"
3,"rent",48,29,"married","no","fixed",85,100,0,0,1000,1191,"negative"
12,"parents",60,35,"married","no","fixed",60,115,0,0,1000,1127,"negative"
10,"owner",48,31,"married","no","fixed",60,180,7500,1200,1000,1480,"negative"
3,"parents",60,23,"single","no","fixed",35,63,0,0,800,1258,"positive"
5,"owner",48,46,"married","no","fixed",60,130,4000,0,950,1544,"negative"
20,"owner",60,50,"married","no","fixed",60,170,6000,0,1300,1404,"negative"
3,"owner",48,26,"single","no","fixed",35,157,7000,0,1200,2053,"negative"
9,"owner",60,28,"married","no","fixed",90,64,1750,0,1055,1430,"positive"
0,"owner",48,61,"widow","no","others",35,35,4000,200,650,962,"negative"
15,"other",24,46,"married","no","fixed",75,150,18000,0,1400,1400,"negative"
4,"owner",12,25,"married","no","fixed",45,65,2000,0,350,1571,"negative"
5,"parents",36,22,"single","no","fixed",35,100,0,0,1000,1200,"negative"
11,"rent",60,38,"married","no","fixed",91,160,0,0,600,1200,"negative"
20,"other",60,57,"married","no","others",60,215,11000,0,1600,1842,"positive"
4,"owner",48,26,"married","no","fixed",75,112,4000,0,750,841,"negative"
2,"other",60,24,"married","no","partime",45,126,0,0,1450,1585,"positive"
14,"owner",60,51,"married","no","fixed",90,150,3500,0,950,957,"negative"
4,"owner",24,26,"single","no","fixed",35,136,2500,0,450,950,"negative"
10,"owner",60,46,"widow","no","freelance",45,123,3500,0,1100,1375,"negative"
12,"owner",60,37,"married","no","fixed",90,80,5000,0,1600,1800,"positive"
6,"owner",48,55,"married","no","freelance",45,72,16000,0,1760,2212,"negative"
14,"priv",60,38,"married","no","fixed",60,110,8000,400,450,1133,"negative"
5,"rent",60,24,"married","no","fixed",56,111,0,0,1000,1570,"positive"
5,"parents",36,27,"single","no","partime",35,60,0,0,500,1569,"positive"
1,"priv",48,36,"single","yes","fixed",35,173,7700,0,1000,2008,"positive"
20,"owner",18,62,"married","no","fixed",60,125,5000,0,500,1150,"negative"
2,"parents",24,19,"single","no","partime",35,60,0,0,530,630,"negative"
0,"priv",60,32,"married","no","partime",75,160,6000,0,1200,1571,"negative"
3,"rent",48,43,"married","no","partime",73,126,0,0,1300,1770,"positive"
6,"owner",36,34,"married","yes","fixed",60,148,9000,4090,500,1600,"negative"
11,"owner",48,34,"married","no","fixed",75,170,3500,435,1500,1627,"negative"
6,"rent",24,34,"married","no","fixed",68,230,0,0,500,1094,"negative"
9,"owner",60,30,"married","no","freelance",60,166,4000,1500,1350,1570,"negative"
9,"owner",60,40,"separated","yes","fixed",35,67,1600,0,800,935,"positive"
18,"owner",36,49,"married","no","fixed",60,80,15000,0,800,1419,"negative"
10,"rent",48,40,"married","no","partime",66,60,0,0,500,820,"positive"
1,"parents",60,24,"single","no","fixed",35,91,0,0,900,1060,"negative"
0,"parents",12,35,"single","no","partime",35,96,0,0,350,600,"negative"
3,"parents",60,36,"married","no","fixed",75,180,0,0,1200,1372,"negative"
40,"owner",24,62,"married","no","freelance",60,130,15000,0,250,758,"negative"
4,"owner",60,24,"married","no","partime",45,67,4000,2000,1000,1164,"negative"
14,"owner",60,44,"married","no","fixed",75,100,3500,0,1210,1450,"positive"
5,"owner",60,57,"married","no","fixed",60,830,18000,0,2000,2125,"negative"
11,"owner",60,25,"married","no","fixed",45,125,2500,700,1300,1557,"negative"
1,"owner",48,30,"married","no","freelance",60,30,4000,0,900,1700,"negative"
6,"rent",48,65,"married","no","others",69,237,0,0,1571,1571,"positive"
13,"parents",60,32,"married","no","fixed",60,152,0,0,900,1654,"negative"
2,"owner",24,43,"married","no","fixed",60,95,3000,0,300,350,"negative"
10,"rent",30,48,"married","no","fixed",74,139,5000,0,300,420,"negative"
0,"parents",48,25,"single","no","freelance",45,145,7000,0,1700,2173,"positive"
0,"other",36,36,"married","yes","freelance",45,300,30000,0,3000,6802,"positive"
12,"owner",24,47,"married","no","fixed",60,135,2500,0,550,1061,"negative"
4,"parents",60,22,"single","no","fixed",35,80,0,0,1200,1425,"negative"
22,"owner",36,47,"married","no","fixed",60,100,2250,0,450,546,"negative"
4,"owner",6,42,"married","no","fixed",45,275,4800,1200,2400,3400,"positive"
2,"owner",48,40,"married","yes","fixed",90,250,9000,7000,1250,1776,"positive"
3,"owner",36,40,"married","no","fixed",75,125,3500,0,800,1200,"negative"
18,"owner",48,43,"married","no","fixed",90,100,3500,0,1400,1403,"positive"
4,"rent",60,38,"married","yes","fixed",118,130,0,0,900,1086,"positive"
14,"other",60,41,"married","yes","fixed",75,131,0,0,1200,1200,"negative"
4,"owner",60,55,"married","no","freelance",60,350,13000,3000,1700,2200,"negative"
5,"parents",60,32,"married","no","freelance",60,538,0,0,1400,2360,"negative"
3,"parents",18,42,"married","no","freelance",75,276,1500,0,750,1758,"negative"
3,"parents",60,23,"single","no","fixed",35,107,0,0,700,1783,"negative"
15,"owner",60,50,"widow","no","fixed",45,156,9800,0,700,1136,"negative"
18,"owner",60,49,"married","no","fixed",90,110,5200,600,1350,1557,"negative"
27,"owner",48,62,"married","no","fixed",60,260,4000,500,800,886,"negative"
5,"rent",36,23,"married","no","fixed",68,81,0,0,400,400,"negative"
1,"owner",60,33,"married","no","partime",75,76,2500,550,800,1105,"positive"
6,"other",60,25,"married","no","fixed",60,98,0,0,600,1131,"negative"
22,"owner",60,37,"married","no","fixed",60,132,6000,1500,1400,1571,"negative"
5,"parents",36,27,"single","no","fixed",35,105,9500,2350,1000,1443,"negative"
3,"owner",60,47,"married","no","fixed",75,300,8000,0,1060,1160,"negative"
1,"parents",48,22,"married","no","fixed",45,117,0,0,768,896,"negative"
20,"other",60,39,"married","no","fixed",60,119,0,0,1300,1639,"negative"
0,"owner",24,46,"married","no","fixed",90,140,30000,0,350,1571,"negative"
1,"parents",48,19,"single","no","fixed",35,70,0,0,1000,1075,"positive"
8,"owner",60,24,"single","no","freelance",35,265,8000,0,1200,1590,"negative"
12,"rent",36,43,"married","no","fixed",78,180,0,0,1600,2200,"negative"
1,"owner",36,42,"married","no","partime",60,62,3000,0,300,450,"negative"
5,"priv",24,32,"single","no","freelance",35,189,7750,3900,1000,1536,"negative"
1,"rent",60,27,"single","no","fixed",43,75,0,0,1000,1375,"positive"
0,"parents",60,34,"single","no","partime",35,70,0,0,900,1005,"positive"
10,"owner",60,43,"married","no","fixed",75,188,5000,0,1000,1264,"negative"
5,"parents",36,21,"single","no","fixed",35,150,0,0,1000,1313,"negative"
13,"owner",48,36,"married","no","fixed",45,124,3000,0,700,1365,"negative"
3,"parents",60,23,"single","no","fixed",45,113,4000,0,900,1105,"negative"
15,"other",24,40,"married","no","fixed",75,98,0,0,500,1100,"negative"
12,"priv",60,38,"married","yes","fixed",90,195,1500,200,1150,1310,"negative"
2,"rent",36,58,"married","no","others",61,159,10000,0,950,1265,"negative"
2,"priv",24,41,"married","yes","freelance",135,959,2000,500,1050,1474,"positive"
20,"rent",36,39,"married","no","freelance",92,170,12000,0,950,980,"negative"
1,"parents",24,19,"single","no","fixed",35,28,0,0,400,600,"negative"
2,"rent",48,31,"married","no","freelance",102,268,0,0,1400,1635,"positive"
0,"owner",48,28,"married","no","partime",60,155,4500,1641,800,1376,"positive"
24,"rent",36,49,"married","no","fixed",84,240,0,0,675,675,"negative"
0,"owner",60,47,"married","yes","fixed",90,500,20000,0,1800,2000,"negative"
4,"owner",60,42,"married","no","fixed",75,135,4000,0,978,978,"positive"
3,"parents",60,25,"single","no","partime",35,225,0,0,1130,1130,"positive"
3,"owner",48,48,"married","no","freelance",45,100,4000,0,1600,2600,"negative"
30,"owner",36,52,"married","no","fixed",60,190,5000,0,800,950,"negative"
1,"owner",60,37,"married","no","freelance",60,200,9000,0,1400,1493,"positive"
4,"rent",36,45,"married","no","fixed",105,154,12000,0,600,2240,"negative"
13,"owner",60,30,"married","no","fixed",45,210,14000,0,1100,1224,"negative"
4,"rent",36,38,"married","yes","fixed",60,145,0,0,650,1000,"positive"
22,"owner",60,50,"married","no","fixed",90,210,16000,0,2100,2500,"positive"
1,"parents",60,29,"married","yes","partime",35,102,0,0,1100,1120,"positive"
0,"owner",36,42,"married","no","fixed",105,75,10000,0,400,725,"negative"
0,"owner",36,37,"married","no","freelance",75,150,7000,1500,500,720,"negative"
1,"parents",36,36,"single","no","fixed",35,120,0,0,1000,2470,"negative"
15,"rent",60,33,"married","yes","freelance",64,36,0,0,1150,1150,"positive"
15,"owner",36,41,"married","no","freelance",90,129,16000,0,1000,1655,"negative"
6,"parents",60,23,"married","no","fixed",45,125,0,0,900,1389,"negative"
8,"other",48,30,"married","no","fixed",75,156,0,0,1100,1310,"negative"
12,"owner",60,27,"married","no","fixed",60,72,2500,1300,750,758,"positive"
8,"other",24,33,"married","no","fixed",75,166,0,0,1150,1770,"negative"
1,"parents",36,23,"single","no","partime",35,75,0,0,350,425,"positive"
22,"owner",24,41,"married","no","fixed",90,125,4700,400,250,1035,"negative"
20,"rent",60,52,"married","no","freelance",70,250,4100,0,1200,1226,"negative"
25,"owner",36,58,"married","no","fixed",45,128,30000,0,1500,1750,"negative"
11,"owner",36,46,"married","no","fixed",60,155,16500,0,1000,1800,"negative"
4,"owner",60,28,"married","no","fixed",60,459,22000,9700,600,2150,"negative"
9,"owner",48,38,"married","no","fixed",75,360,8000,4000,1700,1713,"negative"
1,"rent",36,39,"married","no","fixed",85,100,0,0,600,975,"positive"
10,"rent",60,24,"married","no","fixed",53,80,0,0,400,650,"negative"
4,"owner",60,41,"married","no","fixed",90,250,10000,2000,800,916,"negative"
24,"other",36,51,"married","no","fixed",45,105,0,0,625,625,"negative"
30,"owner",36,56,"married","yes","freelance",105,300,30000,1300,1100,1318,"negative"
1,"other",24,24,"married","no","freelance",60,137,0,0,300,750,"negative"
20,"owner",12,49,"married","no","fixed",90,110,15000,0,125,325,"negative"
1,"owner",36,21,"single","no","fixed",35,127,10000,0,850,1014,"negative"
13,"owner",60,34,"separated","no","fixed",35,56,7000,1500,1250,1525,"positive"
1,"owner",60,38,"married","no","fixed",90,75,5000,0,1000,1144,"negative"
2,"owner",36,58,"widow","no","others",35,52,4000,0,400,550,"negative"
0,"parents",60,39,"single","no","fixed",35,100,0,0,1000,1556,"negative"
14,"rent",60,60,"married","no","fixed",62,170,8000,0,915,1396,"negative"
6,"priv",60,23,"single","no","fixed",35,150,5050,3800,1000,2470,"negative"
17,"owner",12,37,"married","no","fixed",75,188,7000,1000,600,1890,"negative"
8,"priv",36,48,"married","yes","fixed",75,175,1000,0,475,575,"negative"
4,"parents",60,26,"married","no","fixed",45,64,0,0,1150,1294,"negative"
1,"parents",36,23,"single","no","partime",35,110,0,0,650,710,"positive"
13,"owner",60,34,"married","no","fixed",45,186,3000,0,1900,2600,"negative"
19,"owner",60,46,"single","no","fixed",75,140,6000,0,1800,1849,"negative"
12,"owner",12,51,"married","no","freelance",45,200,2000,0,350,450,"negative"
13,"owner",60,45,"married","no","fixed",90,135,4750,3500,1100,1369,"negative"
4,"owner",60,55,"married","no","fixed",45,130,9000,0,1800,2281,"negative"
0,"owner",48,39,"married","no","freelance",60,200,5500,0,3075,4575,"positive"
11,"owner",60,26,"married","no","fixed",45,90,3000,0,900,931,"negative"
31,"owner",60,47,"married","no","fixed",60,175,8000,1500,1000,1330,"negative"
2,"owner",18,31,"married","no","partime",90,197,5000,300,860,1192,"negative"
3,"owner",48,50,"married","no","fixed",90,125,12000,0,800,950,"positive"
6,"owner",36,39,"married","yes","freelance",45,170,14000,1200,1100,1900,"negative"
10,"rent",48,36,"married","yes","freelance",100,247,0,0,1500,1810,"positive"
0,"other",60,47,"married","yes","others",45,250,100000,0,1300,1700,"positive"
20,"owner",24,45,"married","no","fixed",75,130,5000,0,450,1318,"negative"
8,"other",24,40,"married","yes","fixed",75,207,0,0,600,750,"negative"
15,"rent",60,36,"married","yes","freelance",97,65,0,0,1000,1168,"positive"
2,"owner",36,43,"married","yes","freelance",90,180,8000,560,700,1300,"negative"
4,"owner",48,44,"married","no","freelance",60,250,40000,9300,700,1111,"positive"
1,"owner",60,55,"married","no","others",45,129,3000,0,970,1264,"negative"
1,"other",48,26,"single","no","partime",35,116,2000,0,1100,1123,"positive"
9,"owner",60,33,"married","no","fixed",75,88,2500,0,1000,1386,"negative"
11,"rent",24,27,"married","no","partime",72,120,0,0,900,1395,"negative"
2,"rent",60,24,"married","no","fixed",70,100,0,0,900,1127,"positive"
0,"owner",60,29,"married","no","fixed",60,100,5000,0,800,960,"negative"
1,"parents",60,20,"single","no","freelance",35,113,13000,0,1500,2179,"positive"
20,"owner",36,46,"married","yes","freelance",105,80,9000,0,850,886,"negative"
30,"owner",60,62,"married","no","fixed",60,150,3200,400,800,1314,"negative"
2,"parents",60,27,"single","no","fixed",35,71,3500,0,600,960,"negative"
1,"rent",60,52,"divorced","no","fixed",55,99,0,0,750,873,"positive"
2,"other",36,26,"single","no","fixed",35,63,0,0,300,1111,"negative"
5,"owner",60,43,"married","yes","freelance",75,166,7000,700,1000,1040,"positive"
15,"parents",60,34,"married","no","fixed",45,108,0,0,1000,1995,"negative"
15,"rent",60,37,"married","no","fixed",58,134,500,0,900,1333,"negative"
5,"rent",36,37,"married","no","fixed",74,138,0,0,900,1358,"negative"
3,"owner",48,39,"married","no","fixed",60,110,3000,0,1270,1613,"negative"
2,"owner",60,26,"married","no","fixed",45,160,3500,0,1300,1855,"negative"
2,"owner",60,34,"married","no","fixed",60,176,4000,450,1800,2271,"negative"
1,"parents",60,30,"separated","no","partime",35,70,0,0,925,925,"positive"
4,"rent",60,26,"married","no","fixed",51,60,0,0,1750,1950,"negative"
20,"other",6,58,"married","yes","fixed",45,130,0,0,500,2058,"negative"
1,"parents",60,36,"single","no","fixed",35,176,0,0,1100,1600,"negative"
13,"owner",60,40,"married","no","fixed",90,130,3000,0,800,860,"negative"
7,"owner",36,49,"widow","no","fixed",35,108,12000,0,350,875,"negative"
1,"owner",60,25,"married","no","freelance",60,150,10000,2000,1000,1260,"negative"
6,"rent",36,33,"married","no","fixed",108,183,0,0,950,1705,"negative"
18,"rent",60,38,"married","no","fixed",56,108,0,0,1000,1307,"negative"
15,"other",36,38,"married","yes","freelance",90,200,6000,0,1550,1982,"negative"
11,"rent",12,33,"married","no","fixed",78,180,0,0,300,1479,"negative"
15,"rent",60,42,"married","no","fixed",58,130,0,0,1000,1308,"negative"
1,"rent",48,47,"married","no","fixed",74,140,0,0,2000,2201,"positive"
0,"owner",60,25,"married","no","fixed",75,141,3500,0,1250,1350,"negative"
17,"owner",48,42,"married","no","fixed",60,127,3500,0,700,1386,"negative"
21,"owner",48,52,"married","no","fixed",60,117,3000,0,1650,2276,"negative"
13,"rent",36,36,"married","yes","fixed",88,130,0,0,400,1608,"negative"
5,"owner",60,28,"married","yes","freelance",75,240,3000,0,1300,1585,"negative"
18,"parents",60,33,"single","yes","fixed",35,425,0,0,900,1320,"negative"
10,"owner",60,46,"married","yes","freelance",75,800,25000,2050,2600,3190,"negative"
3,"parents",60,22,"single","no","fixed",35,80,0,0,1000,1500,"negative"
1,"rent",60,22,"single","no","fixed",45,95,0,0,1250,1571,"negative"
3,"owner",60,23,"single","no","partime",35,71,1500,0,1150,1386,"positive"
8,"other",60,29,"married","no","fixed",45,135,0,0,1400,1680,"negative"
4,"parents",36,29,"single","no","fixed",35,47,0,0,400,450,"negative"
10,"parents",12,37,"married","no","fixed",90,250,3000,0,240,1488,"negative"
3,"other",12,30,"single","no","freelance",35,150,0,0,920,1396,"negative"
29,"owner",48,52,"married","no","fixed",60,118,6500,0,750,1255,"negative"
12,"owner",48,46,"married","no","fixed",60,130,6000,0,1480,1883,"negative"
15,"owner",36,51,"married","no","fixed",45,125,4000,200,375,375,"negative"
5,"rent",60,28,"married","no","freelance",77,171,0,0,2500,3070,"negative"
0,"owner",36,33,"married","no","fixed",45,265,2500,1100,1400,2189,"negative"
10,"rent",60,39,"single","no","freelance",45,100,0,0,1450,1692,"negative"
4,"rent",60,33,"married","no","freelance",82,69,0,0,2000,2216,"positive"
12,"owner",48,40,"married","no","fixed",75,293,4000,0,1298,1298,"negative"
13,"priv",24,59,"widow","no","fixed",35,87,1200,0,425,750,"negative"
16,"owner",60,32,"married","no","fixed",45,110,6000,2000,1400,1830,"negative"
2,"owner",60,45,"married","no","freelance",75,75,2500,0,1100,1242,"negative"
3,"other",48,38,"married","no","freelance",75,40,3500,0,600,882,"positive"
4,"owner",60,26,"married","no","fixed",45,140,3500,1500,600,1137,"negative"
0,"parents",36,21,"single","no","partime",45,161,2500,0,580,580,"positive"
2,"parents",6,31,"single","no","fixed",35,70,0,0,850,1403,"negative"
18,"owner",36,32,"married","no","fixed",75,65,2500,0,700,957,"negative"
4,"other",24,40,"married","no","partime",60,66,0,0,1300,1300,"negative"
4,"rent",48,29,"married","yes","fixed",42,73,0,0,579,1097,"positive"
7,"rent",36,33,"married","no","freelance",78,178,0,0,700,1033,"negative"
0,"parents",60,29,"separated","no","partime",35,140,0,0,763,913,"negative"
2,"owner",60,57,"single","no","freelance",35,50,15000,0,960,962,"positive"
2,"owner",60,23,"married","no","fixed",45,78,5000,6300,1075,1123,"positive"
11,"owner",60,38,"married","no","freelance",60,350,7500,0,1500,1800,"negative"
1,"rent",48,45,"married","no","fixed",59,140,0,0,1800,1980,"negative"
2,"owner",36,51,"married","no","partime",75,125,4500,0,600,989,"negative"
22,"rent",48,42,"married","yes","fixed",102,121,0,0,1000,1250,"negative"
0,"owner",60,22,"single","no","partime",35,155,6500,0,1100,1646,"negative"
2,"priv",48,26,"single","no","fixed",35,133,3000,0,1000,1114,"negative"
20,"owner",60,51,"married","no","fixed",75,117,2000,0,1000,1365,"negative"
1,"parents",36,33,"single","no","fixed",35,125,0,0,600,1600,"positive"
5,"priv",48,43,"married","yes","fixed",75,136,2500,500,940,1133,"negative"
3,"owner",12,32,"married","no","freelance",75,25,3600,1800,100,550,"negative"
11,"rent",36,52,"married","no","fixed",93,176,0,0,350,350,"positive"
20,"other",12,65,"married","yes","freelance",45,430,70000,0,1000,1321,"negative"
1,"rent",60,32,"married","no","fixed",88,125,0,0,1200,1225,"positive"
8,"owner",60,29,"widow","no","fixed",35,79,4000,0,850,950,"negative"
1,"rent",36,25,"married","yes","partime",69,92,0,0,475,550,"positive"
0,"parents",60,22,"married","no","fixed",45,176,0,0,1150,1277,"negative"
2,"priv",60,53,"married","no","fixed",75,85,7000,0,1050,1172,"positive"
1,"owner",24,47,"married","no","fixed",90,188,9000,0,700,1318,"negative"
2,"rent",48,34,"married","no","freelance",75,300,0,0,1700,2185,"negative"
1,"parents",60,23,"single","no","fixed",35,100,0,0,1500,2610,"positive"
13,"rent",60,54,"married","no","fixed",57,120,0,0,1000,1257,"negative"
1,"parents",12,22,"single","no","partime",35,60,0,0,100,600,"negative"
1,"rent",48,46,"married","no","fixed",103,125,1500,0,1100,1408,"positive"
19,"owner",12,42,"married","no","fixed",90,464,5000,0,1100,2413,"negative"
5,"parents",60,45,"married","yes","fixed",35,176,0,0,1000,1388,"negative"
19,"parents",60,49,"single","no","fixed",35,90,0,0,1600,1636,"negative"
8,"owner",60,28,"married","no","freelance",60,200,9000,0,750,850,"negative"
1,"parents",24,22,"single","no","fixed",35,415,0,0,700,1757,"negative"
11,"owner",60,27,"married","no","fixed",45,318,8000,3300,1350,1600,"negative"
6,"owner",18,33,"single","no","fixed",35,163,6000,0,1200,2022,"negative"
4,"rent",60,52,"married","no","fixed",97,72,0,0,1200,1200,"positive"
2,"owner",60,34,"married","no","fixed",45,156,5000,198,1550,1550,"negative"
0,"owner",36,43,"widow","no","others",35,49,2000,0,400,710,"positive"
8,"owner",60,40,"married","no","fixed",75,110,3000,0,950,1286,"negative"
3,"owner",60,31,"married","no","fixed",45,140,5500,1200,900,1400,"negative"
2,"owner",36,31,"married","no","freelance",60,92,2500,850,600,1638,"negative"
6,"owner",24,42,"married","no","partime",60,145,3000,0,500,1850,"negative"
2,"parents",60,35,"married","no","fixed",75,104,0,0,1200,1677,"negative"
4,"owner",36,42,"married","yes","freelance",75,400,12000,0,1500,1900,"negative"
0,"owner",48,24,"married","no","partime",45,95,5000,0,1000,1601,"negative"
5,"owner",6,31,"married","no","freelance",60,150,5000,0,300,1200,"negative"
1,"parents",12,53,"single","no","fixed",35,160,0,0,250,1456,"negative"
14,"owner",60,59,"married","no","fixed",60,177,10000,0,1450,1456,"negative"
12,"owner",48,38,"married","no","fixed",60,85,3000,0,500,960,"negative"
6,"rent",36,49,"married","yes","freelance",113,380,0,0,1000,1337,"positive"
13,"owner",60,42,"married","no","fixed",60,107,4000,0,1000,1359,"negative"
0,"owner",36,54,"married","no","others",45,134,2500,0,625,801,"negative"
21,"rent",60,39,"married","no","fixed",124,191,2000,0,2000,2536,"negative"
0,"owner",60,48,"married","no","partime",75,100,7000,0,1000,1129,"positive"
2,"parents",36,20,"single","no","fixed",35,110,0,0,500,1314,"negative"
5,"other",48,32,"married","yes","fixed",45,225,0,0,1000,1812,"positive"
15,"parents",60,51,"married","yes","fixed",60,100,0,0,300,1742,"negative"
35,"owner",48,54,"married","no","fixed",60,217,5000,0,1250,1455,"negative"
3,"other",36,40,"married","yes","fixed",75,176,0,0,950,1150,"positive"
3,"owner",24,29,"married","no","fixed",45,254,6000,800,500,1900,"negative"
3,"other",60,27,"married","no","fixed",90,126,4000,0,1400,1800,"positive"
0,"owner",60,57,"married","no","freelance",45,200,3500,0,950,1070,"negative"
1,"other",60,36,"married","no","fixed",60,101,0,0,850,1098,"positive"
10,"parents",60,31,"married","no","fixed",60,119,0,0,1600,1750,"positive"
0,"owner",48,22,"single","no","fixed",35,152,4000,0,1210,1325,"negative"
0,"parents",48,40,"married","no","partime",90,113,3500,0,600,710,"positive"
18,"other",36,54,"married","no","fixed",75,119,0,0,300,1268,"negative"
8,"parents",60,26,"single","no","freelance",35,75,7000,0,850,989,"negative"
21,"rent",60,36,"married","no","fixed",83,80,0,0,1220,1505,"negative"
0,"parents",36,22,"married","no","partime",60,137,0,0,700,900,"positive"
4,"priv",36,26,"married","no","fixed",45,107,3000,0,700,700,"negative"
5,"owner",60,36,"married","no","freelance",90,62,3000,0,650,1295,"positive"
5,"owner",60,36,"married","no","freelance",90,62,3000,0,650,1295,"positive"
19,"rent",60,37,"married","yes","fixed",88,125,0,0,750,970,"negative"
4,"rent",60,28,"married","no","fixed",79,190,4000,0,1250,1250,"positive"
12,"owner",24,56,"married","yes","fixed",60,124,1000,0,500,1495,"negative"
3,"owner",36,35,"married","yes","partime",60,144,3000,0,475,690,"positive"
0,"owner",60,31,"married","yes","fixed",45,184,3500,0,1550,1679,"positive"
5,"parents",24,26,"single","no","freelance",35,100,0,0,800,2450,"negative"
10,"owner",12,34,"married","no","fixed",75,80,4500,3500,300,1600,"negative"
2,"rent",60,36,"married","no","fixed",58,129,0,0,1125,1575,"negative"
3,"owner",24,29,"married","no","fixed",60,225,9000,0,600,980,"negative"
13,"owner",48,33,"married","no","fixed",75,191,8000,2000,1400,1602,"negative"
2,"rent",24,28,"married","no","fixed",75,150,0,0,512,1255,"negative"
5,"priv",60,24,"married","no","fixed",45,127,2000,0,1000,1282,"negative"
43,"owner",60,57,"married","yes","fixed",45,283,8000,0,900,1168,"positive"
15,"parents",60,34,"single","no","fixed",45,195,17000,0,1200,1200,"negative"
2,"owner",36,38,"married","no","fixed",45,114,3600,0,650,1100,"negative"
0,"rent",60,36,"married","yes","fixed",85,100,0,0,1100,1256,"positive"
0,"rent",36,29,"single","no","partime",46,113,0,0,1100,1110,"negative"
9,"owner",60,47,"married","no","freelance",75,178,50000,0,1850,1852,"negative"
15,"owner",48,53,"married","no","freelance",75,100,17000,0,500,1114,"negative"
10,"owner",60,34,"married","yes","fixed",60,310,3000,0,1600,1849,"negative"
2,"other",60,21,"single","no","fixed",35,86,0,0,1400,1600,"positive"
10,"other",36,32,"single","no","fixed",35,139,0,0,1100,2471,"negative"
0,"owner",60,32,"single","no","partime",35,94,7500,0,1350,1583,"negative"
1,"rent",36,24,"married","no","fixed",59,135,0,0,650,1136,"negative"
23,"priv",60,51,"married","yes","fixed",45,110,2500,0,800,1343,"negative"
3,"owner",48,29,"married","no","fixed",45,145,3500,0,700,1104,"negative"
4,"parents",54,38,"divorced","no","fixed",35,53,0,0,850,1129,"negative"
18,"owner",42,38,"married","no","freelance",75,229,8000,0,1700,1850,"negative"
12,"owner",60,47,"married","yes","freelance",75,285,20000,0,1440,1440,"positive"
2,"rent",12,34,"married","no","freelance",69,240,0,0,500,700,"negative"
8,"parents",60,22,"single","no","fixed",35,86,8000,0,1200,1214,"negative"
24,"priv",60,46,"married","no","fixed",60,165,3500,1300,1400,1530,"positive"
14,"owner",60,39,"married","no","fixed",105,129,3500,1200,750,1888,"negative"
2,"parents",60,28,"married","no","fixed",60,131,6000,0,1250,1346,"negative"
9,"rent",60,39,"married","no","fixed",57,123,0,0,1000,1194,"negative"
6,"rent",48,53,"separated","yes","fixed",56,208,0,0,1200,1479,"positive"
23,"owner",60,49,"married","no","fixed",60,133,2000,0,1000,1755,"negative"
3,"owner",24,46,"married","no","freelance",75,500,14000,0,500,1095,"negative"
0,"parents",36,56,"married","yes","fixed",35,102,6000,0,1000,1606,"negative"
15,"owner",48,33,"married","no","fixed",75,150,3000,0,1000,1670,"negative"
0,"parents",60,30,"married","no","fixed",75,100,5000,0,1350,1896,"negative"
1,"rent",18,26,"single","no","fixed",46,110,0,0,500,600,"negative"
16,"rent",60,36,"single","yes","fixed",47,120,5500,1700,1650,1852,"negative"
2,"parents",24,37,"single","no","fixed",35,78,0,0,800,1298,"positive"
12,"owner",60,26,"married","no","fixed",60,187,6000,1000,1100,1175,"negative"
25,"owner",60,62,"married","no","freelance",60,428,22000,0,1900,1994,"negative"
3,"rent",60,41,"married","no","others",51,60,0,0,750,818,"negative"
4,"owner",60,37,"married","no","fixed",75,116,3000,575,950,950,"positive"
2,"owner",36,32,"married","no","fixed",75,114,5000,0,1000,1853,"negative"
4,"owner",48,32,"married","no","fixed",45,208,6500,5000,1000,1323,"negative"
16,"owner",60,31,"married","no","fixed",75,123,4000,0,700,1698,"negative"
0,"rent",48,28,"married","no","partime",66,64,0,0,1100,1365,"positive"
10,"owner",48,37,"married","no","fixed",75,350,7000,0,1000,1628,"negative"
3,"parents",36,21,"single","no","fixed",35,85,0,0,105,105,"positive"
5,"rent",24,31,"married","no","fixed",84,90,0,0,400,2230,"negative"
16,"rent",60,36,"married","no","fixed",100,250,0,0,1250,1816,"negative"
17,"owner",60,34,"married","no","fixed",75,173,4000,1600,933,964,"negative"
1,"rent",36,25,"single","no","fixed",49,135,0,0,600,675,"positive"
20,"other",60,36,"married","no","fixed",75,210,0,0,1330,1330,"negative"
7,"rent",60,47,"married","no","fixed",53,80,0,0,1350,1612,"negative"
3,"priv",6,24,"single","no","fixed",35,173,4800,0,475,1323,"negative"
13,"owner",60,28,"married","no","fixed",60,130,5000,1500,900,1281,"negative"
10,"owner",36,32,"married","no","fixed",75,112,5000,3600,400,830,"negative"
2,"rent",60,35,"married","yes","fixed",52,70,0,0,1000,1000,"positive"
4,"parents",36,28,"single","no","fixed",35,116,0,0,925,1350,"positive"
3,"owner",48,26,"married","no","fixed",45,165,4000,600,950,1490,"negative"
13,"owner",36,60,"married","no","freelance",60,116,4000,0,1000,1100,"negative"
2,"owner",24,57,"married","no","others",45,25,2500,0,400,1034,"negative"
2,"parents",36,34,"separated","no","fixed",35,130,4000,0,500,550,"negative"
2,"rent",60,57,"married","no","others",50,52,1800,0,800,866,"positive"
0,"other",24,46,"single","yes","fixed",35,78,0,0,550,550,"positive"
1,"owner",60,28,"married","no","others",45,148,4500,0,1300,1695,"negative"
12,"rent",36,35,"married","yes","freelance",82,74,8000,0,475,550,"negative"
1,"rent",60,21,"single","no","fixed",49,138,0,0,950,984,"negative"
0,"owner",36,45,"married","yes","others",90,155,5000,0,300,1012,"positive"
5,"rent",48,31,"married","no","fixed",70,247,0,0,900,1039,"negative"
1,"parents",48,27,"single","no","freelance",35,85,0,0,650,650,"negative"
0,"owner",12,59,"married","no","freelance",45,42,4000,0,400,790,"negative"
17,"ignore",60,55,"married","no","fixed",60,157,8000,0,1600,1600,"negative"
4,"owner",60,36,"married","yes","fixed",75,236,3750,2000,1500,1615,"negative"
15,"rent",60,41,"married","no","fixed",74,137,0,0,1000,1450,"negative"
28,"owner",36,51,"married","no","freelance",60,152,10000,0,500,635,"negative"
3,"parents",60,33,"single","no","fixed",35,167,10000,0,2000,2250,"negative"
0,"rent",48,39,"married","yes","fixed",153,330,0,0,1000,1260,"positive"
7,"rent",60,34,"single","no","fixed",60,250,9200,0,1500,1594,"negative"
1,"parents",36,22,"single","no","fixed",35,80,8000,0,490,690,"positive"
4,"owner",36,25,"single","no","fixed",35,200,5000,0,900,1139,"negative"
35,"owner",48,55,"married","no","freelance",60,84,13000,0,1390,1390,"negative"
19,"owner",60,33,"married","no","fixed",75,200,10000,1620,1000,1671,"negative"
6,"owner",60,28,"married","no","fixed",60,187,5000,0,1500,2180,"negative"
1,"owner",60,24,"single","no","fixed",35,70,4000,0,1200,1505,"negative"
12,"owner",60,38,"married","no","fixed",75,120,5000,0,1100,1172,"negative"
0,"owner",60,30,"married","no","fixed",45,80,2000,200,1000,1331,"negative"
15,"rent",24,47,"married","yes","freelance",79,41,7000,0,1200,2257,"positive"
3,"rent",60,31,"married","yes","fixed",81,57,0,0,1400,1475,"positive"
0,"parents",48,21,"single","no","fixed",35,70,0,0,1250,1365,"negative"
0,"rent",48,27,"married","no","freelance",70,250,0,0,860,970,"positive"
5,"owner",60,65,"married","no","others",45,222,12000,0,600,1264,"negative"
10,"owner",48,41,"single","no","fixed",35,175,3000,0,750,1128,"negative"
3,"rent",36,25,"single","no","fixed",49,138,0,0,900,1717,"negative"
4,"parents",36,27,"married","no","fixed",45,72,0,0,350,1426,"negative"
0,"owner",60,62,"married","yes","others",90,136,2650,0,600,790,"positive"
10,"owner",60,42,"married","no","freelance",90,40,5000,1600,2000,2550,"positive"
2,"parents",60,25,"single","no","freelance",45,130,8500,0,1100,1380,"negative"
1,"parents",60,34,"married","no","fixed",75,190,0,0,700,719,"positive"
2,"owner",60,24,"married","no","fixed",60,243,2500,1980,1250,1451,"negative"
2,"rent",60,26,"married","yes","fixed",70,98,0,0,1100,1240,"negative"
0,"parents",24,21,"single","yes","partime",35,126,0,0,1150,1586,"positive"
10,"owner",48,35,"married","no","partime",75,55,4000,0,1500,1786,"positive"
1,"owner",60,49,"married","no","partime",105,88,2000,0,850,1149,"positive"
1,"owner",60,35,"single","no","partime",35,181,4500,0,1600,1912,"positive"
14,"priv",60,33,"married","yes","fixed",90,77,3400,0,1500,1813,"positive"
4,"parents",36,27,"separated","yes","fixed",35,110,0,0,300,550,"positive"
17,"owner",60,35,"married","no","fixed",60,125,4000,0,1080,1428,"negative"
4,"owner",60,27,"married","no","freelance",60,225,14500,1200,700,2273,"negative"
2,"rent",36,35,"single","no","fixed",42,74,0,0,950,1000,"negative"
11,"owner",18,37,"married","no","fixed",45,115,20000,0,600,1200,"negative"
1,"rent",48,64,"married","no","others",74,137,3500,0,600,927,"negative"
14,"owner",36,34,"widow","no","fixed",45,202,6500,0,350,800,"negative"
2,"owner",48,37,"married","no","fixed",75,135,18000,0,1000,1062,"negative"
5,"owner",48,43,"married","no","freelance",45,145,5000,0,680,1350,"negative"
6,"rent",36,49,"married","no","others",65,54,0,0,450,615,"positive"
11,"owner",12,51,"married","no","freelance",45,80,6000,0,1000,1931,"negative"
9,"owner",36,24,"married","no","fixed",45,140,9000,0,1000,1100,"negative"
1,"parents",60,22,"single","no","fixed",35,90,0,0,1250,1590,"negative"
0,"parents",36,30,"single","no","others",45,32,0,0,650,750,"positive"
1,"owner",24,33,"married","no","fixed",45,130,3000,0,800,1465,"negative"
17,"owner",24,50,"married","no","freelance",60,285,22000,700,500,1321,"negative"
0,"parents",36,19,"single","no","partime",35,75,0,0,1450,1473,"negative"
5,"owner",36,26,"married","yes","freelance",45,150,7000,0,1500,2588,"negative"
12,"owner",60,28,"single","yes","fixed",35,172,3000,2000,950,1184,"negative"
1,"rent",36,23,"married","no","freelance",75,300,0,0,400,700,"positive"
3,"parents",60,26,"single","yes","fixed",35,73,0,0,650,1200,"negative"
20,"owner",60,51,"married","no","fixed",60,165,3500,0,500,625,"negative"
3,"owner",36,38,"married","no","freelance",90,300,3000,0,1200,1881,"positive"
14,"rent",60,30,"married","yes","fixed",67,217,0,0,1800,1807,"negative"
3,"priv",60,29,"married","no","fixed",60,90,2000,0,1650,1800,"negative"
4,"parents",36,28,"married","no","fixed",45,100,0,0,1000,2343,"negative"
0,"owner",48,38,"married","no","fixed",75,217,3500,0,1400,1689,"negative"
7,"owner",48,29,"married","no","fixed",60,62,4000,0,984,984,"positive"
4,"rent",6,28,"married","no","fixed",66,60,0,0,200,1566,"negative"
16,"owner",60,32,"married","no","fixed",60,117,1100,80,1400,1833,"negative"
2,"rent",48,22,"single","no","fixed",42,73,0,0,940,1127,"positive"
2,"parents",48,30,"single","no","fixed",35,86,0,0,900,1127,"positive"
11,"owner",48,30,"married","no","fixed",75,67,3000,2040,1000,1093,"positive"
30,"owner",36,53,"married","no","fixed",75,165,5000,0,900,900,"negative"
2,"priv",60,28,"married","yes","fixed",75,166,6000,0,1500,1599,"positive"
5,"other",48,22,"single","no","fixed",35,82,0,0,480,1910,"positive"
1,"rent",36,24,"married","no","freelance",44,90,0,0,1050,1493,"positive"
1,"rent",60,52,"separated","yes","fixed",68,327,0,0,700,819,"positive"
8,"owner",60,34,"married","no","fixed",75,145,3000,1800,1500,1703,"negative"
20,"rent",36,39,"married","no","freelance",95,202,0,0,600,1461,"negative"
4,"owner",60,30,"married","no","partime",45,150,4000,2800,1400,1763,"negative"
5,"rent",36,46,"married","no","fixed",82,223,0,0,450,650,"negative"
3,"parents",36,52,"married","yes","fixed",60,325,0,0,400,1700,"negative"
10,"owner",60,52,"married","no","fixed",60,143,5500,0,1300,1661,"negative"
10,"rent",60,36,"married","no","fixed",85,100,0,0,850,1150,"negative"
11,"owner",12,25,"married","no","fixed",45,124,2500,1000,800,1602,"negative"
22,"rent",48,46,"married","no","fixed",86,110,0,0,1150,1528,"negative"
0,"other",48,45,"married","no","freelance",75,120,0,0,900,964,"positive"
25,"owner",60,53,"married","no","fixed",60,107,4000,0,800,932,"negative"
2,"other",60,22,"single","no","fixed",35,83,0,0,1400,1430,"positive"
0,"other",36,50,"married","no","partime",60,162,20000,0,1000,1615,"negative"
0,"owner",48,52,"married","yes","others",90,245,3850,2432,1520,1670,"positive"
12,"priv",60,47,"married","no","fixed",60,243,8500,0,1850,1890,"negative"
4,"rent",60,27,"single","no","fixed",43,76,0,0,650,1070,"negative"
12,"owner",18,35,"married","no","fixed",60,400,6000,0,200,2225,"negative"
0,"parents",48,21,"single","no","partime",35,106,5000,0,500,1131,"negative"
22,"owner",36,44,"married","no","fixed",75,120,7000,0,650,1852,"negative"
3,"parents",60,32,"single","no","fixed",35,122,0,0,2000,2050,"positive"
1,"rent",36,34,"divorced","no","fixed",43,80,0,0,700,700,"negative"
14,"priv",60,36,"married","no","fixed",60,120,4000,1500,1500,1540,"negative"
10,"rent",48,36,"married","no","fixed",80,200,0,0,978,1338,"negative"
13,"rent",60,36,"married","no","fixed",79,191,4000,700,1000,1209,"negative"
1,"rent",60,24,"married","no","fixed",52,67,0,0,800,1137,"negative"
5,"rent",12,35,"married","yes","freelance",96,210,0,0,300,700,"negative"
4,"owner",60,42,"single","no","fixed",35,110,2500,0,1090,1565,"negative"
3,"other",60,55,"married","no","fixed",45,45,0,0,600,864,"negative"
19,"owner",60,49,"married","no","fixed",135,150,3500,0,1100,1477,"negative"
4,"parents",60,38,"separated","no","fixed",35,100,0,0,1300,1500,"positive"
9,"owner",60,32,"married","no","fixed",75,345,6000,3300,700,994,"negative"
7,"owner",60,36,"married","no","fixed",60,122,3000,0,750,850,"negative"
26,"owner",60,55,"married","no","fixed",60,110,10000,0,1500,1527,"negative"
2,"rent",60,30,"married","yes","freelance",54,90,2000,0,1500,1500,"positive"
11,"owner",48,29,"married","no","fixed",75,76,15000,0,300,1336,"negative"
4,"rent",36,48,"married","no","freelance",94,340,1000,0,525,525,"negative"
2,"owner",60,29,"married","yes","fixed",60,185,6300,2300,2000,2675,"positive"
5,"owner",60,42,"married","no","fixed",75,101,3500,0,1090,1190,"negative"
3,"owner",24,32,"married","no","fixed",60,196,5000,300,800,1606,"negative"
17,"owner",36,47,"married","no","fixed",75,158,17000,0,1000,2159,"negative"
9,"parents",60,33,"married","no","fixed",45,221,3000,0,1600,2344,"negative"
18,"owner",60,32,"single","no","fixed",35,133,3500,150,1600,2200,"negative"
6,"owner",24,45,"married","no","freelance",90,150,5000,0,250,450,"negative"
12,"owner",12,40,"married","no","fixed",75,390,8000,0,500,1732,"negative"
2,"owner",36,28,"married","no","partime",60,146,2500,0,700,1258,"negative"
1,"parents",48,29,"single","no","freelance",45,478,9000,0,2100,2450,"negative"
8,"other",24,41,"divorced","no","fixed",60,90,4000,0,500,1600,"negative"
25,"priv",48,55,"married","no","fixed",60,169,4000,0,1000,1459,"negative"
25,"owner",60,61,"married","yes","freelance",45,100,39000,0,1060,1134,"positive"
3,"rent",18,30,"married","no","freelance",54,90,0,0,300,425,"positive"
2,"owner",48,40,"married","no","freelance",60,160,3000,800,1300,1521,"negative"
3,"rent",48,36,"married","yes","fixed",82,222,0,0,1900,2100,"negative"
18,"owner",60,42,"married","no","fixed",75,111,2500,0,1150,1640,"negative"
1,"owner",48,18,"single","no","partime",45,111,7000,0,1100,1299,"negative"
4,"owner",36,23,"married","no","fixed",75,168,4000,0,1100,1385,"negative"
20,"owner",60,49,"married","no","freelance",90,215,4500,0,1000,1228,"negative"
14,"owner",60,28,"married","no","freelance",75,94,5500,9500,1660,2419,"negative"
0,"parents",36,26,"single","no","fixed",35,63,0,0,600,994,"negative"
8,"rent",60,25,"married","yes","fixed",73,280,0,0,600,1364,"positive"
15,"owner",48,33,"married","no","fixed",75,220,7000,0,1300,2400,"negative"
3,"owner",60,30,"married","no","fixed",45,126,3500,2400,1000,1120,"negative"
20,"owner",36,44,"married","no","fixed",60,120,3000,0,350,400,"negative"
2,"parents",60,25,"divorced","no","partime",35,90,0,0,900,1111,"positive"
17,"owner",24,55,"married","no","freelance",75,191,14000,0,1000,2420,"negative"
20,"rent",60,41,"single","no","freelance",50,148,4000,0,835,1356,"negative"
2,"parents",24,26,"single","no","fixed",35,88,0,0,325,450,"negative"
11,"parents",60,27,"married","no","fixed",60,150,2500,0,1100,1129,"negative"
12,"owner",60,34,"married","no","fixed",60,115,4000,0,1650,1686,"positive"
1,"rent",60,31,"divorced","yes","fixed",43,76,0,0,500,1300,"positive"
2,"owner",60,37,"married","no","fixed",60,145,3500,1100,1250,1763,"negative"
17,"priv",60,48,"married","yes","freelance",60,69,7000,0,1400,1813,"positive"
3,"parents",36,22,"single","no","fixed",35,60,19000,0,775,1050,"negative"
4,"parents",48,25,"single","no","fixed",35,73,0,0,700,814,"positive"
38,"owner",48,56,"widow","no","fixed",35,112,3000,0,850,960,"negative"
12,"owner",60,39,"married","no","fixed",90,95,4000,250,1450,1686,"positive"
15,"parents",48,40,"single","no","fixed",35,150,0,0,1000,1399,"negative"
20,"owner",60,51,"married","no","fixed",60,250,2500,0,1250,1825,"negative"
0,"parents",48,27,"single","yes","fixed",35,46,0,0,900,1216,"negative"
2,"priv",60,25,"married","no","fixed",45,60,3000,0,1150,1163,"negative"
4,"other",60,25,"single","no","partime",35,92,0,0,1400,1661,"positive"
7,"owner",60,36,"married","no","fixed",90,120,6000,1500,900,1175,"negative"
4,"owner",12,32,"married","no","fixed",45,231,13000,290,400,1198,"negative"
2,"rent",60,32,"married","no","fixed",93,175,0,0,1650,1688,"positive"
2,"parents",48,23,"single","no","partime",35,160,3500,1200,1200,1426,"negative"
1,"parents",60,22,"single","no","fixed",35,109,0,0,1000,1466,"negative"
0,"parents",48,25,"married","no","fixed",60,247,0,0,1900,1900,"positive"
0,"other",60,34,"single","no","fixed",35,140,3000,0,1550,1570,"positive"
2,"other",60,41,"separated","no","freelance",35,100,5000,0,1200,1450,"negative"
8,"parents",48,28,"single","no","fixed",35,115,500,0,360,363,"negative"
3,"rent",36,34,"single","no","fixed",41,63,30000,0,625,921,"negative"
0,"parents",60,20,"single","no","fixed",35,79,0,0,1570,1575,"positive"
10,"rent",48,38,"married","no","freelance",78,333,0,0,700,1386,"negative"
4,"owner",48,49,"single","yes","fixed",35,183,8000,0,1200,1531,"negative"
0,"owner",36,36,"married","no","others",45,25,3500,0,1300,2246,"positive"
20,"priv",60,39,"married","no","fixed",90,159,2000,0,750,790,"negative"
10,"rent",60,39,"married","yes","freelance",119,292,13000,2500,1500,2262,"positive"
0,"rent",60,29,"married","no","partime",61,160,0,0,1000,1055,"negative"
21,"rent",36,42,"married","no","fixed",74,135,450,0,240,1275,"negative"
3,"rent",60,48,"separated","yes","fixed",47,120,0,0,1000,1077,"positive"
2,"owner",36,27,"widow","no","fixed",35,135,8000,0,750,1296,"negative"
1,"owner",60,46,"married","yes","fixed",75,209,11000,0,1800,2015,"positive"
19,"rent",18,39,"single","no","fixed",45,100,0,0,450,997,"negative"
3,"rent",24,22,"single","no","freelance",50,148,0,0,700,950,"positive"
25,"parents",60,64,"married","yes","fixed",45,130,0,0,2047,2946,"positive"
2,"rent",60,28,"single","no","fixed",45,101,0,0,1300,1333,"negative"
3,"parents",36,21,"single","no","partime",35,49,0,0,750,850,"negative"
5,"rent",30,58,"married","no","fixed",80,200,15000,0,520,690,"negative"
10,"rent",36,47,"single","no","partime",86,114,3500,0,400,872,"negative"
17,"rent",24,49,"married","no","freelance",80,53,0,0,600,1104,"negative"
0,"owner",12,22,"single","no","fixed",35,132,3500,0,300,509,"negative"
0,"owner",60,62,"married","no","others",45,42,4000,0,500,827,"positive"
2,"parents",36,24,"single","no","fixed",35,90,0,0,1000,1150,"positive"
28,"owner",24,59,"married","no","freelance",60,606,6000,0,1550,1760,"negative"
0,"rent",48,36,"married","no","fixed",74,141,0,0,1150,1485,"negative"
5,"owner",60,36,"married","no","fixed",75,141,4000,0,1300,1435,"negative"
5,"parents",36,45,"married","yes","fixed",75,68,0,0,2375,2875,"positive"
4,"owner",24,30,"married","yes","fixed",45,165,3000,0,250,450,"negative"
6,"parents",60,43,"married","no","freelance",75,70,4000,0,1000,1548,"negative"
0,"rent",24,23,"single","no","fixed",42,70,0,0,125,125,"negative"
9,"owner",48,41,"separated","no","fixed",35,60,8000,1000,1200,1538,"negative"
9,"rent",36,31,"married","yes","freelance",84,241,10000,0,3800,5852,"negative"
2,"rent",12,47,"married","yes","fixed",103,426,0,0,350,450,"positive"
2,"parents",12,25,"single","yes","freelance",35,74,18000,0,600,1638,"negative"
18,"owner",60,49,"married","no","fixed",135,180,13500,0,900,994,"negative"
16,"owner",36,57,"married","no","fixed",60,154,4000,130,700,1090,"negative"
10,"owner",60,26,"married","no","fixed",60,63,5000,3000,1400,1432,"positive"
11,"owner",60,37,"married","no","fixed",90,289,7000,250,1200,1599,"negative"
14,"owner",36,45,"separated","no","fixed",45,190,12000,0,2100,2758,"positive"
4,"rent",60,24,"married","no","fixed",75,147,0,0,1300,1700,"negative"
1,"owner",60,42,"married","yes","fixed",105,198,3500,250,1000,1245,"positive"
2,"rent",24,23,"single","yes","freelance",75,400,0,0,750,900,"positive"
1,"rent",60,38,"married","no","partime",58,130,0,0,1450,1593,"negative"
2,"owner",60,36,"married","yes","freelance",60,140,29000,0,3900,4812,"positive"
13,"parents",60,27,"married","no","fixed",60,100,0,0,950,1152,"negative"
5,"owner",24,37,"married","no","freelance",90,143,7000,0,700,900,"negative"
1,"rent",36,25,"married","no","fixed",54,87,0,0,500,646,"positive"
6,"rent",60,23,"married","no","fixed",62,171,0,0,1000,1209,"negative"
20,"owner",36,47,"married","no","fixed",75,203,4000,0,1050,1258,"negative"
9,"owner",18,52,"married","no","fixed",60,154,5500,0,500,1531,"negative"
15,"owner",12,55,"married","no","fixed",45,130,7000,0,200,1240,"negative"
0,"parents",48,28,"single","no","fixed",35,90,3500,0,1000,1210,"negative"
5,"parents",60,24,"single","no","fixed",35,92,0,0,1030,1068,"negative"
4,"owner",48,36,"married","no","fixed",75,210,4000,0,1800,2628,"negative"
4,"owner",24,26,"married","no","fixed",45,115,4000,0,500,1400,"negative"
5,"parents",18,22,"single","no","fixed",35,80,0,0,600,1132,"negative"
2,"parents",60,25,"single","no","fixed",35,110,0,0,860,959,"negative"
4,"owner",24,44,"married","no","freelance",75,86,5000,0,900,1100,"negative"
0,"owner",60,56,"married","no","others",60,117,3000,0,1200,1347,"negative"
1,"other",42,33,"married","yes","fixed",90,138,3500,606,1400,1700,"negative"
7,"owner",60,42,"married","no","fixed",45,88,4000,0,850,1033,"negative"
11,"parents",12,29,"married","no","fixed",60,54,0,0,600,1683,"negative"
40,"rent",18,62,"married","no","freelance",77,166,10000,0,900,2040,"negative"
10,"owner",60,33,"married","no","fixed",75,364,60000,0,1300,1804,"negative"
3,"owner",48,32,"married","no","freelance",75,65,10500,1500,1500,2155,"negative"
24,"owner",60,54,"married","no","freelance",45,109,17000,0,2000,3400,"negative"
6,"parents",36,24,"single","no","fixed",35,57,0,0,380,490,"negative"
2,"rent",48,36,"divorced","no","fixed",45,99,0,0,750,1350,"positive"
3,"parents",48,27,"married","no","fixed",45,227,0,0,1150,1575,"negative"
11,"owner",60,29,"single","no","fixed",35,57,1500,0,700,994,"negative"
1,"parents",24,22,"single","no","partime",35,80,0,0,150,400,"negative"
5,"rent",36,22,"single","no","fixed",42,70,0,0,850,870,"positive"
1,"rent",48,39,"married","no","fixed",86,105,0,0,1300,1600,"negative"
1,"parents",48,24,"single","yes","fixed",35,65,0,0,900,1061,"positive"
20,"owner",48,39,"married","no","freelance",75,45,10000,0,2000,3650,"negative"
7,"parents",48,31,"single","yes","fixed",35,72,5500,0,1000,1051,"negative"
3,"parents",36,31,"married","yes","fixed",60,80,0,0,1450,1700,"negative"
25,"owner",48,47,"married","no","freelance",60,157,15000,0,1990,2460,"negative"
12,"owner",36,46,"married","yes","fixed",60,117,3000,0,825,1325,"negative"
4,"rent",36,32,"married","no","fixed",55,100,0,0,300,500,"negative"
0,"priv",12,28,"married","no","fixed",60,130,3000,2000,380,1308,"negative"
12,"owner",54,35,"married","no","fixed",75,113,3000,600,1650,1800,"negative"
10,"owner",48,44,"married","no","fixed",75,450,12000,0,1030,1128,"negative"
0,"parents",48,21,"single","no","fixed",35,50,0,0,1000,1091,"negative"
2,"owner",48,20,"single","no","freelance",35,450,31000,0,1500,1853,"positive"
0,"ignore",36,45,"married","no","partime",75,87,1500,0,300,480,"positive"
1,"owner",60,34,"married","yes","fixed",45,180,2500,300,1300,1817,"negative"
1,"rent",60,21,"married","no","fixed",58,132,0,0,1275,1381,"negative"
6,"owner",36,44,"married","no","fixed",75,150,7000,600,650,650,"positive"
1,"rent",36,34,"married","no","freelance",94,189,15000,1500,1500,2435,"negative"
15,"rent",48,40,"married","yes","fixed",88,125,0,0,1100,1498,"negative"
11,"parents",36,29,"single","no","fixed",35,64,0,0,600,1314,"negative"
1,"rent",36,44,"married","no","fixed",105,145,0,0,1000,2275,"negative"
1,"rent",36,27,"single","no","fixed",42,67,0,0,1000,1350,"positive"
1,"owner",36,27,"married","no","partime",45,127,4500,3000,600,745,"positive"
11,"owner",48,46,"married","no","freelance",75,160,10000,0,1150,1156,"negative"
2,"owner",60,43,"married","yes","fixed",45,63,3000,0,1100,1683,"negative"
1,"owner",36,25,"widow","no","fixed",45,60,2000,0,525,800,"negative"
11,"rent",60,28,"single","no","fixed",42,67,0,0,900,1399,"negative"
3,"owner",48,30,"married","no","fixed",75,88,6000,400,1200,1796,"negative"
1,"rent",48,29,"married","no","partime",77,170,0,0,1300,2262,"positive"
15,"rent",60,39,"married","no","freelance",60,145,5000,0,1300,1625,"negative"
1,"other",42,24,"single","yes","fixed",35,60,0,0,1200,1616,"positive"
8,"owner",12,29,"married","no","fixed",45,92,6000,2400,100,1492,"negative"
10,"priv",60,55,"married","no","fixed",60,195,4000,0,1900,2150,"negative"
3,"rent",36,27,"married","no","fixed",68,80,0,0,325,400,"negative"
0,"other",42,24,"single","no","fixed",35,42,0,0,800,1450,"negative"
9,"other",36,32,"single","no","fixed",35,125,0,0,1000,1725,"negative"
4,"rent",48,38,"married","no","fixed",91,161,5000,0,800,1008,"negative"
0,"parents",24,24,"single","no","partime",35,117,4000,0,1000,1489,"negative"
7,"owner",18,33,"married","no","freelance",60,164,4000,0,550,1679,"negative"
1,"parents",60,30,"single","no","fixed",35,75,0,0,1000,1156,"negative"
25,"other",18,43,"married","no","fixed",75,85,700,0,400,1205,"negative"
6,"rent",60,34,"separated","no","fixed",47,120,0,0,1100,1700,"negative"
3,"rent",48,35,"separated","no","fixed",59,240,0,0,1300,1627,"negative"
4,"owner",60,24,"married","no","freelance",60,250,9000,3400,1250,1300,"negative"
0,"owner",60,30,"married","no","others",60,78,3500,0,1250,1365,"positive"
5,"owner",18,28,"married","no","fixed",60,102,2500,1300,450,1437,"negative"
12,"owner",48,49,"married","yes","fixed",45,152,7500,0,1100,2120,"positive"
4,"priv",24,44,"married","no","fixed",75,96,4000,0,580,923,"negative"
9,"parents",60,31,"single","yes","fixed",35,92,0,0,1000,1161,"positive"
2,"parents",60,26,"married","no","fixed",45,199,0,0,1500,1698,"negative"
0,"owner",48,43,"married","no","partime",75,71,14000,0,1100,1660,"negative"
13,"owner",60,38,"single","no","fixed",45,80,4000,0,1060,1274,"negative"
2,"other",42,25,"married","no","fixed",60,190,0,0,1100,1729,"negative"
8,"owner",36,40,"married","no","freelance",75,200,10000,0,700,800,"negative"
14,"priv",12,49,"married","no","fixed",90,140,3000,500,400,1432,"negative"
11,"rent",48,40,"married","no","fixed",59,140,0,0,1000,1930,"positive"
20,"owner",36,57,"married","no","fixed",90,114,5000,1500,1000,1193,"positive"
1,"parents",48,28,"single","no","fixed",35,140,0,0,1400,1728,"negative"
14,"parents",60,28,"married","no","fixed",45,140,0,0,1150,1301,"negative"
13,"owner",48,54,"married","yes","fixed",45,90,2500,0,1000,1198,"negative"
0,"owner",36,36,"married","no","fixed",75,424,9500,700,1000,1690,"negative"
1,"rent",60,26,"married","no","partime",61,155,0,0,1035,1709,"negative"
10,"rent",60,26,"married","no","fixed",78,175,0,0,1000,1314,"negative"
28,"parents",24,44,"married","no","freelance",90,180,0,0,450,1472,"negative"
8,"owner",36,30,"married","no","fixed",60,50,5000,400,300,1890,"negative"
1,"owner",36,24,"married","no","fixed",45,113,3500,0,1200,1702,"negative"
1,"rent",48,26,"single","no","fixed",45,100,0,0,1400,1968,"positive"
1,"owner",60,44,"married","no","freelance",90,905,20000,15000,1200,1381,"negative"
1,"other",36,29,"single","no","fixed",35,52,0,0,1000,1152,"negative"
8,"owner",60,32,"married","no","fixed",75,157,3500,1800,1300,1590,"negative"
10,"owner",24,46,"married","no","freelance",120,400,6000,2700,600,1080,"negative"
4,"rent",48,39,"married","no","fixed",91,157,0,0,1300,1501,"negative"
10,"owner",60,27,"married","no","fixed",45,120,5000,2000,1570,1914,"positive"
9,"rent",60,37,"married","no","fixed",91,162,0,0,1000,1537,"negative"
8,"owner",36,60,"married","no","freelance",45,78,11000,0,500,670,"negative"
0,"rent",36,26,"married","no","partime",80,195,0,0,600,785,"positive"
2,"rent",60,33,"single","no","fixed",75,400,0,0,1450,1457,"negative"
6,"rent",24,28,"married","no","fixed",62,166,0,0,500,1150,"negative"
20,"owner",48,53,"married","no","fixed",60,135,4000,0,1170,1297,"negative"
10,"owner",60,36,"married","no","fixed",75,204,5000,0,1400,1460,"negative"
14,"owner",36,34,"married","no","fixed",75,155,3000,1000,400,1908,"negative"
1,"owner",36,30,"married","no","fixed",45,120,3000,1100,1750,2245,"negative"
3,"parents",60,25,"single","no","fixed",35,130,6000,0,625,1083,"negative"
2,"owner",18,43,"married","no","freelance",90,356,5000,800,700,1073,"negative"
25,"other",60,50,"married","no","fixed",90,230,0,0,800,860,"negative"
36,"owner",48,58,"married","no","fixed",45,100,5500,108,700,1291,"negative"
11,"owner",60,44,"married","yes","fixed",60,130,3500,0,1400,1731,"negative"
7,"owner",60,23,"single","no","fixed",60,145,4500,0,1100,1150,"negative"
0,"rent",18,34,"married","yes","partime",98,81,0,0,300,450,"negative"
1,"owner",60,29,"married","no","fixed",60,136,7000,0,1000,1688,"negative"
17,"owner",60,32,"married","no","fixed",75,200,5000,2500,1550,1721,"negative"
18,"rent",42,35,"married","no","fixed",76,157,0,0,800,1687,"negative"
0,"parents",48,24,"single","no","partime",45,76,0,0,1640,1649,"negative"
2,"owner",60,25,"married","no","freelance",45,200,6000,1500,1600,1866,"negative"
1,"parents",12,24,"single","no","fixed",35,128,0,0,300,1056,"negative"
2,"owner",18,37,"married","no","fixed",90,90,1500,0,400,1166,"negative"
5,"rent",48,30,"separated","yes","partime",39,41,0,0,1300,1600,"positive"
12,"owner",48,35,"married","no","fixed",45,125,6000,0,350,1511,"negative"
1,"other",36,28,"single","no","freelance",35,100,0,0,1950,2074,"negative"
14,"owner",60,45,"married","no","fixed",120,250,18000,0,450,911,"negative"
3,"parents",36,19,"single","yes","fixed",35,47,0,0,500,700,"positive"
2,"parents",24,30,"married","no","partime",45,57,0,0,500,974,"negative"
6,"owner",12,36,"married","yes","fixed",90,78,6000,2700,300,500,"positive"
2,"rent",36,29,"married","no","fixed",85,100,0,0,2100,2300,"positive"
13,"owner",60,28,"married","no","fixed",60,102,3500,0,1175,1375,"negative"
0,"rent",60,27,"married","no","fixed",58,133,0,0,400,1136,"negative"
3,"other",48,22,"single","no","freelance",60,104,5000,0,1300,1813,"negative"
1,"parents",48,26,"single","no","freelance",35,500,0,0,1300,1561,"negative"
8,"rent",60,40,"separated","no","fixed",70,100,0,0,1300,1510,"positive"
1,"owner",60,52,"single","no","fixed",35,150,6000,0,1580,1756,"positive"
1,"parents",60,24,"single","no","partime",35,115,0,0,1400,1420,"positive"
0,"owner",48,38,"married","no","freelance",90,38,2800,0,1050,1238,"positive"
1,"rent",36,25,"married","no","partime",67,67,0,0,775,850,"positive"
3,"rent",60,38,"married","yes","partime",72,123,0,0,1030,1170,"positive"
18,"owner",60,36,"married","no","fixed",45,85,3000,0,1500,1856,"negative"
0,"owner",60,44,"divorced","yes","fixed",60,60,4000,3378,1400,1703,"positive"
4,"owner",60,33,"married","no","partime",90,82,3500,1000,1300,1795,"positive"
1,"owner",36,36,"single","no","fixed",35,345,18000,0,2000,2961,"negative"
0,"parents",36,26,"married","no","partime",60,142,0,0,1000,1426,"negative"
10,"owner",24,63,"married","no","freelance",60,107,17000,0,800,1472,"negative"
2,"owner",60,40,"married","no","fixed",90,161,8000,470,1200,1670,"negative"
4,"other",60,24,"single","no","partime",35,63,0,0,900,1777,"positive"
4,"owner",24,22,"single","no","fixed",35,79,4000,0,1000,1618,"negative"
7,"parents",60,40,"married","no","fixed",90,93,8000,0,1300,1588,"positive"
11,"owner",36,26,"married","no","fixed",45,137,6000,0,1000,1264,"negative"
4,"priv",60,30,"married","yes","fixed",60,74,1500,0,870,875,"positive"
15,"owner",48,31,"married","no","fixed",60,131,3000,0,770,872,"negative"
4,"owner",48,22,"single","no","fixed",45,113,14000,0,1300,1410,"negative"
1,"owner",60,61,"married","no","others",45,30,6000,0,1000,1055,"positive"
7,"parents",30,33,"married","no","fixed",75,154,4000,125,850,2243,"negative"
28,"owner",24,45,"married","no","fixed",75,164,5000,0,600,1190,"negative"
3,"owner",36,35,"married","no","fixed",75,84,3000,144,475,800,"negative"
1,"owner",60,24,"married","no","fixed",45,199,6500,3000,1400,1702,"positive"
3,"parents",48,26,"single","no","fixed",35,120,0,0,1100,2080,"negative"
6,"other",60,63,"married","no","fixed",45,234,0,0,610,1027,"negative"
5,"owner",48,41,"married","no","fixed",90,275,25000,1000,1800,2260,"negative"
17,"owner",48,42,"married","no","freelance",75,250,7000,1000,1600,2078,"negative"
1,"rent",48,37,"separated","yes","fixed",46,110,0,0,900,1312,"positive"
5,"owner",60,44,"married","no","freelance",45,65,4000,0,1400,1847,"positive"
2,"rent",36,36,"married","no","freelance",95,200,5000,0,800,1158,"negative"
0,"rent",48,37,"married","yes","partime",120,300,8000,2000,1500,2977,"positive"
6,"owner",24,39,"married","no","fixed",75,58,2000,0,175,300,"positive"
2,"owner",48,32,"married","no","fixed",75,139,2000,80,460,1589,"negative"
22,"owner",48,45,"married","no","fixed",45,208,11500,0,1000,1698,"negative"
4,"other",12,28,"married","no","fixed",45,99,0,0,250,1000,"negative"
15,"priv",60,30,"married","no","fixed",60,140,4000,1680,400,1320,"negative"
5,"parents",48,25,"single","no","fixed",35,78,0,0,1000,1154,"positive"
14,"owner",60,37,"married","no","fixed",60,79,3500,0,700,1700,"negative"
1,"owner",36,36,"married","no","partime",45,80,500,0,950,1566,"negative"
12,"owner",60,37,"married","no","freelance",60,85,6000,0,1200,1731,"negative"
25,"rent",42,61,"married","no","fixed",57,121,0,0,750,830,"negative"
20,"owner",36,41,"married","no","freelance",90,250,13500,0,1900,2200,"negative"
1,"owner",48,33,"married","no","fixed",45,104,6500,0,1150,1348,"negative"
6,"owner",48,33,"married","no","freelance",45,78,3500,0,1100,1526,"negative"
2,"parents",48,34,"single","no","fixed",45,157,4000,0,1450,1769,"negative"
1,"rent",48,42,"married","no","fixed",94,192,0,0,1350,1819,"negative"
16,"parents",48,35,"separated","no","fixed",60,103,0,0,500,862,"negative"
6,"parents",60,38,"married","no","fixed",45,75,0,0,1175,1800,"positive"
8,"rent",60,28,"married","no","fixed",53,177,0,0,1900,2530,"positive"
0,"parents",36,21,"single","yes","fixed",35,75,0,0,690,790,"positive"
20,"owner",18,40,"married","no","fixed",75,210,3500,0,800,1717,"negative"
5,"owner",60,43,"married","no","fixed",75,105,5000,0,1000,1809,"negative"
6,"priv",36,29,"single","no","partime",35,68,1500,0,500,525,"positive"
2,"parents",24,19,"single","no","partime",35,50,50000,0,900,1472,"negative"
18,"rent",60,52,"married","no","fixed",58,128,0,0,800,1235,"negative"
0,"owner",60,49,"married","no","freelance",60,189,3500,0,1600,1815,"positive"
4,"rent",54,27,"married","no","fixed",74,139,0,0,900,1132,"negative"
6,"owner",60,29,"married","no","fixed",60,125,5000,0,1500,1531,"negative"
11,"parents",60,37,"married","no","fixed",75,100,0,0,1150,1230,"negative"
1,"parents",48,25,"single","no","partime",35,50,0,0,1000,1041,"positive"
0,"owner",30,55,"married","no","freelance",60,155,6000,0,500,635,"negative"
1,"ignore",24,27,"married","no","partime",60,128,4000,0,400,1224,"negative"
40,"owner",48,60,"married","no","freelance",75,183,5000,0,1200,1308,"negative"
0,"other",60,32,"married","no","fixed",75,160,0,0,1300,1350,"positive"
6,"other",36,36,"married","no","fixed",60,160,0,0,550,700,"negative"
5,"parents",48,22,"single","no","fixed",35,75,27000,0,1300,1495,"negative"
10,"priv",36,44,"married","no","freelance",75,77,8000,0,900,943,"negative"
5,"rent",30,59,"married","no","fixed",81,207,20000,0,700,1460,"negative"
11,"owner",48,42,"married","no","fixed",75,180,3500,1200,700,1703,"negative"
17,"owner",24,53,"married","no","fixed",75,132,4000,0,400,1195,"negative"
0,"owner",60,33,"married","no","partime",45,128,4500,0,1250,1442,"positive"
10,"rent",60,37,"married","no","fixed",85,96,4000,850,1100,1340,"positive"
9,"other",60,35,"married","no","fixed",60,70,0,0,1500,1562,"positive"
19,"rent",60,41,"married","no","fixed",88,125,0,0,1450,1564,"negative"
5,"owner",60,50,"married","no","partime",60,81,5000,0,1540,1770,"positive"
7,"owner",36,37,"married","yes","freelance",90,150,4500,3000,400,882,"positive"
8,"rent",36,33,"married","no","fixed",78,175,0,0,1000,1187,"negative"
10,"rent",48,56,"married","no","freelance",86,112,0,0,1000,1000,"negative"
20,"owner",36,43,"married","no","fixed",60,80,3000,0,600,675,"negative"
0,"owner",36,62,"married","no","others",45,73,5000,0,430,1132,"negative"
2,"priv",60,34,"married","no","fixed",60,186,8000,4000,1250,1350,"negative"
0,"owner",48,29,"married","yes","others",45,391,6500,420,2000,2397,"positive"
12,"owner",48,49,"married","no","partime",45,80,4000,0,800,1228,"negative"
0,"owner",48,49,"married","no","freelance",105,280,20000,0,800,1137,"negative"
9,"rent",36,34,"single","no","fixed",49,136,0,0,800,1064,"negative"
13,"other",36,35,"married","no","fixed",75,70,0,0,450,450,"positive"
5,"priv",48,44,"married","yes","fixed",75,199,4600,0,1600,2631,"positive"
0,"rent",48,30,"married","no","partime",60,150,0,0,1300,1582,"positive"
3,"rent",60,44,"married","no","freelance",74,140,2000,0,800,992,"negative"
2,"other",60,23,"single","no","fixed",45,175,7500,0,1500,1525,"negative"
20,"owner",60,50,"married","yes","freelance",45,125,3000,0,1500,1600,"positive"
8,"parents",48,26,"single","no","fixed",35,78,0,0,500,1800,"negative"
8,"owner",36,48,"married","no","fixed",45,75,3500,0,670,857,"negative"
1,"owner",48,42,"divorced","no","fixed",35,210,6500,1500,1650,1679,"positive"
35,"owner",36,59,"married","no","freelance",60,125,6000,0,500,1389,"negative"
2,"rent",60,21,"married","no","freelance",70,100,2000,0,1100,1260,"positive"
8,"priv",60,30,"married","no","fixed",75,100,2000,192,1400,1460,"negative"
1,"other",30,26,"single","no","fixed",35,110,0,0,700,1340,"negative"
1,"owner",48,26,"married","no","freelance",75,180,1600,0,1450,1610,"positive"
10,"rent",48,34,"married","no","fixed",83,79,0,0,1200,1215,"positive"
4,"owner",60,32,"married","yes","fixed",75,183,8000,0,1170,1398,"negative"
11,"owner",36,37,"married","yes","freelance",60,205,13600,4500,450,625,"positive"
12,"owner",60,27,"married","no","fixed",60,118,6000,800,900,1200,"negative"
2,"parents",60,26,"single","no","fixed",35,117,0,0,1000,1724,"negative"
11,"other",12,41,"single","no","fixed",35,135,0,0,1000,1300,"negative"
8,"owner",48,26,"married","no","freelance",90,113,3000,750,1200,1450,"negative"
5,"parents",60,21,"single","no","fixed",35,60,0,0,1100,1134,"negative"
0,"rent",36,24,"single","no","partime",44,85,0,0,375,575,"positive"
16,"owner",60,30,"married","no","fixed",45,135,5000,0,1000,1230,"negative"
15,"owner",36,35,"married","no","fixed",60,146,3500,0,1600,2122,"negative"
4,"rent",48,26,"single","no","freelance",50,150,0,0,1100,1335,"positive"
10,"priv",60,43,"married","no","fixed",90,110,4500,1500,750,936,"positive"
0,"owner",48,39,"married","yes","partime",45,132,3500,0,1000,1603,"positive"
41,"other",24,59,"married","no","fixed",60,177,0,0,500,1633,"negative"
0,"owner",36,32,"married","no","others",75,74,4000,0,500,1104,"positive"
1,"rent",6,25,"single","no","fixed",46,112,0,0,200,600,"negative"
0,"parents",36,38,"married","yes","freelance",75,125,11000,0,2500,3350,"positive"
2,"parents",60,28,"single","no","fixed",35,220,0,0,1600,1739,"negative"
2,"parents",60,25,"single","no","fixed",35,96,0,0,1300,1785,"negative"
11,"parents",60,41,"separated","yes","fixed",35,100,0,0,1250,1549,"negative"
12,"owner",12,50,"married","no","freelance",75,200,17000,3000,1250,1721,"negative"
2,"owner",48,33,"married","no","fixed",75,100,6500,2000,1000,1234,"negative"
1,"rent",36,28,"single","no","fixed",55,196,0,0,1200,1599,"negative"
4,"owner",60,26,"married","no","fixed",45,152,4000,1200,950,1050,"negative"
1,"rent",36,29,"married","no","freelance",54,86,0,0,500,1686,"negative"
5,"owner",24,42,"married","no","fixed",45,113,7100,0,1800,3669,"negative"
14,"owner",36,39,"married","no","fixed",75,200,5000,0,1000,1155,"negative"
0,"other",60,46,"single","no","fixed",35,150,0,0,1400,1490,"positive"
7,"owner",36,24,"married","no","fixed",45,95,3000,0,1000,1597,"negative"
12,"parents",36,31,"married","no","fixed",60,160,3000,1000,700,1100,"negative"
17,"owner",48,42,"married","no","fixed",90,450,8000,1800,1000,3313,"negative"
14,"rent",60,63,"married","no","fixed",73,127,0,0,1400,1496,"positive"
0,"rent",36,18,"single","no","partime",40,51,0,0,500,500,"positive"
19,"owner",36,43,"married","no","freelance",75,70,7000,0,1000,2335,"negative"
0,"parents",36,26,"single","no","partime",35,70,3500,350,375,500,"positive"
6,"rent",36,24,"married","no","fixed",66,213,0,0,1000,1064,"negative"
14,"rent",48,29,"married","no","fixed",52,70,0,0,800,1210,"negative"
0,"parents",48,28,"divorced","yes","fixed",35,280,0,0,1300,2058,"positive"
10,"owner",60,39,"married","yes","fixed",90,195,12000,0,1500,2659,"negative"
20,"owner",60,43,"married","no","partime",60,138,20000,0,1000,1312,"negative"
12,"rent",60,38,"married","no","fixed",96,205,3500,0,1400,1742,"negative"
3,"rent",48,29,"married","no","fixed",59,137,0,0,800,889,"negative"
2,"parents",48,28,"single","no","fixed",35,79,0,0,650,1379,"negative"
13,"rent",60,41,"single","no","fixed",45,95,0,0,940,1379,"negative"
23,"owner",48,60,"married","no","fixed",35,80,3000,0,1150,1242,"negative"
3,"priv",60,54,"married","no","fixed",45,134,2000,0,1100,1286,"negative"
3,"parents",36,22,"single","no","fixed",35,65,0,0,1000,1629,"negative"
2,"owner",30,38,"married","no","fixed",75,159,11000,0,1280,1289,"negative"
30,"owner",24,57,"married","no","freelance",45,40,17000,0,400,500,"negative"
10,"owner",24,42,"married","no","freelance",75,70,4600,0,500,1104,"negative"
16,"owner",60,39,"married","yes","fixed",60,115,3000,0,800,1373,"negative"
2,"rent",48,31,"married","no","fixed",67,67,0,0,970,1273,"negative"
2,"other",36,24,"married","no","fixed",60,102,0,0,900,1555,"negative"
11,"owner",60,27,"married","no","fixed",60,125,2500,0,1100,1220,"negative"
8,"owner",24,35,"married","yes","freelance",75,180,12000,0,1000,2256,"negative"
37,"parents",36,52,"married","no","fixed",60,240,0,0,1510,1625,"negative"
2,"owner",48,34,"married","no","freelance",90,250,16000,2000,1500,1768,"positive"
6,"rent",48,37,"married","no","fixed",77,170,0,0,887,887,"positive"
4,"rent",36,27,"separated","no","fixed",47,116,0,0,1300,1700,"positive"
10,"owner",24,34,"married","no","freelance",45,225,25000,0,1300,2063,"negative"
5,"rent",36,63,"married","no","others",50,54,3000,0,550,700,"negative"
4,"rent",48,26,"single","no","fixed",47,124,0,0,1500,1756,"positive"
9,"owner",48,23,"single","no","fixed",35,123,7500,0,800,1111,"negative"
1,"parents",36,28,"married","yes","fixed",60,95,4000,0,500,625,"positive"
7,"other",48,43,"married","yes","fixed",75,160,0,0,1350,1519,"negative"
2,"owner",60,27,"married","yes","fixed",60,115,4000,800,2250,2850,"positive"
2,"owner",48,52,"married","no","fixed",75,218,3000,10,1400,1565,"negative"
10,"owner",60,40,"married","no","freelance",90,301,2000,0,1100,1835,"negative"
12,"owner",48,48,"married","no","fixed",45,293,12000,0,500,600,"negative"
4,"owner",60,33,"married","no","fixed",75,128,3500,100,400,1244,"negative"
14,"rent",60,46,"married","no","freelance",48,25,0,0,1700,2210,"positive"
2,"other",48,29,"married","no","fixed",75,96,6000,3000,1200,1521,"positive"
1,"owner",36,19,"single","no","fixed",45,98,4000,0,200,1330,"negative"
1,"rent",48,35,"married","no","fixed",81,55,1500,0,1300,1440,"positive"
0,"rent",48,37,"married","no","partime",60,154,0,0,1870,2217,"positive"
8,"owner",48,52,"married","no","fixed",60,105,3500,0,1000,1887,"negative"
20,"rent",36,57,"married","no","freelance",102,117,0,0,475,500,"negative"
0,"owner",24,28,"married","no","partime",45,219,6000,0,600,943,"negative"
7,"owner",60,25,"married","no","fixed",60,102,3500,1500,1400,1432,"negative"
1,"rent",48,33,"divorced","no","fixed",60,250,0,0,1300,1573,"positive"
0,"owner",48,37,"married","no","freelance",60,107,18000,1700,800,1015,"negative"
2,"parents",30,23,"single","no","fixed",35,60,0,0,600,1127,"negative"
8,"rent",24,44,"married","no","fixed",68,83,40000,0,1300,1372,"positive"
7,"rent",60,24,"single","no","fixed",44,93,0,0,1100,1519,"negative"
1,"parents",60,25,"single","no","fixed",35,105,0,0,1100,1222,"negative"
4,"parents",36,27,"single","no","fixed",35,70,0,0,700,975,"negative"
15,"owner",60,58,"married","yes","fixed",60,117,6000,0,1500,1670,"positive"
25,"rent",24,45,"separated","no","freelance",53,183,93000,0,1900,3088,"negative"
0,"parents",60,20,"single","no","fixed",35,120,5500,1200,1170,1362,"positive"
28,"owner",36,49,"married","no","fixed",45,90,27000,0,600,1690,"negative"
17,"parents",36,43,"married","no","fixed",75,200,0,0,1000,2355,"negative"
2,"owner",60,38,"married","yes","fixed",75,74,3500,500,1700,1888,"positive"
11,"owner",60,41,"married","no","fixed",60,313,7500,2000,2180,2654,"negative"
1,"owner",36,31,"married","no","fixed",45,197,8000,300,1590,1597,"negative"
30,"owner",30,61,"married","no","fixed",60,320,4000,0,700,1054,"negative"
6,"parents",60,38,"single","no","fixed",35,210,0,0,1200,1823,"negative"
10,"owner",48,50,"married","no","freelance",60,40,12000,0,1000,1303,"negative"
30,"owner",60,65,"married","no","freelance",45,250,80000,0,1700,2290,"negative"
1,"parents",60,22,"single","no","fixed",35,110,3500,0,1300,1517,"negative"
26,"priv",48,60,"married","no","fixed",45,134,4200,2000,700,2684,"negative"
25,"owner",36,59,"single","no","freelance",35,19,5500,1500,425,1175,"negative"
7,"priv",36,24,"single","no","freelance",35,131,7500,0,1350,1406,"negative"
22,"owner",36,45,"married","no","fixed",75,260,3000,0,1200,2267,"negative"
4,"rent",36,34,"married","no","fixed",70,100,0,0,900,1150,"positive"
0,"owner",48,26,"single","no","fixed",35,101,2000,0,1000,1300,"negative"
0,"owner",60,65,"married","no","others",45,69,10000,0,1500,1750,"positive"
30,"rent",36,59,"married","no","freelance",50,52,25000,0,1000,1298,"negative"
13,"parents",36,38,"separated","no","fixed",45,128,0,0,525,625,"negative"
3,"owner",60,27,"married","no","fixed",75,122,4000,0,1400,1702,"negative"
0,"other",36,20,"single","no","partime",45,150,0,0,450,500,"negative"
20,"rent",60,61,"married","no","fixed",81,211,0,0,1475,1475,"negative"
5,"rent",60,31,"married","no","fixed",86,109,0,0,830,1700,"negative"
25,"owner",48,55,"married","no","fixed",60,139,5000,0,1000,1300,"negative"
8,"rent",60,26,"married","no","fixed",59,140,0,0,1400,1538,"negative"
4,"parents",48,21,"single","no","fixed",35,88,25000,0,1100,1200,"negative"
0,"other",48,23,"single","no","fixed",35,60,0,0,1000,1294,"negative"
7,"parents",60,27,"single","no","freelance",35,39,0,0,1000,1678,"negative"
5,"owner",60,43,"married","no","partime",75,120,2000,40,1400,1600,"positive"
10,"owner",60,56,"married","no","fixed",60,161,5000,0,1500,1844,"positive"
1,"parents",60,26,"single","no","fixed",35,90,0,0,1000,1297,"negative"
1,"owner",36,20,"married","no","freelance",45,110,11500,0,700,770,"negative"
0,"rent",36,23,"married","no","partime",81,60,0,0,450,450,"positive"
8,"rent",24,32,"married","yes","fixed",75,154,0,0,750,1258,"negative"
0,"owner",60,44,"married","no","fixed",75,97,6500,0,1000,1147,"negative"
0,"priv",12,39,"married","no","fixed",45,178,2000,0,150,550,"negative"
2,"rent",36,42,"single","no","fixed",45,104,0,0,800,870,"negative"
20,"owner",12,49,"married","no","freelance",60,500,10000,0,1000,3081,"negative"
2,"rent",24,26,"single","no","freelance",55,200,0,0,600,1097,"negative"
0,"other",60,43,"married","no","freelance",75,144,7600,0,1465,1544,"positive"
0,"rent",24,23,"married","yes","fixed",83,80,0,0,425,590,"positive"
2,"owner",60,37,"married","no","fixed",90,137,3000,1,1100,1563,"negative"
3,"parents",60,19,"single","no","fixed",35,218,0,0,1100,1387,"negative"
2,"priv",60,36,"married","no","fixed",75,129,3000,29,900,960,"positive"
2,"rent",60,33,"married","no","fixed",80,196,0,0,1350,1364,"positive"
3,"parents",48,23,"single","no","freelance",35,182,0,0,1100,1427,"positive"
0,"owner",60,23,"married","no","others",60,47,3000,0,820,875,"negative"
10,"rent",60,28,"married","no","fixed",78,325,18,3000,2250,2250,"negative"
24,"owner",36,39,"married","no","fixed",90,90,12000,4000,700,1693,"negative"
12,"rent",60,37,"married","no","freelance",84,92,0,0,1300,1850,"positive"
5,"rent",36,39,"married","yes","fixed",100,250,0,0,1400,3959,"negative"
25,"owner",60,43,"married","no","freelance",60,62,12000,0,1000,1627,"negative"
3,"other",60,21,"single","no","fixed",35,146,0,0,1400,1646,"positive"
17,"rent",48,36,"married","no","fixed",56,105,0,0,1000,1295,"negative"
8,"other",36,30,"married","yes","freelance",75,100,4000,1365,1220,1745,"positive"
10,"owner",24,45,"separated","no","fixed",35,77,14000,0,200,300,"negative"
15,"owner",60,39,"separated","no","freelance",45,54,7000,0,1500,2230,"negative"
0,"other",60,27,"single","no","fixed",35,149,0,0,1500,1601,"positive"
8,"other",48,24,"married","no","fixed",45,56,0,0,770,1129,"negative"
17,"owner",48,43,"married","no","fixed",75,251,5500,0,1100,1664,"negative"
0,"owner",60,34,"married","no","partime",75,65,5000,0,1000,1142,"positive"
0,"owner",48,21,"single","no","partime",60,160,2500,0,1220,1598,"positive"
37,"owner",60,56,"widow","no","fixed",35,300,10000,0,1300,1750,"negative"
10,"owner",60,37,"married","yes","fixed",90,118,4500,0,1200,1296,"negative"
2,"owner",60,30,"married","yes","fixed",45,174,4000,0,2000,2250,"negative"
23,"rent",24,47,"single","no","fixed",44,86,0,0,350,975,"negative"
7,"rent",48,59,"married","no","fixed",83,233,3000,0,1250,1525,"negative"
0,"rent",36,32,"married","no","freelance",89,285,0,0,1000,1304,"positive"
1,"parents",60,29,"married","no","fixed",75,105,10000,0,700,1610,"negative"
27,"owner",60,56,"married","no","fixed",45,122,3000,0,950,1386,"negative"
8,"parents",60,33,"married","no","freelance",75,160,0,0,1200,1506,"negative"
9,"owner",36,24,"married","no","fixed",45,160,4000,2000,450,1388,"negative"
40,"owner",36,62,"married","yes","freelance",45,157,13500,0,1000,1300,"positive"
1,"priv",12,34,"married","yes","fixed",90,65,3000,0,425,1245,"negative"
2,"parents",36,21,"single","no","partime",35,105,0,0,300,495,"negative"
5,"rent",36,27,"married","no","fixed",57,120,0,0,560,1163,"negative"
10,"priv",36,61,"married","no","fixed",75,130,25000,0,350,400,"negative"
5,"parents",36,50,"married","no","others",90,154,0,0,1000,1279,"negative"
2,"parents",48,39,"separated","no","fixed",35,160,0,0,550,2340,"negative"
0,"other",60,31,"single","no","partime",35,128,0,0,900,982,"positive"
5,"owner",60,48,"married","no","fixed",60,187,3000,0,1300,1400,"negative"
11,"owner",36,46,"married","no","fixed",45,120,5000,0,1075,1631,"negative"
0,"owner",60,31,"widow","no","freelance",35,200,4000,0,943,1018,"negative"
5,"owner",18,29,"married","no","fixed",45,142,6000,3000,450,1678,"negative"
8,"owner",48,63,"married","no","fixed",45,107,8000,0,600,790,"negative"
1,"other",48,35,"separated","yes","fixed",35,126,0,0,1300,1696,"positive"
11,"rent",60,28,"married","no","fixed",59,144,0,0,1225,1360,"negative"
6,"rent",60,28,"married","no","fixed",54,90,0,0,1700,1700,"positive"
0,"other",60,22,"single","no","partime",35,55,0,0,1350,1400,"positive"
20,"owner",12,52,"married","no","freelance",60,208,8500,0,400,1202,"negative"
2,"owner",60,31,"married","no","fixed",60,121,4500,800,1450,1600,"negative"
7,"priv",60,29,"married","no","fixed",60,51,3500,500,1000,1290,"negative"
0,"parents",60,25,"married","yes","fixed",45,148,0,0,1400,1557,"positive"
22,"rent",60,51,"married","no","fixed",57,116,0,0,1300,1347,"negative"
15,"owner",36,47,"married","no","fixed",75,152,13000,0,2700,3560,"negative"
1,"parents",36,19,"single","no","partime",35,118,0,0,1200,1426,"negative"
17,"owner",12,47,"married","no","fixed",75,80,2500,0,400,1454,"negative"
3,"parents",12,26,"single","no","fixed",35,120,3500,0,1000,1844,"positive"
6,"owner",6,50,"married","yes","freelance",75,100,30000,0,600,1282,"negative"
12,"owner",60,51,"married","no","fixed",45,144,9000,0,1450,1490,"positive"
6,"owner",48,53,"married","no","freelance",45,90,3500,0,900,1281,"negative"
0,"owner",60,26,"married","no","fixed",45,150,3500,0,1310,1464,"negative"
2,"parents",48,19,"single","no","partime",35,87,0,0,900,1045,"negative"
3,"owner",24,60,"married","no","freelance",90,50,16000,0,2750,2971,"positive"
1,"rent",60,33,"married","no","partime",85,250,5000,0,1700,1878,"positive"
1,"rent",48,36,"married","no","partime",101,112,0,0,1550,1839,"positive"
2,"rent",60,29,"single","no","fixed",47,121,0,0,1100,1100,"negative"
4,"other",60,28,"married","no","fixed",60,143,0,0,1150,1630,"negative"
6,"ignore",24,31,"single","no","fixed",35,250,8000,0,1000,2436,"negative"
1,"rent",18,33,"married","no","freelance",69,244,0,0,600,1150,"negative"
0,"priv",48,45,"married","no","fixed",75,194,3000,100,1000,1429,"negative"
25,"owner",36,50,"married","no","freelance",90,210,75000,0,900,1125,"negative"
5,"rent",60,37,"married","yes","fixed",131,257,0,0,2200,2538,"positive"
28,"owner",42,50,"widow","no","fixed",35,175,6000,0,1150,1397,"negative"
3,"owner",60,38,"married","no","partime",75,90,3000,0,930,1135,"negative"
15,"owner",48,31,"married","no","fixed",60,171,7000,0,1200,1290,"negative"
15,"owner",36,58,"married","no","freelance",60,159,9000,0,687,687,"negative"
20,"owner",18,52,"married","yes","fixed",75,166,50000,0,800,1017,"negative"
10,"owner",36,26,"married","no","fixed",60,100,3000,1800,500,690,"negative"
1,"priv",36,34,"married","no","fixed",45,100,1800,1500,700,1296,"negative"
18,"other",60,43,"married","no","fixed",75,160,0,0,2000,2240,"negative"
0,"parents",36,24,"single","no","freelance",35,59,0,0,500,1400,"negative"
1,"parents",60,21,"single","no","fixed",35,142,3500,0,1650,2151,"negative"
11,"owner",60,30,"single","no","fixed",35,53,875,325,750,850,"negative"
13,"owner",24,32,"married","no","fixed",75,305,8000,0,1400,2060,"negative"
5,"owner",60,35,"married","no","fixed",75,185,5000,1500,1350,1553,"negative"
2,"priv",60,32,"married","yes","fixed",75,142,4000,0,1300,1566,"positive"
5,"owner",60,36,"married","no","fixed",75,107,12000,2000,600,1735,"negative"
11,"owner",60,38,"married","no","fixed",60,153,3000,0,1650,1816,"negative"
10,"parents",60,30,"separated","yes","fixed",35,66,0,0,280,855,"positive"
1,"rent",60,41,"married","no","fixed",52,65,0,0,850,882,"positive"
0,"owner",36,61,"married","no","others",45,111,6000,0,750,857,"negative"
3,"owner",60,22,"single","no","freelance",35,100,10000,0,800,990,"positive"
10,"owner",24,47,"married","no","fixed",60,131,6000,0,250,1400,"negative"
25,"priv",36,49,"married","no","fixed",60,125,5000,0,400,1062,"negative"
3,"parents",60,23,"single","no","freelance",35,110,8000,2000,1550,1750,"negative"
18,"owner",24,52,"married","no","fixed",75,113,11000,0,370,1555,"negative"
2,"other",36,25,"single","no","fixed",35,80,0,0,600,1104,"negative"
23,"owner",24,57,"married","no","fixed",45,93,2500,0,600,1118,"negative"
28,"owner",60,57,"widow","yes","fixed",35,227,15000,0,1700,1875,"positive"
6,"parents",60,28,"separated","no","fixed",35,81,0,0,1500,1878,"negative"
3,"rent",60,31,"married","no","fixed",101,110,0,0,1150,1152,"positive"
5,"other",36,49,"married","no","others",60,44,8000,0,400,428,"negative"
20,"owner",36,35,"married","no","fixed",75,175,12000,0,1500,1700,"negative"
1,"rent",60,24,"married","no","fixed",57,124,0,0,1530,1586,"positive"
30,"owner",48,47,"married","no","fixed",60,140,8000,0,1100,1298,"negative"
18,"owner",60,49,"widow","no","fixed",35,117,4000,0,1000,1057,"negative"
15,"owner",48,32,"married","no","fixed",60,140,3500,0,795,1458,"negative"
0,"owner",36,29,"married","yes","fixed",45,157,8000,0,600,1314,"negative"
20,"owner",36,51,"married","yes","fixed",75,228,4000,0,1200,1620,"negative"
3,"parents",48,22,"single","no","fixed",35,50,0,0,1100,1382,"negative"
5,"other",36,54,"married","no","fixed",45,300,0,0,800,1180,"negative"
3,"rent",48,33,"single","no","freelance",45,100,0,0,1350,1518,"positive"
5,"owner",18,31,"married","no","fixed",75,153,5000,0,800,1615,"negative"
15,"owner",48,43,"married","no","freelance",60,100,18000,0,2500,2976,"negative"
0,"owner",36,28,"married","no","fixed",45,142,8000,4000,900,1888,"negative"
2,"parents",60,22,"single","no","fixed",35,151,0,0,1100,1481,"negative"
6,"other",30,22,"single","no","fixed",35,73,0,0,1086,1086,"negative"
17,"owner",60,42,"married","no","fixed",75,134,3500,0,1000,1594,"negative"
4,"owner",60,28,"married","no","freelance",60,125,10000,3500,1200,2100,"negative"
1,"rent",48,27,"married","no","freelance",76,160,0,0,1700,1985,"negative"
30,"owner",60,49,"widow","no","fixed",35,120,4000,0,1100,1152,"negative"
1,"rent",60,29,"married","no","fixed",84,86,0,0,1350,1743,"positive"
5,"owner",60,48,"married","yes","fixed",90,100,2000,792,1000,1034,"positive"
0,"owner",36,35,"married","no","freelance",75,190,4000,0,1300,2125,"negative"
17,"parents",60,32,"married","no","fixed",75,200,6000,0,1300,1682,"negative"
22,"parents",36,40,"married","no","fixed",75,126,0,0,1000,1688,"negative"
1,"owner",60,35,"married","no","fixed",75,155,3000,0,1250,1391,"negative"
8,"other",36,29,"married","yes","fixed",60,170,0,0,800,1000,"positive"
8,"owner",24,46,"married","no","fixed",75,200,5000,0,740,2095,"negative"
0,"owner",24,38,"married","no","fixed",75,87,3000,0,500,1214,"negative"
3,"rent",48,36,"married","no","fixed",85,104,5000,0,1700,1797,"negative"
1,"rent",48,27,"single","no","partime",45,101,4000,0,1600,2075,"negative"
3,"owner",60,58,"married","yes","fixed",45,150,10000,0,1000,1000,"negative"
4,"owner",60,34,"single","no","others",45,75,2500,0,1150,1497,"negative"
3,"owner",60,35,"married","no","fixed",60,104,5000,0,1000,1317,"negative"
5,"priv",36,50,"married","no","fixed",60,165,8000,0,750,875,"positive"
2,"rent",60,45,"married","no","freelance",88,129,0,0,850,1044,"negative"
22,"rent",60,40,"married","no","freelance",91,160,7000,0,1600,1700,"negative"
0,"rent",36,26,"married","no","fixed",95,198,0,0,575,650,"negative"
18,"owner",48,32,"married","no","fixed",75,71,4000,39,660,1461,"positive"
20,"rent",60,44,"married","no","fixed",91,162,3000,0,1500,1519,"negative"
20,"owner",60,34,"married","no","fixed",75,61,1500,700,800,1177,"negative"
35,"other",60,54,"married","no","fixed",75,156,0,0,950,1164,"negative"
6,"rent",60,29,"single","no","fixed",45,95,2500,0,1250,1490,"negative"
25,"owner",48,52,"married","no","fixed",45,200,3000,0,800,1300,"negative"
5,"owner",48,33,"married","no","fixed",75,158,4000,1100,1250,1550,"negative"
8,"parents",60,24,"single","no","fixed",35,110,0,0,1250,1500,"negative"
11,"priv",36,44,"married","no","fixed",90,89,2000,100,250,450,"positive"
7,"rent",60,49,"married","yes","fixed",67,68,0,0,1300,1500,"positive"
2,"parents",30,25,"married","no","freelance",35,31,0,0,250,550,"positive"
10,"other",60,31,"married","no","fixed",45,125,0,0,1200,1682,"negative"
17,"owner",60,51,"single","no","fixed",35,155,3000,0,1250,1668,"negative"
2,"owner",60,24,"married","yes","fixed",60,110,6500,2000,1450,1450,"positive"
1,"parents",60,27,"single","no","partime",35,82,8000,0,1100,1300,"positive"
1,"parents",48,22,"single","no","freelance",35,70,3000,2000,1300,1491,"positive"
1,"rent",60,24,"married","no","fixed",57,124,0,0,1350,1427,"positive"
5,"owner",60,36,"married","no","fixed",90,223,4000,0,1660,1838,"negative"
10,"owner",48,36,"married","no","partime",75,82,3000,0,1000,1400,"negative"
7,"owner",36,51,"married","no","fixed",75,100,12000,0,1000,1300,"negative"
15,"owner",18,39,"married","no","freelance",75,275,14000,0,700,2243,"negative"
0,"other",18,22,"single","no","partime",35,150,0,0,175,475,"negative"
6,"owner",36,23,"married","no","fixed",45,117,3000,50,600,940,"negative"
15,"owner",12,46,"married","no","freelance",45,265,7000,0,400,1127,"negative"
1,"rent",36,27,"married","no","fixed",55,100,0,0,1000,1300,"negative"
13,"owner",36,51,"married","yes","fixed",45,382,5000,1000,1400,2438,"negative"
3,"parents",60,30,"single","no","fixed",35,86,0,0,750,829,"negative"
10,"priv",60,44,"married","no","freelance",60,70,15000,2880,1150,1297,"positive"
11,"owner",60,26,"married","no","fixed",45,120,5000,0,1350,1498,"negative"
35,"owner",48,50,"single","no","freelance",35,100,12000,0,800,1161,"negative"
10,"owner",60,47,"married","no","freelance",60,85,15000,0,1500,1813,"negative"
10,"owner",60,40,"married","no","fixed",105,125,6500,0,1500,1800,"negative"
0,"rent",48,32,"single","no","fixed",41,60,0,0,800,1566,"positive"
3,"owner",60,39,"married","no","fixed",90,150,5000,0,850,996,"positive"
28,"owner",24,53,"married","no","fixed",75,110,3500,0,500,788,"negative"
2,"owner",36,40,"married","no","freelance",105,144,6000,0,2000,2532,"negative"
1,"owner",60,33,"married","no","freelance",75,122,3500,2900,1400,1803,"negative"
1,"owner",48,36,"married","no","fixed",60,75,5500,0,1085,1736,"negative"
2,"rent",12,66,"married","no","others",51,60,20000,0,500,1504,"negative"
1,"owner",12,22,"single","no","fixed",45,80,3500,0,200,1156,"negative"
0,"owner",60,28,"married","no","fixed",35,78,9500,0,1400,1850,"positive"
3,"owner",48,25,"single","no","fixed",35,125,4000,0,1000,1301,"negative"
2,"other",48,29,"single","no","fixed",35,60,0,0,700,1100,"negative"
3,"owner",54,33,"married","no","fixed",75,366,7000,0,500,1116,"negative"
6,"owner",36,37,"married","no","fixed",60,230,15000,4500,1740,2340,"negative"
6,"rent",60,46,"married","no","fixed",82,217,0,0,1245,1503,"negative"
11,"parents",48,50,"married","no","fixed",105,60,0,0,1500,1637,"positive"
7,"rent",36,44,"married","no","fixed",85,101,6000,0,400,400,"negative"
15,"rent",6,41,"married","no","freelance",93,175,20000,1000,500,1825,"negative"
6,"owner",36,38,"married","no","freelance",90,130,7000,300,800,960,"negative"
4,"owner",60,26,"single","no","fixed",35,130,3000,0,700,1504,"negative"
6,"rent",60,41,"divorced","yes","fixed",55,97,7000,5000,1900,2260,"positive"
0,"owner",36,40,"married","no","fixed",75,126,8000,0,2000,2261,"negative"
1,"parents",36,23,"single","no","partime",35,56,0,0,500,550,"negative"
12,"owner",18,31,"married","yes","fixed",60,153,4500,400,600,1850,"negative"
2,"other",36,44,"married","yes","freelance",120,150,0,0,800,800,"negative"
30,"rent",6,49,"married","yes","freelance",81,208,2000,0,800,1804,"negative"
23,"owner",60,45,"married","yes","fixed",60,248,10000,0,1400,2099,"negative"
10,"owner",36,30,"married","no","fixed",60,123,8000,2100,800,2200,"negative"
18,"owner",36,33,"married","no","freelance",75,68,9000,3000,850,1340,"negative"
6,"rent",12,33,"married","no","fixed",85,250,0,0,500,1500,"negative"
10,"owner",12,48,"married","no","fixed",75,165,4000,0,300,850,"negative"
3,"rent",60,31,"married","yes","partime",58,130,0,0,1500,1537,"positive"
0,"owner",24,54,"married","yes","freelance",45,185,60000,0,1400,1640,"positive"
6,"parents",36,28,"married","no","fixed",75,83,7000,0,675,775,"positive"
7,"owner",36,34,"married","no","fixed",60,190,5000,0,600,848,"negative"
3,"owner",48,37,"widow","no","others",45,110,10000,0,1700,2481,"negative"
9,"rent",60,30,"single","no","fixed",48,126,0,0,600,1054,"positive"
1,"rent",36,43,"married","no","fixed",92,173,0,0,550,590,"negative"
0,"owner",12,21,"single","no","fixed",35,147,1500,0,350,350,"negative"
2,"rent",60,34,"married","no","fixed",91,160,0,0,1100,1378,"negative"
7,"other",36,33,"married","yes","fixed",75,300,30000,0,800,1151,"negative"
0,"owner",24,58,"married","yes","fixed",45,150,4000,0,600,1607,"positive"
10,"owner",24,47,"married","no","freelance",135,150,4500,0,350,1097,"negative"
2,"parents",60,54,"single","no","freelance",35,120,0,0,600,847,"positive"
20,"parents",60,46,"single","no","fixed",35,108,8000,0,550,1106,"negative"
4,"owner",60,26,"single","yes","fixed",35,155,4000,0,1350,1610,"negative"
8,"owner",48,53,"married","no","fixed",45,147,8000,700,750,797,"negative"
0,"parents",60,23,"single","no","others",35,46,0,0,1340,1340,"positive"
7,"owner",60,52,"widow","no","fixed",35,112,4500,0,1350,1445,"negative"
7,"owner",60,55,"married","no","fixed",45,89,5000,0,1250,1455,"negative"
0,"owner",48,44,"married","no","partime",75,120,4000,0,900,1204,"negative"
5,"owner",60,37,"married","no","others",75,145,3000,672,1300,1510,"negative"
5,"parents",60,29,"single","no","freelance",35,115,12000,0,1200,1553,"negative"
10,"rent",60,31,"married","no","fixed",59,138,0,0,1600,1796,"negative"
1,"other",60,27,"single","no","fixed",35,125,4000,1200,1500,1558,"negative"
2,"owner",48,24,"single","no","fixed",35,157,6000,0,1000,1347,"negative"
1,"owner",36,35,"married","no","freelance",75,43,3000,280,800,950,"positive"
28,"rent",48,51,"married","no","fixed",112,373,15000,0,1300,2093,"negative"
0,"other",36,37,"married","no","others",75,75,0,0,500,800,"positive"
1,"priv",36,28,"married","no","fixed",60,110,4500,0,350,450,"negative"
1,"owner",42,38,"married","no","fixed",75,174,8000,0,1300,1683,"negative"
0,"rent",48,21,"single","no","partime",50,148,0,0,1500,1575,"positive"
3,"parents",60,28,"single","no","fixed",35,187,0,0,700,873,"negative"
1,"owner",48,27,"married","no","fixed",45,90,5000,0,350,1680,"negative"
2,"rent",36,32,"married","no","fixed",67,224,0,0,750,900,"negative"
5,"rent",60,39,"married","no","fixed",93,178,0,0,1100,1338,"negative"
3,"owner",36,26,"married","no","fixed",45,133,26000,0,1000,1300,"negative"
4,"rent",48,34,"married","no","fixed",79,185,0,0,750,1431,"negative"
2,"owner",36,47,"married","no","fixed",60,70,5000,0,1200,1397,"negative"
15,"owner",36,51,"married","yes","freelance",45,160,15000,0,2000,3318,"negative"
0,"parents",12,27,"single","no","freelance",45,857,35000,0,1000,2000,"negative"
3,"rent",60,42,"married","no","fixed",105,150,25000,0,1000,1338,"negative"
5,"rent",60,47,"single","yes","fixed",46,106,8500,0,2500,2664,"positive"
0,"parents",48,26,"single","no","fixed",35,120,0,0,1100,1100,"positive"
16,"owner",60,42,"married","no","fixed",75,100,2000,0,1050,1490,"negative"
14,"rent",36,32,"married","no","fixed",87,120,0,0,550,750,"negative"
5,"owner",48,40,"married","no","freelance",75,61,11000,770,1200,1483,"negative"
2,"owner",60,25,"married","no","fixed",45,79,6000,2700,1300,1681,"negative"
14,"rent",48,28,"married","no","fixed",60,146,0,0,1450,1474,"negative"
8,"parents",60,32,"separated","no","fixed",75,118,3500,0,1350,1729,"negative"
2,"parents",36,24,"single","no","fixed",35,69,3000,0,600,1604,"negative"
15,"owner",60,52,"married","yes","fixed",60,130,4000,0,1300,1450,"positive"
0,"owner",60,36,"married","no","partime",90,113,4000,198,400,790,"positive"
3,"owner",6,27,"married","no","fixed",60,150,4000,1500,400,1300,"negative"
0,"owner",24,63,"widow","no","others",35,92,40000,0,1150,2244,"negative"
4,"priv",60,23,"married","yes","fixed",75,100,8000,1000,800,949,"positive"
1,"rent",60,21,"single","no","partime",41,60,0,0,850,930,"positive"
1,"parents",36,25,"single","no","partime",35,53,0,0,600,1415,"positive"
12,"parents",36,30,"single","no","fixed",35,59,0,0,600,1206,"negative"
2,"owner",60,45,"married","no","fixed",75,165,3000,0,900,1500,"negative"
1,"parents",30,22,"single","no","fixed",35,111,0,0,775,1100,"negative"
16,"owner",60,32,"married","no","fixed",60,93,4000,1100,800,1246,"negative"
3,"priv",36,20,"married","no","fixed",45,50,1500,100,1000,1387,"negative"
1,"owner",60,29,"married","yes","fixed",60,111,4000,2000,750,856,"negative"
7,"owner",12,23,"married","no","fixed",45,60,3500,0,500,1595,"negative"
12,"rent",18,27,"married","no","fixed",67,68,0,0,100,675,"negative"
14,"owner",60,37,"married","yes","fixed",75,60,2500,0,1500,1648,"positive"
10,"owner",24,53,"married","yes","fixed",60,60,3000,0,1750,2038,"positive"
20,"rent",24,40,"married","no","fixed",87,117,0,0,350,350,"negative"
15,"owner",36,38,"married","yes","freelance",45,110,7000,0,450,550,"negative"
8,"owner",36,52,"married","no","fixed",60,65,5000,0,625,725,"negative"
4,"owner",60,31,"married","no","fixed",60,177,3000,0,1300,1409,"negative"
13,"owner",60,50,"married","no","fixed",45,90,3000,0,800,1268,"negative"
4,"parents",60,32,"single","no","fixed",35,150,0,0,700,2061,"negative"
5,"parents",48,28,"married","no","fixed",45,120,0,0,1100,1537,"negative"
0,"owner",60,22,"single","no","partime",45,150,4000,0,1550,1657,"negative"
7,"owner",36,31,"married","no","fixed",45,180,9000,1600,700,1400,"negative"
7,"rent",24,32,"single","no","freelance",67,320,0,0,2000,3400,"negative"
6,"owner",60,50,"married","no","fixed",60,260,6000,0,1650,1800,"negative"
0,"priv",36,60,"married","no","fixed",60,140,3000,0,1000,2050,"negative"
11,"owner",36,55,"divorced","no","fixed",35,182,2000,0,500,1135,"negative"
3,"owner",60,33,"married","no","fixed",60,129,3436,2686,800,880,"negative"
2,"owner",60,38,"married","no","fixed",60,88,3500,500,1100,1263,"negative"
16,"owner",36,43,"married","no","fixed",90,350,11000,0,600,2467,"negative"
7,"owner",60,44,"married","no","freelance",90,190,10000,0,1350,1527,"negative"
2,"rent",60,30,"married","yes","fixed",52,70,0,0,950,1175,"negative"
14,"owner",36,50,"married","no","fixed",45,80,2500,0,600,1180,"negative"
2,"rent",60,39,"married","yes","fixed",89,140,0,0,1500,1967,"positive"
13,"owner",60,27,"married","no","fixed",60,112,3000,1485,800,1200,"negative"
15,"rent",60,39,"married","no","fixed",90,150,0,0,1450,1450,"positive"
8,"rent",36,30,"married","no","fixed",71,112,8000,0,1000,1175,"negative"
0,"rent",60,33,"married","no","freelance",85,100,0,0,1150,1760,"positive"
4,"rent",60,34,"married","no","partime",84,85,0,0,800,1293,"negative"
17,"owner",48,34,"married","no","fixed",60,162,3500,0,1250,1650,"negative"
0,"parents",60,25,"single","yes","fixed",35,95,8000,0,1250,1742,"positive"
20,"owner",12,47,"married","no","freelance",90,400,15000,1000,800,2335,"negative"
6,"other",12,60,"married","no","freelance",90,700,28000,0,1350,1612,"negative"
4,"priv",48,30,"married","no","fixed",105,72,2500,750,1200,1410,"positive"
5,"owner",48,39,"married","yes","freelance",45,100,30000,0,1550,2294,"negative"
12,"other",36,41,"single","no","fixed",35,100,0,0,500,1600,"negative"
5,"owner",60,31,"separated","yes","fixed",35,64,5000,0,400,824,"negative"
40,"owner",24,60,"married","no","freelance",45,80,7500,0,325,1365,"negative"
0,"owner",36,21,"single","no","fixed",45,206,4000,0,1500,1600,"negative"
20,"owner",48,51,"married","yes","fixed",45,213,5000,1000,1100,1376,"positive"
6,"rent",48,34,"married","no","fixed",87,120,0,0,1150,1400,"negative"
2,"rent",60,26,"married","no","partime",85,97,6000,0,1070,1172,"negative"
2,"owner",48,30,"married","no","fixed",75,180,4000,0,1500,2065,"negative"
1,"parents",60,24,"single","no","fixed",35,70,0,0,1750,1750,"positive"
14,"owner",60,49,"married","no","freelance",60,103,36000,0,1300,1648,"negative"
1,"rent",60,55,"married","yes","fixed",91,157,0,0,2500,2860,"positive"
21,"priv",60,36,"married","no","fixed",45,179,3500,0,2000,2220,"positive"
1,"other",48,32,"married","no","fixed",60,69,0,0,2000,2580,"positive"
40,"owner",24,63,"married","no","fixed",45,250,55000,0,1000,1751,"negative"
4,"priv",60,27,"married","no","fixed",45,53,2500,300,780,861,"negative"
2,"parents",36,22,"single","no","fixed",35,52,0,0,800,1762,"negative"
6,"owner",60,38,"married","no","fixed",90,145,3000,0,1800,2218,"negative"
1,"owner",12,27,"married","no","fixed",45,70,6000,5700,600,1628,"negative"
6,"rent",60,31,"married","yes","fixed",86,113,0,0,1150,1736,"positive"
20,"owner",36,48,"married","no","fixed",75,303,8000,0,1000,1831,"negative"
3,"rent",48,33,"married","no","freelance",89,291,0,0,900,1041,"negative"
0,"owner",18,20,"single","no","partime",35,180,4000,0,700,960,"negative"
2,"parents",48,20,"single","no","fixed",35,136,0,0,900,1022,"positive"
4,"other",48,41,"married","yes","freelance",45,140,0,0,1000,1250,"positive"
3,"rent",48,36,"married","no","fixed",71,105,0,0,350,1526,"negative"
4,"owner",36,27,"married","no","fixed",60,94,12000,0,1000,1888,"negative"
8,"owner",60,36,"married","no","fixed",75,219,8500,800,1600,1852,"negative"
1,"parents",36,29,"single","no","fixed",35,66,0,0,700,1018,"negative"
1,"rent",60,23,"married","no","fixed",54,92,0,0,1000,1300,"negative"
2,"other",36,29,"single","no","fixed",35,70,0,0,300,850,"negative"
7,"owner",60,39,"married","no","fixed",90,142,6000,0,1300,1534,"negative"
18,"owner",60,38,"married","no","fixed",75,138,6000,0,1000,2018,"negative"
15,"owner",36,47,"married","no","fixed",75,230,13000,1400,1400,1568,"negative"
9,"owner",36,43,"married","no","freelance",90,142,24000,0,2500,2700,"negative"
30,"owner",24,58,"married","no","freelance",60,216,11000,0,983,1200,"negative"
15,"parents",18,30,"married","no","fixed",45,260,8000,1500,500,2071,"negative"
1,"parents",36,24,"single","no","fixed",35,60,0,0,1000,1602,"negative"
7,"rent",60,25,"married","no","fixed",51,63,0,0,1100,1297,"positive"
12,"rent",36,51,"married","no","fixed",74,139,0,0,600,690,"negative"
12,"rent",48,47,"married","no","freelance",75,300,0,0,2000,2196,"positive"
14,"owner",60,53,"married","no","freelance",45,65,3500,0,1800,1979,"positive"
2,"parents",48,32,"married","no","fixed",60,167,2000,0,1450,1698,"negative"
2,"rent",36,35,"single","no","fixed",47,120,0,0,900,1200,"positive"
13,"parents",48,31,"married","no","fixed",75,80,0,0,1000,1575,"negative"
3,"owner",60,38,"married","no","freelance",60,100,18000,0,1500,2360,"negative"
15,"owner",60,44,"married","no","fixed",75,240,10000,7000,1000,1026,"positive"
8,"priv",60,47,"married","no","freelance",75,178,2500,0,1600,1661,"negative"
14,"owner",36,33,"married","no","fixed",60,92,7000,0,800,1115,"negative"
7,"parents",30,29,"single","no","fixed",35,250,3500,0,500,1634,"negative"
0,"owner",60,29,"married","no","partime",75,70,4500,0,1150,1683,"negative"
14,"owner",60,30,"married","no","fixed",45,120,6500,3000,760,895,"negative"
6,"owner",36,28,"married","no","fixed",45,89,5000,0,800,1054,"negative"
5,"owner",48,55,"married","no","freelance",90,41,30000,0,850,1344,"negative"
29,"owner",60,52,"married","no","fixed",60,212,2200,0,1250,1301,"negative"
2,"rent",36,24,"married","no","fixed",71,113,0,0,700,1338,"negative"
32,"rent",36,52,"married","no","fixed",63,180,0,0,1100,1489,"negative"
12,"owner",60,34,"married","no","fixed",75,172,10000,3900,1000,1568,"negative"
2,"owner",60,27,"single","no","fixed",60,46,3000,0,700,1130,"positive"
5,"parents",48,53,"married","no","fixed",60,50,0,0,650,869,"negative"
1,"priv",48,41,"married","no","partime",75,80,4000,30,1100,1409,"positive"
3,"owner",60,32,"married","no","fixed",90,254,14000,10500,1650,2200,"positive"
9,"parents",60,32,"married","no","freelance",75,160,2000,0,1200,1541,"negative"
4,"owner",60,22,"single","no","others",35,130,4000,0,750,997,"negative"
25,"owner",36,55,"married","no","freelance",60,100,50000,0,1400,1705,"negative"
1,"priv",24,55,"married","no","fixed",60,184,15000,0,1600,4200,"negative"
1,"rent",60,56,"married","no","partime",88,133,0,0,750,784,"positive"
11,"rent",48,31,"married","no","fixed",67,66,6200,0,1000,1541,"negative"
0,"owner",36,35,"married","yes","fixed",75,120,4000,0,900,975,"positive"
4,"owner",36,45,"married","yes","fixed",60,98,2500,0,450,575,"negative"
1,"parents",60,22,"single","no","fixed",35,45,0,0,1350,1520,"positive"
1,"owner",60,25,"married","no","fixed",45,171,15000,0,550,2055,"negative"
9,"parents",60,35,"married","no","fixed",60,118,0,0,1000,1656,"negative"
12,"owner",36,56,"married","no","fixed",75,205,5500,1950,275,300,"negative"
4,"owner",60,38,"married","no","fixed",75,145,4500,0,1450,1657,"negative"
2,"priv",36,34,"married","yes","fixed",105,135,1200,0,400,425,"positive"
0,"priv",48,46,"married","no","partime",75,125,8500,0,1575,1702,"positive"
12,"owner",48,31,"divorced","no","fixed",35,117,4000,0,660,933,"negative"
27,"owner",36,46,"married","yes","fixed",60,260,15000,8000,690,1242,"negative"
1,"parents",60,41,"married","yes","fixed",75,251,0,0,1450,2009,"negative"
2,"rent",36,29,"married","no","fixed",88,130,0,0,500,600,"negative"
2,"owner",36,50,"married","yes","fixed",45,185,4000,0,950,950,"positive"
2,"rent",48,37,"separated","no","fixed",50,148,0,0,700,1805,"negative"
3,"priv",60,32,"married","yes","fixed",60,200,4500,2000,1600,1759,"positive"
1,"rent",48,46,"married","no","fixed",95,200,0,0,1420,1595,"negative"
3,"owner",48,28,"married","no","partime",75,61,4000,50,1250,1484,"negative"
3,"owner",60,58,"married","no","fixed",75,150,5000,0,1100,2035,"negative"
19,"owner",36,37,"married","no","fixed",75,170,2500,0,950,1339,"negative"
1,"priv",60,24,"married","no","fixed",45,115,14500,0,1400,1675,"negative"
25,"owner",24,54,"married","no","freelance",75,215,15000,0,1500,2070,"negative"
8,"rent",60,34,"married","no","partime",81,60,0,0,600,1400,"negative"
30,"owner",36,56,"married","no","fixed",60,150,2000,0,400,450,"negative"
15,"owner",60,33,"married","no","fixed",90,144,3000,200,960,960,"negative"
18,"owner",18,50,"married","no","fixed",60,75,3000,0,280,434,"negative"
4,"rent",12,21,"single","no","fixed",52,70,0,0,400,700,"negative"
13,"owner",36,61,"married","no","freelance",60,120,2500,0,600,980,"negative"
13,"rent",60,53,"separated","no","fixed",57,222,4600,0,1000,2300,"negative"
4,"rent",60,21,"single","no","fixed",47,120,8000,0,2100,2100,"negative"
1,"rent",60,24,"married","no","fixed",77,165,0,0,1500,1736,"negative"
25,"owner",48,44,"married","no","freelance",75,250,20000,0,700,1100,"negative"
10,"other",12,31,"married","no","others",90,65,0,0,225,375,"positive"
6,"parents",60,31,"married","yes","fixed",45,94,0,0,500,1418,"negative"
0,"rent",36,42,"single","no","partime",49,141,0,0,800,1165,"positive"
20,"priv",36,46,"married","no","fixed",60,150,2000,0,910,1128,"negative"
0,"parents",36,23,"single","yes","partime",35,66,0,0,1000,1200,"positive"
4,"owner",60,64,"married","no","others",45,82,8000,0,1000,1590,"negative"
0,"owner",48,45,"married","no","fixed",90,156,5000,0,1350,1357,"positive"
12,"owner",60,40,"married","no","fixed",75,114,6000,192,1330,1935,"negative"
2,"owner",36,42,"married","no","partime",75,92,3000,0,550,850,"negative"
2,"owner",30,32,"married","no","fixed",90,74,1500,0,500,650,"positive"
0,"owner",48,31,"married","no","fixed",75,178,5000,0,1100,1487,"negative"
3,"owner",12,57,"married","no","fixed",45,150,19000,1408,550,800,"negative"
2,"parents",36,36,"married","no","freelance",90,59,0,0,500,715,"positive"
4,"parents",60,26,"single","no","freelance",35,60,0,0,600,710,"negative"
5,"owner",48,32,"married","no","freelance",75,110,9500,0,1195,1244,"negative"
20,"rent",60,38,"married","no","fixed",75,150,0,0,1150,1450,"negative"
12,"parents",48,38,"separated","no","fixed",35,154,0,0,1300,2094,"negative"
6,"owner",60,29,"married","no","fixed",60,220,15000,4500,1200,1256,"negative"
5,"parents",24,27,"single","no","freelance",35,115,10000,0,325,425,"negative"
1,"parents",60,30,"single","no","fixed",35,113,0,0,930,955,"negative"
1,"owner",48,33,"married","no","freelance",60,198,3000,0,1800,2196,"positive"
0,"ignore",48,37,"married","no","fixed",60,80,18000,0,900,975,"positive"
7,"rent",60,60,"married","no","fixed",68,77,4000,0,800,1054,"negative"
8,"rent",48,26,"married","no","freelance",82,219,0,0,1400,1635,"negative"
1,"owner",48,42,"separated","no","freelance",75,310,3500,0,1300,1700,"negative"
20,"rent",60,45,"married","yes","freelance",93,175,1500,0,1500,1645,"negative"
18,"owner",60,35,"married","no","fixed",75,179,7000,3200,1000,1455,"negative"
4,"parents",60,28,"divorced","no","fixed",35,185,0,0,1500,1797,"negative"
14,"owner",60,29,"married","no","fixed",60,210,8000,2500,1100,2050,"negative"
0,"rent",60,25,"married","no","fixed",53,77,0,0,870,920,"negative"
30,"owner",36,52,"married","no","freelance",45,33,3000,0,600,1011,"negative"
0,"rent",36,36,"married","no","partime",82,70,3500,0,500,1350,"positive"
1,"parents",60,23,"married","no","partime",45,83,0,0,1140,1461,"positive"
10,"owner",36,40,"married","no","freelance",90,17,9000,0,450,550,"positive"
2,"owner",24,20,"single","no","fixed",45,176,5000,0,700,1299,"negative"
1,"parents",48,23,"single","no","fixed",35,65,0,0,400,1195,"negative"
1,"rent",60,35,"married","no","partime",83,76,10000,0,1000,1350,"negative"
19,"ignore",36,43,"married","no","fixed",75,110,2000,300,700,1553,"negative"
0,"owner",24,33,"separated","no","fixed",35,170,3000,0,600,1589,"negative"
5,"other",60,42,"married","no","fixed",75,95,0,0,1000,1067,"positive"
2,"owner",48,43,"married","no","partime",60,95,4000,1300,700,975,"positive"
0,"rent",18,24,"single","no","partime",39,40,0,0,300,460,"positive"
12,"owner",60,34,"married","yes","fixed",75,165,5000,1500,1600,1682,"negative"
1,"owner",60,46,"married","no","fixed",75,50,2000,0,750,1302,"positive"
14,"owner",60,45,"married","yes","fixed",60,164,4000,0,1050,1383,"negative"
2,"parents",48,25,"married","no","freelance",60,150,0,0,1000,1300,"negative"
1,"other",30,20,"single","no","fixed",35,90,0,0,450,500,"positive"
3,"owner",60,30,"married","no","fixed",45,200,10000,2969,1650,1750,"negative"
1,"rent",60,35,"widow","no","fixed",45,100,0,0,1250,1400,"negative"
22,"parents",36,38,"married","no","fixed",75,110,2000,0,780,1785,"negative"
30,"owner",48,59,"married","no","fixed",45,150,4000,0,660,933,"negative"
1,"parents",48,40,"married","no","fixed",75,121,0,0,1320,1600,"negative"
5,"rent",48,34,"divorced","no","freelance",57,120,9000,0,950,1290,"negative"
17,"owner",60,57,"married","no","fixed",60,106,4000,0,870,979,"negative"
3,"rent",36,23,"married","no","partime",53,79,0,0,600,650,"negative"
1,"rent",48,34,"single","no","fixed",45,98,6000,800,900,980,"negative"
35,"owner",60,52,"married","no","freelance",45,90,14000,0,2900,4600,"negative"
1,"parents",48,22,"single","no","fixed",35,210,0,0,1575,2082,"negative"
12,"owner",60,27,"married","no","fixed",60,160,2500,270,1400,1461,"negative"
2,"owner",60,27,"married","no","fixed",45,120,5000,400,1000,1140,"negative"
7,"other",60,26,"married","yes","fixed",45,211,0,0,1400,1531,"negative"
17,"owner",60,46,"married","yes","fixed",75,80,3000,0,900,1286,"positive"
1,"other",60,23,"single","no","partime",35,70,0,0,1050,1190,"negative"
3,"owner",60,60,"married","yes","others",45,67,10000,0,1000,1683,"negative"
7,"parents",60,27,"married","no","freelance",45,71,0,0,1500,1800,"negative"
13,"rent",60,36,"married","no","fixed",84,92,0,0,1200,1271,"negative"
15,"parents",24,46,"married","no","fixed",60,158,0,0,1000,1923,"negative"
0,"owner",12,65,"married","no","others",60,115,3500,0,200,431,"negative"
0,"rent",24,30,"married","no","partime",83,80,0,0,500,650,"positive"
5,"rent",60,37,"married","no","fixed",93,176,0,0,1800,2450,"negative"
10,"owner",36,56,"married","yes","freelance",90,321,26000,0,975,1576,"negative"
7,"owner",36,24,"married","no","fixed",60,112,3500,0,1100,1460,"negative"
0,"rent",60,28,"married","no","fixed",53,75,0,0,1100,1168,"positive"
10,"owner",24,50,"married","no","freelance",60,100,4000,0,700,1461,"negative"
2,"rent",48,31,"single","no","fixed",43,75,0,0,800,900,"negative"
12,"owner",48,51,"married","no","fixed",60,80,10000,0,1600,1661,"negative"
2,"rent",60,30,"married","no","fixed",92,170,0,0,1300,1525,"negative"
20,"other",60,62,"married","no","others",75,140,0,0,1300,1371,"negative"
0,"owner",60,38,"married","yes","partime",75,120,3500,0,1500,1702,"positive"
12,"owner",60,50,"married","no","fixed",60,100,8000,0,1050,1657,"negative"
15,"owner",48,44,"married","no","fixed",60,200,3500,200,800,1218,"negative"
0,"rent",60,41,"married","yes","fixed",95,50,7000,4000,1600,1601,"positive"
20,"priv",60,40,"married","no","fixed",75,83,3000,0,1300,1435,"positive"
5,"owner",60,37,"married","yes","freelance",75,75,12000,0,900,1014,"negative"
18,"other",48,50,"married","no","freelance",75,62,5000,0,1700,2437,"negative"
6,"parents",60,24,"separated","no","fixed",45,220,3000,0,1600,1700,"negative"
5,"owner",36,46,"married","no","freelance",60,100,4000,0,1100,1897,"negative"
11,"rent",24,26,"single","no","fixed",59,137,2500,0,350,1158,"negative"
1,"rent",48,27,"single","no","fixed",45,97,0,0,850,1000,"negative"
22,"owner",24,46,"married","no","fixed",60,100,10500,0,900,1635,"negative"
2,"priv",48,34,"married","no","fixed",90,170,6000,0,1280,1879,"negative"
6,"owner",36,42,"married","no","fixed",105,151,48000,0,1635,1635,"positive"
0,"owner",36,21,"single","yes","partime",35,115,2000,0,700,900,"positive"
15,"other",48,60,"married","no","fixed",60,153,0,0,450,1188,"negative"
14,"rent",60,46,"married","no","freelance",67,67,0,0,1500,2250,"negative"
6,"other",24,23,"single","yes","fixed",35,135,0,0,250,250,"positive"
5,"rent",48,29,"married","no","fixed",78,177,4000,0,700,960,"negative"
2,"parents",48,28,"separated","no","freelance",35,140,0,0,1000,1100,"positive"
14,"rent",48,43,"married","no","fixed",54,85,2000,0,500,800,"negative"
26,"owner",48,42,"married","no","fixed",60,95,6500,0,1180,1442,"negative"
0,"parents",36,32,"single","no","fixed",35,119,3000,0,1000,1345,"negative"
29,"owner",12,53,"married","no","fixed",45,145,27000,0,500,1230,"negative"
4,"rent",48,28,"single","no","fixed",45,100,0,0,750,954,"negative"
4,"owner",24,55,"married","no","freelance",90,200,4500,0,800,1230,"negative"
8,"owner",60,40,"married","yes","fixed",75,96,4000,1700,2050,2050,"positive"
1,"other",60,20,"single","no","fixed",35,85,0,0,850,1618,"negative"
20,"owner",60,44,"married","yes","freelance",75,60,3000,0,1500,1912,"positive"
5,"owner",60,39,"married","yes","freelance",90,152,6000,0,1250,1600,"positive"
15,"owner",36,55,"married","no","freelance",75,70,14000,600,600,850,"negative"
7,"owner",60,33,"married","no","freelance",75,138,4000,0,1400,2035,"negative"
10,"owner",60,41,"married","no","fixed",75,187,2500,0,1150,1250,"negative"
21,"other",60,45,"widow","no","fixed",45,110,0,0,650,1584,"negative"
2,"rent",18,38,"married","no","partime",90,148,0,0,300,400,"positive"
0,"owner",36,41,"married","no","fixed",75,89,5500,0,1000,1670,"negative"
12,"rent",60,36,"married","no","fixed",56,106,0,0,1200,1823,"negative"
11,"owner",48,34,"married","yes","fixed",90,198,4500,0,1650,2165,"positive"
2,"owner",60,53,"married","no","others",60,40,5000,0,850,884,"positive"
22,"owner",12,45,"married","no","fixed",60,100,3000,0,400,1531,"negative"
7,"owner",48,37,"married","no","fixed",75,145,6000,0,1250,1650,"negative"
2,"owner",60,29,"married","yes","fixed",60,80,4000,0,1000,1248,"positive"
7,"owner",36,33,"married","no","fixed",45,208,4000,0,500,1288,"negative"
14,"rent",36,43,"married","yes","fixed",96,212,0,0,600,750,"positive"
7,"owner",18,40,"married","yes","fixed",75,169,4000,400,400,1717,"negative"
8,"priv",48,22,"married","no","fixed",45,120,2500,1200,880,882,"negative"
21,"rent",36,42,"separated","yes","fixed",53,180,0,0,850,950,"negative"
1,"rent",48,41,"married","no","partime",89,136,0,0,1070,1378,"positive"
1,"owner",12,28,"married","no","partime",45,130,18000,2500,400,2575,"negative"
14,"owner",60,35,"married","no","fixed",75,205,5000,0,1350,1442,"negative"
2,"other",36,26,"married","no","fixed",35,148,4000,0,700,1300,"negative"
3,"parents",60,25,"single","no","fixed",35,174,0,0,1000,1252,"negative"
14,"owner",60,54,"married","no","fixed",60,90,5000,0,800,1517,"negative"
3,"priv",36,26,"married","no","freelance",60,68,5000,90,900,1501,"negative"
10,"rent",48,26,"single","no","fixed",52,169,2000,0,1000,1242,"negative"
2,"parents",60,34,"single","yes","partime",35,103,0,0,1250,1293,"positive"
3,"rent",48,32,"married","no","fixed",57,121,0,0,1200,1952,"negative"
10,"rent",36,40,"married","no","fixed",115,100,0,0,375,375,"positive"
1,"owner",42,35,"married","no","fixed",75,54,6000,0,1000,1900,"negative"
22,"rent",60,47,"married","no","fixed",56,114,0,0,1000,1163,"negative"
11,"owner",60,26,"married","no","fixed",45,81,4000,1800,1000,1206,"negative"
0,"parents",48,31,"single","no","partime",35,65,2500,0,1000,1560,"negative"
17,"owner",36,43,"married","no","fixed",60,250,9000,0,1000,1204,"negative"
12,"owner",36,45,"married","no","fixed",90,90,30000,0,750,1374,"negative"
10,"rent",48,33,"married","no","fixed",100,103,0,0,950,1541,"negative"
10,"rent",36,31,"married","no","fixed",61,164,5000,0,1000,1440,"negative"
1,"other",48,28,"married","yes","fixed",60,129,0,0,1300,1608,"positive"
4,"rent",60,25,"single","no","fixed",50,150,0,0,1500,2600,"negative"
1,"parents",30,22,"single","no","fixed",35,80,4000,0,600,850,"negative"
11,"owner",60,33,"widow","no","fixed",45,90,8000,0,850,1105,"negative"
5,"other",60,31,"married","no","fixed",75,95,2000,0,1100,1388,"negative"
7,"parents",60,24,"single","no","fixed",35,92,0,0,1618,1618,"positive"
0,"owner",18,39,"married","no","fixed",75,47,3500,0,350,1236,"negative"
17,"owner",36,42,"married","no","fixed",45,115,4000,0,700,1631,"negative"
1,"owner",60,49,"married","no","partime",60,115,4000,0,1870,2622,"negative"
20,"owner",60,49,"married","no","fixed",60,130,4000,0,1100,1738,"negative"
22,"priv",60,36,"married","no","fixed",75,190,3500,0,1300,1579,"negative"
4,"parents",36,22,"single","no","fixed",35,58,1000,0,400,525,"positive"
0,"owner",36,65,"married","no","others",45,75,5000,0,400,935,"negative"
7,"owner",24,39,"married","no","fixed",75,260,10000,0,400,1100,"negative"
24,"owner",24,47,"married","no","fixed",75,136,4000,0,435,935,"negative"
18,"parents",60,32,"married","no","fixed",75,152,5000,0,1400,1640,"negative"
0,"parents",60,25,"married","no","others",45,209,2000,0,900,1436,"negative"
20,"owner",60,41,"married","no","fixed",75,186,8000,50,900,1700,"negative"
3,"parents",60,41,"single","yes","fixed",35,90,0,0,949,949,"positive"
0,"owner",60,23,"married","no","fixed",45,120,4000,1000,1200,1476,"positive"
2,"owner",60,29,"married","no","fixed",60,110,2000,0,1020,1648,"negative"
0,"owner",60,39,"married","yes","freelance",45,80,6000,0,1100,1131,"positive"
7,"owner",48,42,"married","no","fixed",60,132,8000,720,1000,1350,"negative"
3,"owner",24,27,"married","no","fixed",45,245,14000,0,500,2070,"negative"
10,"owner",48,34,"married","no","freelance",75,200,19000,0,750,1590,"negative"
3,"parents",24,29,"single","no","fixed",35,66,0,0,300,525,"negative"
30,"owner",48,60,"married","no","freelance",60,6,16000,0,1200,1636,"negative"
3,"owner",18,24,"married","no","partime",45,185,3500,0,600,925,"negative"
10,"rent",48,28,"married","no","fixed",56,108,0,0,1100,1684,"negative"
1,"rent",24,24,"married","no","partime",50,50,0,0,350,400,"negative"
4,"parents",60,23,"single","no","fixed",35,80,10000,0,1000,1559,"negative"
7,"owner",12,51,"married","no","freelance",75,120,5000,0,250,375,"negative"
6,"parents",36,29,"married","no","fixed",105,168,14000,0,650,679,"negative"
14,"owner",60,41,"married","no","fixed",75,183,4000,1100,1500,2730,"negative"
1,"parents",60,24,"single","no","fixed",35,90,0,0,800,994,"negative"
25,"owner",48,51,"married","no","fixed",75,156,3000,0,700,1172,"negative"
8,"owner",36,31,"separated","no","fixed",35,102,3000,0,1000,1364,"negative"
5,"owner",60,26,"single","yes","freelance",35,142,5500,3800,950,977,"positive"
8,"owner",54,31,"married","no","fixed",75,280,14000,7000,850,1050,"negative"
20,"owner",60,54,"married","no","fixed",60,195,15000,0,900,1430,"negative"
2,"rent",36,23,"single","no","fixed",43,79,0,0,900,1000,"positive"
18,"priv",36,45,"married","no","fixed",45,220,20000,0,800,1600,"negative"
10,"owner",36,39,"married","no","fixed",90,122,3000,0,500,1472,"negative"
2,"parents",36,39,"married","yes","fixed",60,87,0,0,2000,2300,"positive"
20,"parents",48,37,"single","no","fixed",35,114,0,0,1200,2472,"negative"
7,"priv",60,24,"single","no","fixed",35,187,4000,2400,1400,1480,"negative"
3,"owner",60,39,"married","no","freelance",75,491,90000,0,4000,6700,"positive"
22,"owner",36,45,"married","no","fixed",75,250,10000,0,500,1026,"negative"
10,"rent",60,38,"married","yes","fixed",110,204,0,0,1500,1531,"negative"
20,"rent",24,40,"married","no","fixed",77,165,0,0,500,1532,"negative"
20,"owner",36,36,"married","yes","fixed",75,130,3500,0,1500,2000,"negative"
2,"parents",24,26,"single","no","fixed",35,79,0,0,590,894,"negative"
7,"owner",60,34,"separated","no","fixed",35,96,8000,0,850,1213,"negative"
5,"owner",60,39,"married","no","freelance",75,85,4000,0,1200,1463,"negative"
13,"rent",60,50,"single","no","fixed",42,66,0,0,800,865,"positive"
17,"other",60,46,"married","no","fixed",75,155,0,0,2000,2086,"negative"
0,"owner",12,22,"married","no","others",75,100,50000,8000,900,2327,"negative"
6,"rent",36,31,"separated","no","fixed",49,140,0,0,550,999,"negative"
4,"owner",24,32,"married","no","partime",45,158,5500,0,500,1839,"negative"
20,"priv",48,40,"married","no","fixed",75,144,7000,0,500,980,"negative"
38,"rent",12,66,"married","no","fixed",79,340,0,0,700,1568,"negative"
26,"rent",60,50,"married","no","fixed",85,250,0,0,1000,1297,"negative"
3,"owner",12,30,"married","no","fixed",60,296,4500,2000,200,1338,"negative"
5,"parents",48,24,"single","no","partime",35,139,2000,0,1000,1492,"positive"
12,"owner",60,28,"married","yes","fixed",75,110,3500,1394,900,1082,"negative"
1,"parents",24,23,"single","no","partime",35,70,0,0,500,640,"positive"
4,"owner",60,41,"married","no","fixed",45,87,6500,0,1100,1670,"negative"
13,"priv",60,38,"married","no","fixed",90,108,1500,30,1400,1410,"positive"
1,"parents",36,21,"married","no","fixed",45,90,2000,0,1200,1350,"negative"
5,"parents",60,21,"single","no","fixed",45,56,0,0,1400,2067,"negative"
10,"rent",36,46,"married","no","fixed",114,235,0,0,500,1531,"negative"
1,"parents",60,36,"married","no","partime",60,60,0,0,1400,1612,"positive"
3,"rent",36,20,"single","no","partime",58,225,0,0,1500,2050,"negative"
5,"rent",60,40,"married","yes","freelance",54,89,0,0,1200,1457,"positive"
2,"priv",36,32,"married","no","fixed",75,80,2500,0,1300,1813,"positive"
19,"rent",60,37,"separated","yes","fixed",41,63,0,0,2700,2957,"positive"
1,"owner",60,52,"married","no","fixed",60,250,3000,0,1550,1850,"negative"
5,"priv",24,32,"separated","no","freelance",35,143,8000,0,600,1350,"negative"
7,"rent",60,30,"married","no","fixed",42,73,0,0,950,1169,"negative"
25,"rent",60,48,"married","no","fixed",103,126,3500,0,1450,1575,"negative"
11,"owner",36,32,"married","no","fixed",60,101,12000,2400,965,1265,"negative"
27,"owner",60,58,"married","no","freelance",60,60,15000,0,1450,1657,"positive"
19,"owner",60,56,"married","no","fixed",45,169,7000,0,1400,1714,"negative"
2,"rent",48,48,"married","yes","others",109,193,0,0,1140,1143,"positive"
5,"rent",24,41,"separated","no","fixed",44,90,0,0,550,1319,"negative"
10,"parents",24,40,"married","no","partime",60,116,2000,0,480,620,"negative"
1,"parents",48,21,"single","no","partime",35,60,0,0,1350,1601,"positive"
6,"parents",48,24,"single","no","fixed",35,107,6500,1172,1000,1200,"negative"
22,"owner",18,57,"married","yes","fixed",45,150,6000,0,500,1727,"negative"
6,"parents",36,31,"single","yes","freelance",35,319,0,0,1200,1730,"positive"
2,"owner",12,32,"married","no","freelance",45,122,5000,500,350,625,"negative"
1,"parents",60,30,"married","no","freelance",60,93,0,0,1600,1647,"negative"
18,"owner",36,42,"married","no","fixed",75,121,2000,150,900,1633,"negative"
2,"parents",24,23,"single","no","partime",35,93,2500,0,230,670,"negative"
17,"rent",48,36,"married","no","fixed",61,162,0,0,1000,1641,"negative"
9,"owner",60,53,"married","no","freelance",60,51,8000,3000,1450,1970,"negative"
11,"rent",60,29,"married","no","fixed",74,135,0,0,1000,1097,"negative"
2,"parents",60,23,"single","no","fixed",35,106,0,0,820,1097,"negative"
32,"parents",42,53,"married","no","freelance",60,160,0,0,200,829,"negative"
8,"parents",60,28,"single","yes","fixed",35,76,0,0,1300,1550,"positive"
24,"other",60,40,"married","no","fixed",45,115,0,0,1250,1461,"negative"
1,"parents",30,23,"single","no","freelance",35,60,0,0,800,1452,"positive"
15,"rent",48,55,"widow","no","fixed",62,173,0,0,1100,1467,"negative"
24,"owner",48,48,"married","no","fixed",75,90,3000,0,400,975,"negative"
5,"rent",36,48,"married","no","freelance",97,365,0,0,1300,1736,"positive"
1,"other",36,44,"married","yes","fixed",60,154,2500,0,2000,2500,"positive"
4,"rent",60,46,"married","no","freelance",70,100,0,0,2400,2500,"positive"
0,"parents",36,23,"single","no","fixed",35,70,0,0,900,1210,"negative"
2,"other",48,29,"single","no","fixed",35,75,0,0,650,824,"negative"
25,"owner",60,63,"married","yes","freelance",60,60,47500,3360,1000,1162,"negative"
17,"rent",24,40,"married","yes","fixed",58,128,0,0,700,982,"negative"
14,"parents",48,37,"married","yes","fixed",60,120,0,0,1000,1189,"negative"
15,"owner",36,49,"married","no","fixed",75,113,8000,0,1050,1055,"negative"
16,"rent",60,40,"married","no","freelance",82,71,0,0,2000,2250,"positive"
16,"owner",36,40,"married","yes","fixed",90,120,6000,0,900,1150,"negative"
1,"parents",36,23,"single","no","fixed",35,55,5000,0,775,925,"negative"
15,"owner",36,42,"single","no","fixed",35,90,5000,3000,1000,1243,"negative"
5,"rent",48,28,"married","yes","fixed",60,154,3000,0,825,1661,"negative"
0,"owner",48,39,"married","no","freelance",60,16,3000,0,850,1053,"positive"
1,"owner",36,36,"married","no","freelance",75,416,8000,0,3875,5175,"negative"
13,"parents",48,28,"married","no","fixed",90,105,0,0,1200,1590,"negative"
10,"rent",36,38,"married","no","fixed",66,210,0,0,500,1171,"negative"
2,"owner",60,33,"married","no","fixed",35,146,8000,2000,1000,1844,"negative"
2,"parents",60,30,"separated","no","freelance",35,150,0,0,1500,1671,"negative"
0,"owner",36,36,"married","no","others",45,105,5000,3000,1000,1620,"positive"
13,"owner",60,28,"married","no","fixed",45,148,3500,144,1350,1496,"negative"
0,"priv",48,56,"married","no","others",35,84,4500,50,700,940,"negative"
8,"rent",48,39,"married","no","freelance",66,60,0,0,700,1580,"negative"
4,"owner",36,54,"married","no","freelance",35,80,25000,0,1400,1490,"negative"
15,"parents",60,35,"single","no","fixed",45,226,6000,2200,1350,1609,"negative"
1,"owner",48,29,"married","no","fixed",45,130,4000,0,1000,1777,"negative"
20,"rent",60,47,"married","no","fixed",85,100,8000,0,1250,1250,"positive"
2,"owner",60,35,"married","no","others",60,175,2500,0,1250,1412,"negative"
0,"rent",60,35,"single","no","fixed",51,163,0,0,1000,1353,"negative"
15,"other",36,30,"married","no","fixed",45,131,0,0,250,1341,"negative"
24,"owner",48,39,"married","no","fixed",75,125,6000,200,1000,1409,"negative"
15,"owner",48,57,"married","no","freelance",35,212,65000,0,1300,1852,"negative"
17,"rent",30,45,"married","no","fixed",55,104,0,0,550,575,"negative"
1,"rent",24,24,"single","no","partime",42,65,0,0,750,1192,"positive"
2,"parents",60,23,"single","yes","partime",35,75,0,0,1100,1139,"positive"
0,"parents",60,24,"single","no","fixed",35,126,1500,0,900,1092,"negative"
0,"parents",18,20,"married","no","fixed",35,91,0,0,600,750,"negative"
14,"rent",36,49,"married","no","fixed",70,103,0,0,500,1017,"negative"
2,"parents",60,24,"single","no","fixed",35,100,0,0,1600,1601,"negative"
7,"rent",60,40,"married","yes","freelance",76,164,3000,0,800,1032,"negative"
6,"owner",60,31,"married","no","fixed",45,131,4000,1600,600,1661,"negative"
0,"other",48,39,"married","no","fixed",60,85,0,0,1450,1594,"negative"
2,"priv",60,22,"married","no","partime",35,60,2800,0,1300,1422,"positive"
0,"owner",36,30,"separated","no","freelance",60,48,7000,0,300,365,"positive"
0,"parents",60,21,"single","no","partime",45,312,10000,0,1033,1175,"negative"
0,"parents",24,22,"single","no","partime",35,80,0,0,650,1356,"negative"
0,"rent",18,28,"married","yes","fixed",68,83,0,0,200,300,"positive"
8,"owner",24,32,"married","no","fixed",60,77,4000,0,350,865,"negative"
2,"parents",24,23,"single","no","freelance",35,63,20000,0,600,2143,"negative"
0,"parents",24,36,"married","no","others",90,31,0,0,625,725,"negative"
2,"rent",60,20,"single","no","fixed",46,108,0,0,1200,1300,"positive"
4,"owner",60,25,"married","no","fixed",45,68,4500,1379,725,1460,"negative"
5,"parents",30,24,"married","no","fixed",35,120,0,0,700,1804,"negative"
8,"owner",36,35,"married","yes","fixed",45,213,6000,0,1700,2450,"negative"
10,"parents",48,58,"married","no","others",35,450,2500,0,1200,1505,"negative"
5,"owner",60,32,"married","no","fixed",45,145,13000,0,1500,1850,"negative"
15,"owner",36,56,"married","yes","freelance",35,90,16000,0,800,1300,"positive"
2,"rent",60,53,"widow","no","fixed",46,114,0,0,1050,1348,"negative"
2,"parents",60,26,"single","no","fixed",35,104,10000,0,1400,1490,"negative"
20,"owner",60,40,"married","no","fixed",45,240,8000,0,900,950,"negative"
1,"owner",36,48,"married","no","others",45,45,32000,0,1500,2700,"negative"
10,"parents",60,28,"single","no","fixed",35,70,3500,0,1300,1743,"negative"
0,"owner",60,34,"married","no","fixed",60,85,4000,0,1100,1628,"negative"
11,"owner",60,28,"married","no","fixed",35,82,1500,0,1090,1491,"negative"
2,"rent",24,30,"married","no","partime",53,80,0,0,500,975,"positive"
0,"priv",60,43,"married","no","partime",90,82,4000,0,600,790,"positive"
3,"owner",60,41,"married","no","fixed",75,99,16000,500,1000,3300,"negative"
28,"owner",48,54,"married","no","freelance",75,46,15000,0,900,1300,"negative"
23,"other",54,38,"separated","no","fixed",60,178,0,0,740,989,"negative"
4,"rent",60,30,"married","no","fixed",60,147,5500,2000,1700,1719,"negative"
11,"owner",48,41,"married","yes","freelance",45,280,4000,1300,1000,1350,"negative"
12,"owner",60,45,"married","no","freelance",35,75,4000,0,1000,1100,"negative"
6,"owner",6,29,"married","no","fixed",45,190,5000,0,200,2179,"negative"
0,"owner",6,33,"single","yes","partime",45,240,4500,0,675,1146,"positive"
1,"parents",48,25,"single","no","freelance",35,280,6000,0,1100,1650,"negative"
8,"other",60,41,"married","no","freelance",45,62,0,0,1800,2101,"positive"
12,"owner",48,35,"married","no","fixed",60,90,4500,0,900,1097,"negative"
17,"parents",36,33,"separated","yes","fixed",35,96,0,0,475,475,"negative"
17,"rent",60,44,"married","no","fixed",51,159,0,0,1100,1668,"negative"
1,"owner",48,42,"married","no","fixed",75,155,8000,0,600,1680,"negative"
19,"rent",60,42,"single","no","fixed",43,78,0,0,730,1070,"negative"
0,"rent",24,42,"married","yes","fixed",103,283,0,0,1897,2517,"positive"
10,"owner",54,41,"married","no","fixed",45,130,4500,0,1700,1957,"negative"
16,"other",42,49,"married","yes","fixed",45,80,0,0,700,950,"negative"
0,"rent",36,42,"single","yes","partime",48,129,0,0,525,525,"negative"
5,"owner",60,49,"married","no","fixed",35,122,5000,0,1500,1740,"negative"
10,"owner",30,32,"married","no","freelance",60,65,3000,0,600,1200,"negative"
7,"parents",36,24,"single","no","fixed",35,127,0,0,300,2612,"negative"
3,"other",48,28,"married","no","fixed",35,125,1500,0,1500,1689,"negative"
0,"owner",36,42,"married","no","freelance",60,260,3000,250,1100,1288,"negative"
10,"rent",60,42,"married","no","fixed",76,158,5000,0,1000,1000,"negative"
32,"owner",36,49,"married","no","fixed",75,163,4000,0,400,700,"negative"
14,"owner",48,29,"married","no","fixed",75,131,4000,0,980,2981,"positive"
20,"rent",60,38,"married","no","fixed",74,140,0,0,1500,1600,"negative"
26,"owner",60,41,"married","no","fixed",45,132,0,0,1100,1472,"negative"
10,"priv",60,46,"married","no","fixed",75,66,5500,1700,1250,1525,"negative"
6,"owner",60,33,"married","no","partime",60,140,6000,0,1150,1715,"negative"
2,"owner",60,23,"single","no","fixed",35,150,3000,0,2000,4904,"negative"
24,"owner",48,39,"married","no","fixed",75,110,3000,0,1150,1379,"negative"
2,"priv",48,27,"married","no","others",75,59,2500,2200,1200,1530,"positive"
1,"parents",48,23,"single","no","fixed",35,139,0,0,650,650,"negative"
2,"parents",36,22,"single","no","partime",35,100,25000,0,1400,1850,"negative"
16,"rent",60,35,"single","no","fixed",49,135,0,0,1300,1310,"negative"
5,"owner",48,46,"married","no","fixed",90,137,2000,0,1100,1487,"negative"
1,"rent",60,40,"married","no","fixed",57,120,0,0,1500,1737,"negative"
7,"owner",36,41,"married","no","fixed",75,87,4500,0,2000,2104,"negative"
23,"rent",48,57,"single","yes","fixed",49,142,0,0,1300,1450,"negative"
2,"parents",60,35,"single","no","others",35,65,0,0,1100,1324,"negative"
10,"owner",6,46,"married","no","freelance",45,464,10000,0,1100,2235,"negative"
5,"rent",60,42,"married","yes","freelance",113,83,0,0,1530,1530,"positive"
0,"owner",48,25,"single","no","fixed",35,126,2800,0,1170,1372,"negative"
0,"parents",24,20,"single","no","partime",35,66,0,0,550,550,"positive"
2,"rent",48,24,"single","no","fixed",44,90,0,0,1200,1450,"negative"
10,"other",60,57,"married","no","fixed",60,84,9000,0,1400,1423,"negative"
4,"other",60,37,"married","yes","freelance",60,61,0,0,1420,1450,"negative"
2,"owner",60,31,"married","no","fixed",45,55,4000,800,700,1250,"positive"
43,"other",24,60,"married","no","fixed",60,185,0,0,319,1669,"negative"
8,"parents",48,34,"single","no","fixed",35,85,0,0,1000,1383,"negative"
9,"owner",48,26,"married","no","fixed",35,101,5000,0,500,1997,"negative"
8,"priv",48,25,"single","no","fixed",45,180,1500,0,1100,1200,"negative"
30,"other",48,50,"married","no","fixed",45,220,0,0,600,900,"negative"
2,"owner",48,41,"married","no","fixed",60,142,4000,0,2000,2465,"positive"
5,"parents",24,32,"married","no","fixed",35,91,0,0,450,530,"negative"
2,"rent",60,62,"married","yes","others",41,57,8000,0,1200,1500,"positive"
1,"owner",48,27,"single","yes","fixed",45,62,5000,0,1500,1788,"negative"
10,"owner",48,54,"married","no","freelance",35,27,5000,0,1050,1054,"positive"
22,"other",24,36,"married","no","fixed",45,176,0,0,700,1428,"negative"
7,"owner",60,55,"married","no","fixed",45,124,5000,0,800,982,"negative"
1,"parents",60,19,"single","no","fixed",45,128,9500,2800,1300,1540,"positive"
7,"owner",60,31,"married","no","fixed",60,92,3500,991,1050,1158,"positive"
7,"other",48,55,"married","no","fixed",75,100,6000,0,1200,1700,"negative"
21,"owner",36,37,"married","no","fixed",75,300,7000,3500,1100,1876,"negative"
8,"owner",24,51,"married","no","fixed",45,167,8000,0,250,400,"negative"
25,"owner",60,51,"married","no","fixed",60,222,7000,0,1300,1400,"negative"
0,"rent",60,57,"married","no","others",43,80,0,0,1200,1515,"negative"
5,"rent",48,48,"married","yes","freelance",65,50,0,0,1200,1487,"positive"
13,"parents",60,28,"married","no","fixed",35,138,0,0,1080,1192,"negative"
2,"rent",36,54,"married","no","fixed",54,187,0,0,1200,2050,"negative"
1,"owner",60,53,"married","no","freelance",35,140,8000,0,1600,2222,"positive"
7,"parents",60,25,"single","no","fixed",35,58,28000,0,1100,1338,"negative"
18,"other",36,42,"single","no","fixed",35,83,0,0,700,1380,"negative"
1,"rent",36,40,"separated","no","others",79,38,0,0,400,400,"positive"
2,"owner",60,42,"widow","no","others",45,35,6000,0,650,865,"positive"
12,"owner",48,31,"married","no","fixed",60,84,5000,0,700,1702,"negative"
7,"parents",60,30,"single","no","fixed",35,95,0,0,900,1158,"negative"
18,"owner",36,41,"married","no","fixed",45,104,12000,800,900,1607,"negative"
6,"owner",36,58,"married","no","fixed",60,390,45000,0,1000,2318,"negative"
10,"owner",60,50,"married","no","fixed",75,209,13500,0,1450,1786,"negative"
7,"priv",48,27,"married","no","fixed",60,71,800,0,800,1505,"negative"
1,"parents",36,33,"married","no","fixed",35,200,0,0,600,1580,"negative"
1,"owner",60,47,"separated","no","fixed",35,48,5000,0,1200,1445,"positive"
16,"owner",36,30,"married","no","fixed",45,82,4500,0,800,975,"positive"
10,"owner",36,49,"married","no","freelance",45,126,5000,0,800,1150,"negative"
11,"owner",48,53,"married","no","fixed",45,111,5000,0,1300,1763,"negative"
20,"owner",48,44,"married","no","fixed",45,87,3000,0,800,1694,"negative"
1,"rent",6,34,"married","no","freelance",99,535,0,0,500,1196,"negative"
13,"other",48,40,"married","yes","freelance",75,270,0,0,2300,2750,"negative"
8,"parents",36,27,"single","no","partime",35,53,0,0,225,350,"positive"
1,"owner",36,38,"married","no","freelance",90,49,7000,300,1200,1619,"positive"
13,"other",60,40,"married","no","fixed",60,140,0,0,700,1465,"negative"
2,"parents",60,24,"single","no","fixed",35,67,0,0,316,1080,"negative"
6,"owner",48,37,"married","no","freelance",45,189,15750,3000,2300,2936,"negative"
0,"rent",60,30,"married","no","fixed",43,80,0,0,1000,1056,"negative"
8,"rent",48,44,"married","no","fixed",62,170,0,0,1000,1387,"negative"
8,"priv",36,31,"married","no","fixed",60,110,2000,360,400,450,"negative"
4,"other",60,27,"married","no","fixed",35,98,5000,0,1200,1609,"negative"
7,"parents",24,31,"married","no","freelance",35,67,0,0,200,2000,"positive"
3,"owner",12,28,"married","no","fixed",35,120,8000,0,1000,2997,"negative"
8,"owner",36,38,"married","no","fixed",45,150,23000,0,2800,4400,"negative"
1,"parents",36,25,"single","no","fixed",35,62,0,0,750,1366,"negative"
17,"owner",48,51,"married","no","freelance",35,100,16000,0,1100,1358,"negative"
3,"owner",60,36,"married","no","fixed",45,160,6500,0,1500,2038,"negative"
13,"owner",48,37,"married","no","fixed",60,205,5000,0,600,1243,"negative"
9,"rent",60,37,"single","no","fixed",47,115,0,0,1600,1800,"positive"
15,"owner",12,39,"married","no","freelance",60,110,4000,0,700,1100,"negative"
1,"owner",60,49,"married","no","fixed",105,531,47000,0,1400,1601,"negative"
5,"priv",60,24,"single","no","fixed",35,145,4000,0,1000,1346,"negative"
5,"rent",48,36,"married","yes","freelance",72,120,100000,0,775,950,"negative"
0,"owner",24,33,"married","no","partime",35,100,8000,0,500,2700,"negative"
12,"owner",60,39,"married","no","fixed",45,167,6000,0,1435,1875,"negative"
14,"owner",12,41,"married","no","freelance",60,245,7000,0,500,1253,"negative"
23,"owner",36,59,"married","no","fixed",35,100,7000,0,850,1334,"negative"
8,"owner",48,46,"married","no","freelance",75,190,7000,0,800,847,"negative"
3,"owner",60,32,"married","no","fixed",35,125,9000,2300,1350,1550,"negative"
15,"owner",60,33,"married","no","fixed",45,90,3000,0,1200,1323,"negative"
4,"owner",60,34,"married","no","fixed",45,205,11000,3700,1300,2060,"negative"
3,"other",24,28,"single","no","fixed",35,51,0,0,800,1750,"positive"
31,"owner",48,56,"married","no","fixed",35,144,3000,0,850,928,"negative"
11,"owner",60,45,"married","yes","fixed",105,235,2000,670,1400,2079,"positive"
8,"owner",36,46,"married","no","fixed",35,160,6000,600,600,1100,"negative"
11,"rent",60,54,"married","no","fixed",54,90,0,0,1000,1303,"negative"
21,"other",60,43,"single","no","fixed",35,115,0,0,1000,1338,"negative"
1,"owner",48,53,"married","no","freelance",35,213,20000,0,1250,2040,"negative"
0,"owner",60,43,"married","yes","fixed",60,85,4000,0,1500,1813,"positive"
4,"priv",36,51,"married","no","others",45,192,4000,108,575,1075,"negative"
14,"owner",60,34,"single","no","fixed",35,90,5000,0,1000,1349,"negative"
3,"parents",36,26,"married","no","freelance",35,61,18000,0,800,1000,"negative"
3,"parents",18,21,"single","yes","fixed",35,75,0,0,500,1364,"negative"
2,"parents",60,41,"married","yes","fixed",35,80,0,0,1000,1500,"negative"
3,"rent",36,23,"married","no","fixed",53,178,0,0,1600,2000,"positive"
10,"owner",60,27,"married","no","freelance",35,180,8000,3530,1700,1847,"negative"
26,"owner",60,56,"married","no","fixed",35,120,3500,0,1400,1477,"negative"
1,"owner",60,40,"married","no","freelance",35,349,6000,4000,1300,1511,"positive"
12,"other",60,36,"married","yes","fixed",60,99,0,0,750,790,"positive"
15,"rent",48,46,"married","no","fixed",57,122,0,0,1350,1500,"negative"
17,"owner",6,42,"married","no","fixed",90,111,10000,0,1000,2626,"negative"
5,"ignore",48,46,"married","no","freelance",75,91,6000,0,4500,6222,"positive"
6,"parents",60,23,"single","no","fixed",35,109,0,0,1332,1332,"negative"
0,"owner",36,54,"married","no","others",60,35,20000,0,1000,1613,"positive"
10,"owner",48,38,"married","no","fixed",60,371,10000,4350,1450,1670,"negative"
10,"other",42,26,"single","no","fixed",35,67,0,0,800,1400,"negative"
2,"rent",48,33,"single","no","partime",41,57,0,0,1230,1515,"negative"
11,"owner",30,27,"married","no","fixed",45,70,3500,0,1200,1531,"negative"
1,"owner",48,25,"married","no","partime",35,63,3500,0,890,890,"positive"
16,"owner",60,32,"married","yes","fixed",35,204,7000,0,1200,1503,"negative"
20,"owner",24,51,"married","no","fixed",45,185,10000,0,600,750,"negative"
5,"owner",48,40,"married","yes","fixed",75,115,20000,100,1200,1800,"positive"
3,"owner",36,37,"married","no","freelance",35,141,5000,400,1000,1912,"negative"
13,"priv",48,36,"married","no","fixed",75,81,4750,0,1200,1385,"negative"
6,"rent",60,25,"married","no","fixed",55,100,0,0,1000,11140,"negative"
11,"parents",48,28,"single","yes","fixed",35,96,0,0,1100,1370,"negative"
2,"owner",60,20,"single","no","fixed",35,150,32000,2000,1500,1599,"positive"
13,"rent",60,34,"married","no","fixed",65,199,0,0,1550,2100,"negative"
7,"parents",24,45,"single","no","fixed",35,96,0,0,300,600,"negative"
3,"rent",24,28,"married","no","fixed",80,198,0,0,100,560,"negative"
3,"owner",60,27,"married","no","freelance",45,21,4000,0,1050,1064,"negative"
25,"owner",60,63,"married","no","freelance",60,70,10000,0,700,925,"negative"
6,"parents",60,23,"single","no","fixed",35,50,0,0,1200,1830,"positive"
3,"owner",60,26,"married","no","freelance",35,121,8000,3055,1400,1581,"negative"
2,"rent",60,41,"separated","no","fixed",41,58,0,0,1000,1189,"positive"
1,"parents",48,27,"single","no","fixed",35,93,6000,0,550,818,"positive"
32,"owner",36,53,"married","no","fixed",35,100,4000,0,475,550,"negative"
15,"parents",36,37,"married","no","fixed",75,130,0,0,800,1479,"negative"
2,"other",36,30,"single","no","fixed",35,55,0,0,950,1316,"positive"
0,"owner",48,45,"married","no","partime",35,110,3000,0,1200,1642,"negative"
10,"owner",60,39,"married","no","freelance",45,95,3000,0,1000,1058,"negative"
6,"owner",36,47,"married","no","freelance",60,35,10000,0,1200,1974,"negative"
20,"rent",48,55,"married","no","freelance",51,156,0,0,1000,1643,"negative"
16,"parents",60,35,"separated","no","fixed",35,105,0,0,800,1084,"positive"
2,"rent",36,32,"married","no","fixed",51,58,0,0,500,615,"positive"
1,"other",48,23,"single","no","partime",35,147,0,0,1000,1843,"positive"
2,"owner",60,38,"married","yes","fixed",75,77,13000,5000,1805,1805,"positive"
6,"owner",60,47,"married","no","fixed",60,66,5000,0,600,1625,"negative"
8,"rent",48,33,"married","no","fixed",73,125,0,0,944,1054,"negative"
10,"owner",60,33,"married","no","freelance",45,150,13000,0,1500,2738,"negative"
0,"parents",36,22,"single","no","partime",35,105,3000,0,750,1092,"negative"
15,"owner",24,64,"married","yes","freelance",75,500,29500,3500,800,1081,"negative"
15,"parents",48,46,"divorced","no","fixed",35,125,0,0,1000,1284,"negative"
1,"parents",18,23,"single","no","partime",35,50,0,0,250,1139,"negative"
3,"owner",60,30,"married","no","fixed",45,95,3700,1250,1300,1665,"negative"
17,"rent",48,37,"married","no","fixed",53,181,0,0,1050,1317,"negative"
15,"owner",60,45,"divorced","no","fixed",35,140,16000,0,1000,1200,"negative"
0,"parents",48,26,"single","no","fixed",35,75,0,0,850,1400,"negative"
15,"parents",60,34,"married","no","fixed",75,182,3000,0,1500,1889,"negative"
11,"parents",30,27,"single","no","fixed",35,117,0,0,600,1293,"negative"
9,"priv",60,26,"married","no","fixed",35,217,4000,0,750,1546,"negative"
1,"owner",12,61,"married","no","others",35,58,18000,0,500,1342,"negative"
11,"owner",36,34,"married","no","fixed",60,180,23000,0,400,1084,"negative"
8,"parents",24,23,"single","no","partime",45,110,0,0,900,931,"negative"
5,"owner",48,40,"married","yes","fixed",35,87,5000,0,600,1258,"positive"
0,"parents",42,21,"single","no","fixed",35,75,0,0,900,1141,"negative"
0,"other",60,37,"married","no","fixed",60,198,0,0,1000,1000,"negative"
10,"owner",60,40,"married","yes","fixed",60,233,15000,2640,1400,2038,"negative"
7,"owner",30,30,"married","yes","fixed",45,126,7000,0,500,1661,"negative"
8,"parents",60,49,"married","no","freelance",105,43,3000,0,1200,1451,"positive"
36,"owner",60,61,"married","no","fixed",45,154,4000,0,1350,1650,"negative"
4,"owner",48,29,"married","no","fixed",45,160,3500,0,1000,1226,"negative"
0,"parents",24,21,"single","no","fixed",35,160,0,0,900,1681,"negative"
10,"owner",60,40,"married","no","fixed",45,70,7500,0,1388,1388,"positive"
9,"rent",60,41,"married","no","fixed",72,120,6000,700,1600,1776,"negative"
8,"owner",36,30,"married","no","freelance",45,80,7000,3000,1000,1734,"negative"
9,"rent",36,39,"married","no","freelance",54,90,0,0,600,875,"negative"
1,"parents",36,24,"single","yes","partime",35,120,0,0,250,750,"positive"
19,"owner",60,46,"married","no","freelance",60,190,7000,0,1500,2755,"negative"
18,"owner",36,34,"married","no","fixed",60,130,6000,0,650,1601,"negative"
7,"owner",60,28,"married","no","fixed",35,111,3000,0,1600,1707,"negative"
9,"rent",60,43,"married","no","fixed",88,280,0,0,850,863,"negative"
8,"rent",60,31,"single","no","fixed",46,110,0,0,850,880,"negative"
30,"owner",60,54,"married","no","fixed",60,150,15000,0,1000,1388,"negative"
10,"priv",48,37,"married","no","fixed",60,150,1000,0,1200,1350,"positive"
10,"owner",36,36,"married","yes","freelance",60,200,7000,0,1100,1250,"positive"
9,"other",48,24,"single","no","fixed",45,88,0,0,1200,1302,"negative"
2,"other",60,22,"single","no","fixed",35,58,12000,0,1450,1600,"positive"
13,"other",48,37,"married","no","fixed",60,98,0,0,950,1365,"positive"
24,"owner",60,45,"married","no","fixed",90,198,3500,0,900,1541,"negative"
10,"owner",60,39,"married","no","freelance",60,171,39000,0,3000,3569,"negative"
10,"parents",36,37,"single","yes","fixed",35,150,0,0,1000,2484,"negative"
8,"priv",48,31,"married","no","fixed",60,122,4000,0,1400,1732,"negative"
2,"owner",60,31,"married","no","fixed",60,306,4000,0,1000,2095,"negative"
18,"priv",60,48,"widow","no","freelance",45,200,8500,500,1300,1309,"negative"
14,"owner",60,28,"married","no","fixed",60,107,6000,2500,950,1610,"negative"
1,"parents",24,29,"single","no","partime",35,147,0,0,650,1370,"negative"
25,"owner",60,44,"single","yes","fixed",35,100,3500,360,1050,1606,"positive"
5,"owner",60,31,"single","no","fixed",35,172,8000,0,850,1934,"negative"
4,"owner",6,30,"single","no","fixed",35,300,10000,0,750,1436,"negative"
13,"owner",36,40,"widow","no","fixed",35,109,6000,3300,900,1073,"negative"
11,"owner",48,28,"single","no","fixed",35,345,6000,0,830,1152,"negative"
10,"owner",60,37,"single","no","fixed",35,92,3000,0,1500,1635,"positive"
3,"parents",60,35,"married","yes","fixed",35,410,0,0,2000,2228,"positive"
5,"parents",60,21,"single","no","partime",35,70,0,0,1400,1550,"negative"
8,"parents",42,27,"single","no","fixed",35,107,0,0,400,1418,"negative"
12,"owner",36,32,"married","no","fixed",45,115,3500,0,800,1280,"negative"
2,"other",60,20,"single","no","fixed",35,165,2000,0,1000,1275,"negative"
0,"parents",60,19,"single","no","others",75,200,3000,0,1800,2091,"negative"
19,"owner",24,52,"married","no","fixed",35,180,2500,0,580,1380,"negative"
2,"owner",36,55,"married","no","fixed",35,87,10000,0,1150,2000,"positive"
19,"other",60,34,"married","no","fixed",75,154,4500,0,1600,1778,"negative"
1,"parents",24,21,"single","no","fixed",35,60,0,0,900,1486,"positive"
1,"owner",24,32,"married","no","partime",45,182,4000,200,175,175,"positive"
0,"owner",18,26,"single","no","others",35,85,7500,2600,600,1290,"negative"
7,"rent",36,33,"separated","yes","fixed",47,115,0,0,645,895,"negative"
14,"owner",18,37,"married","no","fixed",60,215,7000,0,600,1661,"negative"
16,"owner",60,48,"married","no","freelance",45,273,7000,0,2000,2529,"negative"
1,"parents",60,22,"single","no","fixed",35,110,2000,0,1500,2098,"negative"
3,"rent",36,61,"married","no","fixed",41,57,12000,0,2500,3559,"positive"
10,"parents",48,24,"single","no","fixed",35,163,0,0,1000,1260,"negative"
3,"parents",24,24,"married","no","fixed",35,120,10000,0,500,650,"negative"
4,"parents",60,26,"single","no","fixed",35,52,0,0,1050,1372,"positive"
1,"rent",36,22,"single","no","fixed",59,136,0,0,450,2050,"negative"
3,"owner",36,36,"married","no","freelance",90,82,4000,0,1300,1500,"positive"
2,"rent",48,45,"married","no","freelance",47,124,0,0,1600,1895,"negative"
5,"parents",12,43,"married","no","fixed",105,265,0,0,500,1114,"negative"
5,"parents",24,35,"married","yes","fixed",35,189,3000,0,800,1828,"negative"
10,"parents",36,28,"married","no","freelance",45,230,0,0,1700,2300,"negative"
2,"owner",60,32,"married","yes","fixed",60,260,2500,450,1800,2400,"positive"
30,"priv",36,66,"single","no","fixed",35,111,3500,0,800,1251,"negative"
15,"other",48,33,"married","no","fixed",45,125,0,0,1000,1587,"negative"
0,"parents",36,25,"single","no","fixed",35,440,0,0,550,1546,"negative"
3,"owner",60,40,"married","yes","fixed",60,200,8000,0,1700,2000,"positive"
4,"rent",48,42,"married","no","freelance",100,245,0,0,1450,1489,"negative"
4,"owner",60,42,"married","no","others",105,88,3500,108,1000,1025,"positive"
12,"owner",60,35,"married","no","fixed",60,92,3000,1600,875,875,"positive"
1,"rent",60,30,"married","no","partime",84,92,0,0,750,900,"positive"
18,"owner",60,39,"married","no","fixed",60,130,3500,0,1400,1471,"negative"
12,"parents",60,27,"single","no","fixed",35,150,0,0,1350,1750,"negative"
7,"owner",60,44,"married","no","fixed",45,112,3500,0,1450,1625,"negative"
5,"owner",60,40,"married","yes","fixed",60,134,3500,0,1200,1291,"negative"
2,"owner",60,32,"married","yes","fixed",60,101,7000,2500,1600,1850,"positive"
14,"owner",60,29,"married","no","fixed",35,143,5000,0,1400,1668,"negative"
5,"priv",72,29,"married","no","fixed",45,92,1500,850,1450,1516,"positive"
1,"other",36,40,"married","yes","fixed",75,150,0,0,800,800,"positive"
2,"rent",48,41,"separated","no","fixed",61,162,0,0,900,1178,"negative"
1,"owner",48,34,"married","no","others",60,45,2500,0,1000,1476,"positive"
13,"owner",24,37,"single","no","fixed",35,100,3000,0,800,1494,"negative"
12,"owner",48,42,"married","no","fixed",60,118,5000,0,900,1350,"negative"
0,"parents",36,22,"married","no","partime",35,72,0,0,650,950,"negative"
6,"parents",12,27,"single","no","freelance",35,129,0,0,400,1777,"negative"
3,"parents",36,29,"single","no","partime",35,110,0,0,800,1428,"negative"
5,"owner",36,58,"married","no","others",35,80,7000,0,750,1150,"negative"
12,"owner",36,34,"married","no","fixed",60,97,4500,96,600,1253,"negative"
14,"owner",60,43,"married","no","fixed",45,103,4000,0,950,1206,"negative"
15,"owner",60,31,"married","yes","fixed",45,96,4000,0,960,1031,"positive"
1,"priv",48,55,"married","no","fixed",60,94,8000,840,900,1050,"positive"
0,"parents",60,24,"single","no","fixed",35,148,12000,0,1150,1275,"negative"
2,"owner",60,44,"married","no","fixed",75,274,6000,0,1600,2070,"negative"
5,"parents",60,59,"married","no","others",35,140,5000,0,650,730,"negative"
20,"rent",48,44,"widow","yes","freelance",43,77,0,0,550,1499,"negative"
1,"parents",36,27,"single","no","fixed",35,91,0,0,1000,1866,"negative"
0,"rent",36,34,"single","no","partime",44,85,0,0,325,375,"positive"
29,"owner",60,50,"widow","no","fixed",35,175,6000,0,1143,1143,"positive"
6,"ignore",24,37,"married","no","fixed",75,466,10000,800,1678,1678,"negative"
3,"owner",48,42,"married","no","fixed",45,150,20000,3000,1500,2163,"negative"
1,"parents",48,22,"single","no","partime",35,52,0,0,1200,1442,"positive"
4,"rent",36,35,"married","no","partime",52,72,0,0,350,899,"negative"
13,"owner",36,50,"married","no","fixed",45,139,1800,0,715,1683,"negative"
12,"parents",60,32,"married","no","fixed",35,105,0,0,1400,1780,"negative"
5,"owner",60,58,"married","no","freelance",45,93,45000,0,1500,2090,"negative"
22,"owner",48,48,"married","no","freelance",75,642,37000,0,1000,1484,"negative"
15,"owner",60,56,"married","yes","freelance",45,155,10500,0,1250,1392,"negative"
30,"owner",60,53,"married","no","fixed",35,120,4000,0,1250,1401,"negative"
3,"rent",36,45,"married","no","freelance",61,155,10000,0,1000,1500,"negative"
20,"owner",48,37,"separated","no","fixed",35,165,8000,1000,1300,2500,"negative"
0,"parents",24,23,"married","no","partime",35,150,0,0,500,1175,"negative"
5,"rent",60,29,"married","no","fixed",56,105,0,0,1350,1396,"positive"
1,"parents",60,20,"single","no","fixed",35,65,0,0,1000,1479,"negative"
5,"owner",12,27,"married","no","fixed",45,86,2500,0,1000,1600,"positive"
10,"rent",48,39,"married","no","fixed",51,163,0,0,880,1345,"negative"
5,"owner",6,52,"married","no","fixed",35,122,2000,0,250,1500,"negative"
4,"rent",36,34,"married","no","fixed",73,126,0,0,1000,1250,"positive"
3,"owner",36,28,"married","no","partime",35,100,3000,0,1000,1851,"positive"
1,"other",36,37,"married","no","freelance",60,27,0,0,850,1000,"positive"
5,"owner",36,45,"married","no","fixed",75,167,7000,2300,400,800,"negative"
14,"rent",48,33,"married","no","fixed",65,45,0,0,1300,1695,"positive"
27,"owner",36,53,"married","yes","fixed",35,136,4000,0,350,1389,"negative"
1,"owner",48,39,"married","no","fixed",45,150,10500,0,1300,1392,"negative"
15,"owner",24,29,"married","no","fixed",45,130,4000,0,400,899,"negative"
20,"owner",60,36,"married","no","fixed",45,218,5000,2500,1600,2478,"negative"
31,"owner",48,57,"married","yes","freelance",60,230,19400,1781,600,887,"negative"
0,"owner",60,24,"married","no","others",35,104,7000,2500,1350,1425,"positive"
7,"owner",36,36,"married","no","fixed",45,103,4000,0,325,1626,"negative"
9,"rent",48,23,"married","no","fixed",47,118,0,0,1500,1643,"negative"
0,"rent",36,36,"married","no","partime",84,240,0,0,1050,1342,"positive"
18,"other",36,52,"married","no","fixed",35,120,0,0,600,1418,"negative"
19,"priv",60,54,"married","no","fixed",45,80,3500,0,1300,1534,"negative"
2,"rent",36,45,"single","no","fixed",45,99,0,0,350,555,"negative"
8,"owner",36,53,"married","no","fixed",45,254,6000,0,350,575,"negative"
12,"owner",60,27,"married","no","fixed",35,167,4000,0,1000,1537,"negative"
16,"rent",60,47,"married","yes","fixed",72,120,0,0,1150,1428,"negative"
26,"owner",36,44,"married","no","fixed",75,108,6000,0,1606,2605,"negative"
32,"owner",36,56,"married","no","fixed",60,152,7000,0,1000,2950,"negative"
12,"priv",12,41,"married","no","freelance",75,111,20000,0,1200,2130,"negative"
1,"owner",60,59,"married","no","others",45,228,10000,0,1150,1150,"negative"
14,"owner",48,48,"married","yes","fixed",60,107,5000,0,850,1801,"negative"
7,"rent",60,56,"married","no","fixed",55,101,0,0,790,1106,"negative"
13,"parents",36,27,"single","no","fixed",35,105,0,0,500,800,"negative"
1,"parents",48,36,"married","no","partime",60,150,0,0,1000,1148,"positive"
5,"owner",60,49,"married","yes","fixed",60,125,14000,0,1000,1297,"negative"
30,"rent",24,53,"married","no","freelance",69,240,25000,0,1000,2200,"negative"
21,"owner",48,53,"married","no","fixed",35,110,3000,0,1000,1674,"negative"
11,"owner",60,38,"married","no","freelance",35,122,3500,0,1000,1182,"negative"
11,"rent",60,50,"married","no","freelance",50,152,0,0,1400,1637,"negative"
4,"parents",48,21,"single","no","fixed",35,60,4000,0,600,1320,"negative"
2,"rent",60,41,"married","no","freelance",44,90,0,0,1800,2213,"positive"
20,"owner",24,46,"married","no","freelance",35,40,17000,0,1000,1895,"negative"
26,"owner",60,54,"married","no","freelance",60,186,80000,0,1600,2257,"negative"
20,"owner",36,48,"married","no","fixed",60,131,3500,0,1000,2188,"negative"
1,"parents",24,26,"single","no","fixed",45,153,18500,0,500,1505,"negative"
12,"priv",48,37,"married","no","freelance",60,100,9000,0,1200,1995,"negative"
4,"owner",60,37,"married","no","freelance",35,128,18000,0,800,1560,"negative"
4,"owner",60,37,"married","no","freelance",35,128,18000,0,800,1560,"negative"
4,"priv",60,43,"married","yes","fixed",45,109,0,0,1050,1530,"positive"
2,"owner",60,33,"married","no","fixed",60,198,4600,3500,700,760,"negative"
13,"rent",48,28,"married","yes","fixed",54,190,0,0,800,1157,"positive"
28,"owner",24,49,"married","no","fixed",35,73,2700,0,400,500,"negative"
21,"owner",36,51,"married","no","fixed",75,160,1500,0,900,1221,"negative"
3,"owner",60,28,"married","yes","partime",60,122,5000,1000,800,1484,"negative"
14,"owner",48,51,"married","no","fixed",45,130,2000,0,1400,1700,"negative"
6,"priv",60,45,"married","no","fixed",60,169,2500,300,1250,1565,"negative"
4,"parents",24,40,"single","no","fixed",35,150,5500,600,500,1672,"negative"
1,"rent",60,29,"married","no","fixed",59,142,0,0,700,1344,"negative"
5,"priv",36,32,"married","no","fixed",75,101,40000,0,1400,1444,"negative"
2,"parents",36,24,"single","no","fixed",35,65,0,0,895,895,"positive"
0,"owner",60,30,"single","no","partime",35,285,8000,0,850,1251,"negative"
14,"priv",48,42,"married","no","fixed",90,151,8000,6300,1000,1650,"negative"
0,"rent",48,49,"married","no","partime",52,72,0,0,500,950,"positive"
4,"rent",60,34,"single","no","fixed",43,80,0,0,1500,2218,"positive"
2,"owner",36,29,"single","no","freelance",35,71,3000,0,950,1300,"positive"
11,"owner",48,26,"married","no","fixed",35,135,3500,0,200,1871,"positive"
25,"owner",48,48,"married","yes","fixed",35,202,4000,0,800,1800,"negative"
2,"owner",36,21,"single","yes","freelance",35,25,13000,4000,1000,1200,"positive"
20,"owner",36,63,"married","no","freelance",35,110,6000,0,1000,1675,"negative"
9,"owner",60,32,"married","no","fixed",45,103,4500,0,1100,1293,"negative"
15,"owner",60,51,"married","no","fixed",60,216,5000,0,1000,1200,"negative"
5,"parents",60,25,"single","no","fixed",35,75,0,0,1200,1300,"negative"
1,"other",60,32,"married","yes","partime",35,114,4000,500,1150,1661,"positive"
14,"owner",60,28,"married","yes","fixed",35,198,7000,900,1000,1850,"negative"
9,"rent",48,32,"married","yes","fixed",87,270,0,0,1000,1640,"negative"
7,"owner",12,45,"widow","yes","freelance",75,200,15000,0,600,1130,"negative"
1,"parents",24,21,"single","no","fixed",35,64,3000,0,700,1250,"negative"
19,"owner",24,35,"married","no","fixed",60,90,4000,0,200,1147,"negative"
12,"owner",60,27,"married","no","fixed",35,132,3000,1400,1400,1428,"negative"
11,"owner",60,26,"married","no","fixed",35,70,5000,0,1050,1273,"negative"
1,"parents",48,21,"single","no","partime",35,164,0,0,1400,1503,"negative"
6,"parents",48,37,"married","no","fixed",45,179,0,0,1000,1530,"negative"
25,"priv",60,58,"married","no","fixed",35,164,5000,1000,1500,2000,"negative"
15,"owner",60,50,"widow","yes","freelance",35,25,15000,2520,880,951,"positive"
5,"parents",24,25,"single","no","partime",35,111,0,0,750,1125,"negative"
13,"owner",60,43,"married","no","fixed",45,123,3500,0,1600,1805,"negative"
35,"rent",60,52,"married","no","fixed",83,384,3000,3000,900,1633,"negative"
6,"parents",60,41,"married","no","fixed",75,217,0,0,1230,1238,"negative"
28,"owner",30,54,"married","no","fixed",45,234,15000,0,1250,2166,"negative"
0,"owner",60,61,"married","no","others",35,113,3000,0,1300,1726,"negative"
20,"other",48,47,"married","no","fixed",45,182,0,0,1200,1431,"negative"
15,"parents",48,30,"separated","no","fixed",35,126,0,0,850,1075,"negative"
3,"parents",24,20,"single","no","fixed",35,170,2000,0,500,1624,"negative"
2,"owner",48,57,"married","no","fixed",45,184,4000,0,1000,1500,"negative"
1,"owner",60,43,"married","no","partime",75,147,6000,2000,750,1256,"positive"
10,"owner",36,43,"married","no","fixed",60,200,6500,0,1370,1717,"negative"
15,"owner",60,29,"married","no","fixed",45,42,15000,4800,1500,2519,"negative"
0,"rent",60,38,"married","no","fixed",67,69,0,0,1200,1497,"positive"
0,"rent",36,25,"single","no","partime",44,93,0,0,800,1212,"negative"
4,"other",48,20,"single","no","fixed",35,245,0,0,1126,1631,"negative"
1,"rent",36,44,"married","yes","fixed",54,88,0,0,500,650,"positive"
16,"owner",60,44,"married","no","fixed",35,150,2500,400,2000,2190,"positive"
0,"parents",12,22,"single","no","others",35,42,0,0,200,748,"negative"
15,"owner",48,29,"married","no","freelance",45,176,16200,0,1400,2475,"negative"
15,"rent",24,42,"married","yes","fixed",41,64,0,0,200,400,"negative"
8,"priv",60,30,"married","no","fixed",35,55,8000,5500,2000,2552,"negative"
4,"owner",24,22,"single","no","fixed",35,97,3216,0,1000,1000,"positive"
11,"owner",60,54,"married","no","fixed",45,230,15000,0,1200,1415,"negative"
5,"owner",12,60,"married","no","fixed",60,125,5000,0,400,1361,"negative"
7,"rent",48,43,"married","no","fixed",44,92,0,0,1300,1653,"positive"
9,"rent",60,31,"single","no","fixed",44,87,0,0,1200,1364,"negative"
12,"owner",60,28,"single","no","fixed",35,126,15000,0,1350,1381,"negative"
5,"parents",36,29,"single","no","fixed",35,134,0,0,300,425,"negative"
5,"parents",60,23,"single","no","freelance",35,85,0,0,948,1148,"negative"
11,"owner",36,40,"married","no","fixed",45,203,8000,4000,900,1674,"negative"
1,"parents",18,25,"single","no","partime",35,47,0,0,400,1367,"negative"
20,"rent",48,46,"married","no","fixed",98,230,0,0,650,900,"negative"
10,"owner",24,50,"married","no","freelance",45,102,6000,0,1000,2445,"negative"
3,"priv",24,47,"married","no","fixed",60,116,4000,1500,800,1000,"positive"
11,"owner",60,38,"married","yes","fixed",60,352,5000,0,1300,1850,"negative"
2,"rent",60,36,"single","no","fixed",52,170,0,0,1300,1400,"negative"
18,"owner",60,35,"married","no","fixed",45,92,4000,0,950,1250,"negative"
15,"priv",48,49,"married","yes","fixed",60,112,2000,1000,900,960,"positive"
2,"rent",60,40,"single","yes","fixed",104,138,5000,300,1700,1879,"positive"
13,"parents",36,34,"single","no","fixed",35,90,0,0,500,1014,"negative"
3,"priv",36,53,"widow","no","others",105,84,2500,500,700,890,"positive"
0,"rent",36,27,"married","no","partime",42,72,0,0,700,925,"positive"
0,"parents",36,23,"single","no","fixed",35,200,0,0,1100,2095,"positive"
0,"owner",48,49,"married","no","partime",35,136,5000,1600,900,1178,"positive"
9,"owner",60,24,"married","no","fixed",35,125,4000,0,1000,1174,"negative"
12,"owner",36,49,"married","no","freelance",35,78,12000,2000,1000,1200,"negative"
2,"other",60,23,"married","no","freelance",35,140,0,0,1400,1581,"negative"
9,"rent",48,23,"married","no","fixed",65,197,0,0,400,2305,"negative"
22,"owner",48,44,"single","no","fixed",35,122,5000,0,900,1500,"negative"
0,"priv",60,39,"married","no","partime",35,85,1500,0,1270,1405,"positive"
0,"owner",60,27,"single","no","fixed",35,87,15000,0,1000,1034,"negative"
18,"owner",18,38,"married","yes","freelance",60,93,20000,0,950,1350,"positive"
10,"parents",36,50,"separated","no","fixed",35,86,0,0,700,1473,"negative"
2,"other",30,21,"single","no","fixed",35,53,5000,0,1000,1525,"negative"
3,"parents",36,28,"single","no","fixed",35,91,0,0,1000,2050,"negative"
15,"owner",60,48,"married","no","fixed",45,105,3000,0,250,1092,"negative"
10,"other",60,50,"single","no","fixed",35,147,0,0,1080,1152,"negative"
1,"parents",36,26,"single","yes","partime",35,335,0,0,600,700,"positive"
5,"parents",48,28,"married","no","fixed",35,173,0,0,1600,1630,"positive"
3,"rent",60,24,"single","no","fixed",60,147,0,0,1050,1351,"negative"
11,"owner",60,28,"married","no","fixed",75,260,24000,0,1400,1852,"negative"
4,"rent",36,24,"married","no","partime",55,100,0,0,650,725,"positive"
12,"owner",48,35,"single","no","fixed",45,264,25000,1700,1000,1560,"negative"
4,"owner",24,49,"married","no","fixed",45,132,15000,0,850,1338,"negative"
1,"parents",60,23,"single","no","fixed",35,53,80000,0,1150,1409,"negative"
3,"owner",60,51,"married","no","fixed",35,123,25000,0,1800,2208,"negative"
29,"rent",60,55,"married","yes","fixed",45,100,0,0,1400,1530,"positive"
3,"owner",60,64,"widow","no","others",35,135,2500,0,650,660,"negative"
0,"owner",60,42,"married","yes","partime",35,90,3000,1500,1200,1438,"negative"
2,"ignore",12,32,"married","yes","fixed",45,60,3000,0,1000,1800,"positive"
29,"owner",48,60,"married","no","fixed",35,152,3500,0,1050,1550,"negative"
20,"owner",24,42,"married","yes","freelance",60,145,10000,0,1000,1622,"negative"
2,"parents",60,23,"single","yes","fixed",35,80,0,0,1570,1671,"negative"
22,"owner",48,53,"married","no","fixed",35,110,5000,0,1500,1683,"negative"
14,"parents",36,30,"married","no","fixed",35,172,0,0,1100,1505,"negative"
5,"other",24,33,"married","no","fixed",60,115,0,0,400,1600,"negative"
8,"owner",36,37,"married","yes","fixed",75,190,20000,0,1000,2105,"negative"
5,"owner",60,26,"married","no","fixed",35,56,6000,0,1100,1151,"negative"
23,"owner",48,45,"married","no","fixed",90,298,10000,3500,500,1111,"negative"
1,"owner",60,28,"married","yes","fixed",35,72,6000,0,1150,2100,"negative"
0,"rent",12,23,"married","no","partime",43,80,0,0,200,1200,"positive"
6,"owner",60,22,"single","no","fixed",45,233,10000,0,850,1014,"negative"
1,"parents",60,33,"married","no","fixed",60,355,12000,0,1900,2150,"negative"
3,"parents",48,25,"single","no","fixed",35,32,0,0,700,1114,"negative"
0,"parents",60,22,"single","no","partime",35,49,0,0,1250,1316,"positive"
8,"owner",36,25,"married","no","fixed",35,185,3000,0,1600,2202,"negative"
2,"rent",60,28,"single","no","fixed",47,115,0,0,1000,1015,"negative"
1,"parents",60,21,"single","yes","freelance",35,73,0,0,800,899,"negative"
0,"owner",48,42,"separated","yes","fixed",60,119,15000,0,800,800,"positive"
3,"priv",60,35,"married","yes","fixed",45,219,1000,0,1000,1232,"positive"
14,"owner",48,44,"married","no","fixed",60,105,3000,0,500,1745,"negative"
6,"rent",60,23,"married","no","fixed",48,134,0,0,1000,1064,"negative"
0,"owner",60,41,"married","no","partime",45,40,4500,80,800,825,"positive"
3,"other",60,27,"single","no","fixed",35,184,4700,700,1400,1640,"negative"
1,"parents",60,20,"married","no","partime",35,90,0,0,1370,1499,"negative"
7,"rent",60,22,"married","no","partime",47,119,0,0,1040,1200,"positive"
2,"priv",60,21,"single","no","freelance",35,170,4000,0,1000,1522,"negative"
19,"priv",60,55,"married","no","fixed",45,118,4000,0,1300,1661,"negative"
0,"parents",12,24,"single","no","freelance",35,85,0,0,240,240,"negative"
1,"parents",36,23,"single","no","fixed",35,95,0,0,1000,1639,"negative"
4,"rent",48,33,"married","no","fixed",58,133,0,0,1500,1784,"negative"
4,"parents",30,30,"single","no","fixed",35,81,0,0,600,775,"negative"
2,"priv",60,35,"married","no","fixed",35,190,9900,2000,700,782,"negative"
20,"owner",60,54,"married","no","fixed",60,191,5000,0,600,1400,"negative"
1,"other",24,46,"married","no","partime",45,70,2500,0,390,590,"negative"
10,"rent",48,53,"married","no","fixed",48,127,0,0,500,1000,"negative"
3,"owner",60,41,"married","no","freelance",60,142,14000,0,1889,1889,"negative"
15,"owner",60,41,"married","no","fixed",35,125,10000,0,1000,1040,"negative"
5,"rent",48,26,"separated","no","fixed",53,178,0,0,1200,2279,"negative"
26,"owner",48,49,"married","no","fixed",60,240,2000,0,1750,2047,"negative"
6,"owner",36,23,"married","no","fixed",45,125,3500,1500,650,1158,"negative"
8,"rent",54,29,"married","no","fixed",43,80,0,0,1000,1241,"negative"
15,"owner",48,53,"married","no","freelance",45,200,15000,3500,1650,2000,"positive"
7,"owner",36,25,"married","no","fixed",35,70,3000,750,650,700,"negative"
19,"owner",36,47,"married","no","fixed",35,110,12000,1600,1400,1883,"negative"
7,"owner",60,26,"married","no","fixed",35,132,5000,2400,650,900,"negative"
10,"priv",36,41,"married","no","fixed",45,168,11500,4000,250,500,"negative"
2,"priv",24,41,"married","yes","freelance",90,19,5000,0,800,1900,"positive"
5,"rent",24,36,"married","no","fixed",70,100,0,0,700,2995,"negative"
2,"other",36,31,"married","no","fixed",45,130,0,0,600,1135,"negative"
2,"priv",48,44,"married","no","others",60,95,4300,0,1250,1250,"positive"
3,"parents",60,23,"single","no","freelance",45,70,4000,0,1000,1330,"negative"
10,"rent",36,45,"married","yes","fixed",83,383,0,0,800,4300,"negative"
10,"owner",48,35,"married","no","fixed",45,63,5000,350,1000,1580,"positive"
0,"parents",48,20,"single","no","partime",35,215,15000,0,1100,1100,"negative"
4,"parents",60,26,"single","no","fixed",35,104,2500,2000,1048,1048,"negative"
2,"parents",48,27,"married","no","fixed",45,164,0,0,1100,1464,"negative"
0,"parents",48,19,"single","no","partime",35,53,0,0,1250,1310,"negative"
4,"rent",60,29,"married","yes","fixed",59,142,1000,0,1250,1267,"negative"
18,"owner",60,51,"married","yes","fixed",45,182,5000,0,1500,1500,"negative"
1,"rent",60,23,"married","yes","fixed",54,92,0,0,1450,1626,"negative"
15,"priv",60,31,"married","no","fixed",60,100,2500,800,1000,1323,"negative"
0,"rent",60,36,"married","no","others",47,121,0,0,900,1423,"positive"
6,"other",60,20,"married","no","fixed",45,130,0,0,1250,1404,"negative"
10,"priv",60,30,"married","no","fixed",35,123,2000,0,1600,1600,"positive"
10,"owner",60,62,"married","no","fixed",60,78,6000,0,1130,1130,"positive"
4,"other",36,27,"single","no","freelance",35,41,0,0,200,795,"negative"
6,"parents",48,27,"single","no","fixed",35,113,4000,0,990,995,"negative"
6,"priv",60,35,"married","no","fixed",45,160,3000,1200,900,1612,"negative"
2,"owner",48,50,"married","no","fixed",35,86,4000,0,900,1221,"negative"
14,"parents",60,31,"married","no","fixed",35,100,0,0,1500,1500,"negative"
0,"other",36,19,"single","no","fixed",35,100,0,0,650,650,"positive"
1,"parents",60,38,"married","no","partime",60,92,3500,0,1000,1025,"positive"
3,"priv",60,27,"married","no","fixed",45,194,3500,1000,700,1083,"negative"
2,"owner",36,23,"single","no","freelance",45,135,10000,0,1250,1400,"negative"
2,"parents",60,25,"single","yes","partime",35,65,0,0,1500,1892,"positive"
5,"parents",60,30,"married","no","freelance",45,189,0,0,2000,2312,"negative"
2,"owner",48,57,"married","yes","fixed",45,200,15000,0,1300,2700,"negative"
3,"owner",36,40,"married","no","fixed",35,158,14000,0,700,850,"negative"
25,"owner",24,48,"married","no","fixed",35,97,3500,0,225,525,"negative"
9,"parents",60,26,"married","no","fixed",35,180,0,0,1300,1512,"negative"
15,"owner",24,39,"married","no","fixed",60,180,4500,0,590,1793,"negative"
7,"owner",60,34,"married","no","fixed",45,119,4000,0,2000,2221,"positive"
16,"priv",48,51,"married","no","fixed",45,130,3000,500,500,964,"negative"
23,"owner",48,47,"married","no","fixed",105,139,2500,0,750,940,"negative"
2,"owner",24,29,"single","no","fixed",35,117,9000,0,500,1875,"negative"
14,"owner",60,38,"married","yes","fixed",60,145,5000,2400,1200,1383,"positive"
20,"priv",48,38,"married","no","fixed",60,57,2500,0,900,1246,"negative"
38,"rent",60,57,"married","no","fixed",56,210,0,0,1350,1520,"negative"
2,"rent",48,31,"married","no","freelance",90,296,0,0,1450,2255,"negative"
15,"owner",60,48,"separated","no","fixed",45,150,21000,0,1150,1579,"negative"
13,"priv",60,40,"married","no","fixed",60,100,3500,540,970,1270,"negative"
6,"parents",48,46,"married","no","fixed",35,205,0,0,800,1450,"negative"
1,"owner",24,60,"married","no","others",75,93,4000,0,400,1138,"negative"
10,"rent",36,33,"married","no","fixed",68,84,0,0,400,470,"negative"
7,"parents",36,22,"single","no","partime",35,77,0,0,800,875,"positive"
16,"owner",18,32,"married","yes","fixed",60,140,12000,240,250,542,"negative"
1,"rent",36,30,"single","no","fixed",49,141,0,0,700,850,"negative"
5,"priv",24,42,"married","no","fixed",60,86,800,0,250,857,"negative"
2,"owner",48,23,"married","no","fixed",35,125,3000,1600,1000,1259,"negative"
1,"owner",60,33,"married","no","fixed",60,93,3500,0,1190,1190,"negative"
5,"rent",36,32,"married","yes","freelance",64,42,15000,0,1300,1450,"positive"
6,"parents",12,23,"single","no","fixed",35,100,0,0,475,1080,"negative"
8,"rent",60,31,"married","no","fixed",66,211,0,0,1950,2276,"negative"
14,"priv",18,28,"married","no","fixed",45,68,3000,0,200,400,"positive"
18,"owner",60,47,"separated","no","fixed",35,240,6500,0,1795,1795,"negative"
18,"owner",36,45,"married","no","freelance",60,112,4500,0,700,1360,"negative"
20,"owner",30,52,"married","yes","fixed",45,85,3500,0,250,1287,"negative"
0,"owner",48,31,"married","no","fixed",45,122,4000,0,1000,1541,"negative"
0,"rent",60,35,"single","no","fixed",60,250,0,0,1650,1673,"negative"
17,"rent",48,54,"married","no","fixed",168,325,0,0,860,1059,"negative"
10,"parents",48,26,"single","no","fixed",35,55,12000,0,750,768,"negative"
10,"priv",18,45,"married","yes","freelance",35,47,4000,350,375,475,"positive"
5,"parents",60,24,"single","no","fixed",35,120,0,0,900,1249,"negative"
0,"owner",36,42,"married","no","freelance",75,39,10000,0,800,1150,"negative"
0,"owner",48,24,"married","no","partime",35,150,5000,3130,1000,1404,"negative"
5,"rent",36,31,"married","no","freelance",46,109,0,0,400,750,"negative"
1,"priv",60,41,"married","yes","fixed",45,77,4000,0,1300,1673,"positive"
1,"rent",36,39,"separated","yes","others",52,65,0,0,500,700,"positive"
5,"rent",36,30,"married","no","fixed",74,140,0,0,850,862,"negative"
0,"priv",60,34,"married","no","partime",35,107,3000,2500,1000,1189,"positive"
5,"priv",60,23,"single","no","fixed",35,181,2000,0,1400,1643,"negative"
2,"owner",60,33,"married","no","partime",45,77,2500,0,1000,1197,"positive"
2,"owner",48,51,"married","no","freelance",60,241,6500,51,900,1100,"negative"
6,"parents",24,27,"single","no","fixed",45,149,6500,0,850,1340,"negative"
2,"parents",36,30,"married","yes","partime",60,203,0,0,600,1549,"negative"
2,"owner",60,25,"married","no","fixed",35,158,6000,4380,1400,1423,"negative"
0,"owner",60,26,"married","no","partime",75,90,4000,2880,2000,2200,"positive"
1,"owner",60,28,"married","yes","fixed",60,150,3500,270,1000,1119,"negative"
10,"rent",60,49,"married","no","fixed",54,93,0,0,450,1298,"negative"
2,"owner",24,47,"married","yes","freelance",35,95,7000,0,800,2333,"negative"
8,"owner",60,38,"married","no","fixed",35,218,8000,0,1500,1785,"negative"
15,"owner",36,45,"married","no","freelance",60,214,8000,0,1400,1500,"negative"
8,"rent",48,29,"married","no","fixed",42,70,0,0,1100,2111,"negative"
4,"other",24,43,"married","no","freelance",45,125,0,0,400,1100,"negative"
15,"owner",60,29,"married","no","fixed",45,110,4500,900,1300,1595,"negative"
2,"rent",60,40,"married","no","fixed",89,140,0,0,1250,1250,"negative"
3,"parents",48,28,"single","no","freelance",35,79,0,0,1400,1958,"positive"
7,"owner",24,40,"married","no","fixed",60,123,5000,0,1000,2348,"negative"
13,"rent",60,39,"divorced","no","fixed",87,120,0,0,1400,1526,"negative"
5,"parents",60,40,"married","yes","fixed",45,100,0,0,1385,1385,"positive"
15,"owner",12,46,"separated","no","freelance",35,85,15000,0,1000,1862,"negative"
1,"parents",48,30,"single","no","fixed",35,75,13000,0,1000,1300,"negative"
0,"owner",60,32,"married","no","others",45,77,4000,0,1750,2200,"positive"
13,"rent",60,31,"divorced","yes","freelance",41,55,0,0,1350,1428,"negative"
2,"parents",60,32,"married","no","partime",75,60,0,0,1100,1347,"negative"
2,"owner",48,33,"married","no","fixed",45,173,4500,3000,300,1107,"negative"
0,"other",48,56,"married","no","others",45,105,25000,0,1900,2150,"positive"
6,"other",60,33,"married","no","fixed",75,95,0,0,1200,1820,"negative"
4,"owner",36,36,"married","no","fixed",45,75,4000,0,800,800,"negative"
2,"rent",48,23,"single","no","partime",51,158,0,0,1300,1700,"positive"
20,"parents",36,39,"married","no","freelance",60,346,35000,0,1900,2440,"negative"
5,"rent",60,36,"married","yes","fixed",66,61,0,0,1100,1243,"positive"
1,"rent",36,46,"married","no","partime",82,72,0,0,850,1418,"positive"
1,"owner",24,31,"married","no","fixed",35,207,10000,0,550,650,"negative"
10,"parents",60,30,"married","no","fixed",60,195,800,0,1800,2400,"negative"
15,"owner",60,32,"married","no","fixed",60,105,7000,3700,1200,1204,"positive"
1,"parents",48,23,"single","no","partime",35,103,0,0,820,1323,"negative"
1,"parents",48,24,"single","no","fixed",35,75,0,0,1050,1429,"negative"
24,"owner",36,42,"married","no","fixed",90,97,5800,0,500,1536,"negative"
11,"rent",60,43,"married","no","fixed",49,135,0,0,1200,1650,"negative"
5,"owner",36,47,"married","no","freelance",60,80,4000,0,350,385,"negative"
5,"rent",60,25,"married","no","freelance",72,121,0,0,2000,2200,"positive"
2,"owner",36,53,"married","no","freelance",35,71,5000,0,800,1615,"negative"
2,"owner",36,37,"married","no","fixed",60,125,2000,0,450,1490,"negative"
13,"owner",36,59,"married","yes","fixed",35,170,6000,0,700,844,"negative"
2,"owner",60,36,"married","no","fixed",60,190,4500,1200,1575,1611,"negative"
13,"owner",60,45,"married","no","fixed",75,475,5000,0,1300,2300,"negative"
0,"other",60,22,"single","no","fixed",35,89,0,0,1400,1666,"negative"
1,"parents",60,25,"married","no","fixed",35,140,0,0,2000,2100,"negative"
8,"rent",60,34,"married","yes","fixed",80,200,0,0,1200,1800,"positive"
0,"rent",36,23,"married","no","partime",44,88,0,0,450,495,"positive"
1,"rent",48,58,"married","no","freelance",108,180,12000,8000,1000,1668,"positive"
20,"owner",48,53,"married","no","freelance",60,83,7500,0,1200,1797,"negative"
21,"priv",48,51,"married","no","fixed",60,110,2500,400,1000,1398,"negative"
1,"parents",60,23,"single","no","fixed",35,100,0,0,1600,1642,"positive"
4,"parents",24,33,"single","no","fixed",35,125,0,0,750,1139,"negative"
12,"priv",48,45,"married","no","fixed",45,159,5000,0,1200,1425,"negative"
1,"rent",60,58,"married","no","others",46,105,5000,0,1000,1211,"negative"
13,"owner",60,38,"married","no","freelance",35,140,7500,0,350,1355,"negative"
10,"owner",36,59,"married","no","fixed",75,120,3000,0,250,850,"negative"
11,"priv",60,56,"married","yes","fixed",35,100,2000,200,1220,1400,"negative"
20,"owner",48,50,"married","no","freelance",60,142,5000,0,650,1177,"negative"
8,"owner",36,45,"married","yes","freelance",45,314,18000,0,2800,2960,"positive"
0,"rent",60,25,"married","no","partime",41,64,0,0,1450,1537,"negative"
0,"owner",60,47,"married","yes","partime",60,50,15000,0,1300,1841,"positive"
3,"owner",60,39,"married","no","fixed",60,120,4500,870,900,1580,"negative"
30,"owner",60,59,"married","no","freelance",45,250,10000,0,1000,1098,"negative"
2,"parents",60,35,"married","yes","partime",75,130,0,0,1450,1480,"positive"
8,"owner",36,37,"married","yes","fixed",45,142,4500,300,370,870,"negative"
1,"rent",36,23,"married","no","partime",54,88,0,0,600,750,"positive"
14,"owner",30,37,"married","no","fixed",60,121,5000,0,650,1708,"negative"
0,"parents",48,28,"single","no","freelance",35,65,3000,0,800,1800,"positive"
10,"owner",60,31,"single","no","fixed",35,80,2500,900,1100,1320,"negative"
3,"owner",48,38,"married","yes","fixed",45,125,5000,0,1285,1311,"positive"
15,"owner",24,53,"married","yes","freelance",60,245,30000,0,2400,4400,"negative"
4,"rent",60,34,"married","yes","fixed",100,247,0,0,1700,2278,"positive"
10,"parents",48,54,"married","no","fixed",60,80,0,0,1100,1423,"positive"
12,"owner",60,31,"married","no","fixed",35,183,10000,2200,1300,1349,"negative"
25,"rent",60,52,"married","no","fixed",61,163,5000,900,1650,1683,"negative"
0,"parents",24,35,"single","no","partime",35,60,0,0,800,1560,"positive"
0,"priv",36,24,"married","yes","partime",60,169,1500,0,690,790,"positive"
5,"owner",42,32,"married","no","fixed",60,96,6000,800,1700,2349,"positive"
1,"owner",48,24,"married","no","partime",45,59,3000,1600,500,500,"positive"
6,"parents",36,26,"married","no","fixed",35,119,0,0,1000,2193,"negative"
12,"parents",24,28,"single","no","fixed",35,102,4000,0,250,1150,"negative"
8,"rent",36,61,"single","no","fixed",42,72,0,0,325,450,"negative"
5,"rent",36,30,"single","yes","freelance",48,127,0,0,650,900,"negative"
2,"parents",36,28,"single","yes","fixed",35,51,0,0,325,525,"negative"
35,"rent",42,52,"married","yes","fixed",58,130,2000,0,1000,1777,"negative"
3,"parents",60,26,"single","no","fixed",35,83,0,0,1050,1156,"negative"
20,"owner",60,54,"married","no","fixed",35,100,5000,0,1600,2500,"negative"
17,"owner",24,36,"married","no","fixed",45,115,300,0,600,1642,"negative"
14,"owner",36,56,"married","no","fixed",35,160,2000,0,550,685,"negative"
6,"parents",48,38,"divorced","no","fixed",35,98,0,0,500,580,"negative"
6,"rent",36,26,"married","no","fixed",47,120,0,0,1250,1657,"negative"
2,"parents",48,33,"single","yes","partime",35,82,0,0,1050,1332,"positive"
13,"owner",60,46,"married","yes","fixed",90,115,2500,350,1200,1222,"negative"
1,"priv",60,26,"married","no","fixed",45,137,5000,0,1350,1471,"negative"
2,"parents",48,25,"married","no","fixed",35,48,6500,0,900,912,"positive"
1,"parents",48,23,"single","no","partime",35,72,0,0,1078,1079,"positive"
15,"owner",24,40,"married","yes","fixed",35,143,10000,0,3000,6468,"negative"
8,"parents",60,31,"single","no","freelance",35,107,0,0,1250,1499,"negative"
3,"owner",36,28,"married","no","freelance",35,180,5000,0,375,1139,"negative"
9,"parents",36,28,"single","no","fixed",35,65,0,0,600,1446,"negative"
0,"parents",60,24,"single","no","partime",35,103,8000,0,1070,1405,"negative"
2,"owner",60,27,"single","yes","fixed",35,120,8000,0,975,1140,"positive"
0,"priv",18,27,"married","no","fixed",45,60,0,0,750,1050,"negative"
16,"parents",60,30,"married","no","fixed",35,80,2000,0,1200,1371,"negative"
6,"owner",60,42,"separated","no","fixed",35,87,10000,0,1400,1725,"negative"
3,"owner",60,42,"married","no","fixed",60,143,5000,0,850,1059,"negative"
7,"rent",36,29,"married","no","fixed",58,125,0,0,1100,1350,"positive"
15,"owner",60,35,"married","no","fixed",75,290,15000,0,775,951,"negative"
2,"owner",36,30,"married","no","fixed",45,350,4000,0,800,1800,"negative"
1,"owner",24,56,"married","yes","fixed",45,151,7500,0,800,1300,"positive"
3,"owner",60,36,"married","no","freelance",60,139,6000,0,1200,1343,"negative"
20,"owner",60,48,"married","no","fixed",45,178,25000,700,800,1150,"negative"
2,"owner",36,54,"single","yes","fixed",35,352,30000,0,750,1061,"positive"
3,"rent",60,48,"married","no","others",77,24,0,0,1700,1803,"negative"
1,"parents",48,40,"single","yes","fixed",35,80,3500,0,1100,1144,"positive"
2,"rent",36,31,"married","no","fixed",45,102,0,0,350,750,"positive"
15,"owner",60,30,"married","no","fixed",60,140,4000,0,1500,1505,"negative"
14,"owner",48,39,"married","no","fixed",60,114,11800,0,1300,1926,"negative"
3,"parents",18,21,"single","no","fixed",35,176,8000,0,1200,2150,"negative"
1,"parents",36,19,"single","no","fixed",35,73,3000,0,1000,1200,"negative"
5,"owner",60,34,"married","no","fixed",60,233,6000,2000,1980,2126,"positive"
10,"owner",60,26,"married","no","fixed",35,73,4000,2000,1700,1900,"positive"
5,"rent",48,31,"single","yes","fixed",47,120,0,0,900,1492,"negative"
5,"parents",48,23,"single","no","fixed",35,82,0,0,1550,1630,"negative"
2,"owner",60,23,"single","no","fixed",45,75,7000,0,1070,1209,"negative"
35,"owner",24,51,"married","no","fixed",35,250,6000,0,450,1902,"negative"
1,"parents",36,24,"single","yes","partime",35,50,0,0,1750,1850,"positive"
15,"other",36,41,"married","no","fixed",45,195,0,0,525,600,"negative"
1,"parents",24,21,"single","no","partime",35,90,0,0,900,1307,"negative"
15,"owner",48,37,"married","yes","freelance",45,178,30000,9500,2400,3120,"negative"
0,"parents",48,30,"single","yes","fixed",35,274,0,0,2000,2354,"positive"
15,"owner",48,51,"married","no","fixed",45,85,4000,0,600,1298,"negative"
10,"rent",24,39,"single","yes","others",55,195,0,0,400,435,"positive"
1,"parents",36,23,"single","no","partime",35,70,2000,0,1050,1410,"positive"
16,"parents",60,31,"married","yes","fixed",35,150,0,0,1300,1400,"negative"
1,"rent",36,27,"married","yes","fixed",46,108,0,0,475,550,"negative"
0,"owner",60,56,"married","no","fixed",45,150,10000,0,1000,1798,"negative"
14,"owner",48,40,"married","no","fixed",75,335,8000,0,1800,2208,"negative"
4,"rent",60,24,"married","no","fixed",50,151,0,0,900,1155,"negative"
26,"rent",36,61,"married","no","fixed",56,109,0,0,400,425,"negative"
2,"other",60,22,"married","yes","fixed",60,125,0,0,1100,1281,"positive"
30,"rent",48,55,"married","yes","fixed",51,160,0,0,1100,1100,"positive"
11,"parents",24,28,"single","no","fixed",35,82,0,0,400,800,"negative"
25,"rent",60,52,"married","no","fixed",55,199,0,0,1250,1262,"negative"
7,"rent",60,32,"married","no","fixed",46,111,0,0,1200,1373,"positive"
2,"owner",48,44,"married","yes","fixed",60,310,20000,600,1700,2700,"negative"
11,"parents",60,27,"single","yes","fixed",35,57,0,0,600,1537,"negative"
0,"ignore",36,38,"married","no","partime",60,95,0,0,1000,1647,"positive"
11,"owner",60,34,"single","no","fixed",35,103,4500,2000,1200,1410,"negative"
15,"rent",48,40,"married","no","fixed",57,120,0,0,1000,1500,"negative"
8,"parents",36,26,"single","no","fixed",35,65,0,0,500,1715,"negative"
1,"rent",36,44,"married","yes","fixed",54,90,0,0,1500,2100,"positive"
0,"rent",48,46,"married","no","partime",72,116,0,0,860,965,"positive"
2,"owner",60,32,"married","no","partime",60,75,5500,1500,1400,1732,"positive"
9,"owner",12,30,"married","yes","freelance",60,93,6500,2235,500,1550,"negative"
1,"owner",24,49,"married","yes","partime",35,90,7000,0,265,300,"positive"
2,"parents",48,24,"single","no","fixed",35,64,0,0,1500,1734,"negative"
3,"parents",60,35,"single","no","fixed",35,190,2500,0,1400,1561,"negative"
14,"rent",60,30,"married","no","fixed",55,95,0,0,850,1015,"negative"
3,"owner",48,29,"single","no","fixed",35,76,4000,1500,800,1500,"negative"
0,"owner",60,27,"married","no","partime",35,74,5000,2500,1550,1555,"positive"
7,"other",60,27,"single","no","fixed",35,78,0,0,1500,1878,"negative"
16,"owner",48,41,"married","no","fixed",45,108,9000,0,1150,1235,"negative"
20,"owner",60,47,"married","no","fixed",90,212,11000,0,1150,1669,"negative"
3,"other",60,29,"married","no","freelance",35,128,0,0,1100,1350,"positive"
23,"other",60,43,"married","no","fixed",60,155,0,0,1650,2270,"negative"
4,"owner",12,54,"married","no","fixed",75,83,3000,0,600,1468,"negative"
8,"owner",60,34,"married","no","fixed",45,100,3500,0,1300,1300,"negative"
15,"rent",48,33,"married","no","fixed",78,179,0,0,1150,1661,"negative"
8,"owner",36,58,"married","no","fixed",35,85,10000,0,1000,1510,"negative"
1,"other",60,33,"single","no","partime",35,96,0,0,700,1640,"positive"
1,"owner",48,59,"married","no","others",35,33,6000,0,850,900,"negative"
0,"owner",60,64,"married","no","others",35,101,5000,0,820,1205,"negative"
5,"owner",36,66,"married","no","others",35,178,15000,0,330,837,"negative"
4,"owner",60,35,"married","no","fixed",35,85,5500,900,1500,1810,"negative"
10,"parents",48,31,"married","no","fixed",35,47,8000,0,1000,1389,"negative"
0,"rent",48,23,"single","no","fixed",44,88,0,0,1000,1529,"negative"
5,"rent",48,22,"married","no","fixed",51,156,0,0,1500,1564,"positive"
1,"parents",60,21,"single","no","partime",35,45,0,0,400,904,"negative"
0,"owner",36,25,"married","no","fixed",45,121,3144,1751,225,375,"negative"
0,"owner",60,27,"married","no","fixed",35,295,6000,0,1950,2208,"negative"
16,"owner",60,40,"married","yes","fixed",75,120,5000,2000,400,1309,"negative"
4,"rent",60,38,"married","no","fixed",79,188,3000,1500,1350,1624,"positive"
12,"rent",36,31,"married","yes","fixed",73,131,0,0,200,200,"negative"
31,"owner",48,45,"married","no","fixed",45,181,3500,270,900,1522,"negative"
6,"parents",60,30,"married","no","fixed",60,72,0,0,200,1083,"negative"
5,"owner",36,39,"married","no","fixed",60,150,10000,0,1350,1758,"negative"
14,"parents",48,31,"single","yes","fixed",35,100,0,0,800,1084,"negative"
0,"owner",60,59,"married","no","others",35,131,12000,0,1150,1157,"positive"
1,"owner",60,27,"married","yes","fixed",45,62,7000,4500,1650,2060,"positive"
1,"owner",48,22,"single","yes","partime",35,125,3000,0,600,1087,"negative"
5,"parents",36,21,"single","yes","fixed",35,62,0,0,250,375,"negative"
18,"owner",12,58,"widow","yes","fixed",75,158,6000,0,400,973,"negative"
3,"owner",36,41,"married","yes","fixed",45,270,25000,0,900,910,"negative"
2,"priv",60,38,"married","no","partime",60,150,4000,0,1000,1270,"positive"
6,"owner",36,32,"married","yes","freelance",60,149,8000,3000,950,950,"positive"
7,"owner",12,40,"married","no","fixed",60,225,6000,0,400,1721,"negative"
3,"owner",60,32,"married","no","fixed",35,138,3500,0,1600,2131,"negative"
11,"owner",24,41,"married","no","fixed",60,100,15000,0,700,1480,"negative"
10,"rent",36,31,"married","no","fixed",90,153,0,0,175,675,"negative"
17,"rent",12,46,"married","no","fixed",59,141,0,0,200,600,"negative"
1,"owner",48,46,"married","no","fixed",90,170,14000,0,1000,1125,"negative"
1,"parents",36,22,"single","no","partime",35,59,0,0,880,940,"positive"
2,"rent",36,28,"married","no","partime",42,67,0,0,150,898,"positive"
2,"priv",48,31,"married","no","fixed",45,65,3500,900,300,925,"negative"
2,"parents",36,34,"married","no","fixed",60,400,9800,0,900,1316,"negative"
20,"owner",24,54,"married","no","fixed",35,175,11500,0,500,1080,"negative"
18,"owner",60,44,"married","no","fixed",60,110,4000,500,1300,1725,"negative"
0,"parents",60,30,"married","no","fixed",60,128,0,0,900,975,"negative"
8,"priv",60,32,"married","no","fixed",35,95,2500,480,950,1350,"negative"
1,"parents",24,21,"single","no","partime",45,114,2500,500,500,1154,"negative"
3,"owner",60,29,"married","no","fixed",45,130,3500,1690,1100,1127,"negative"
4,"parents",36,39,"married","no","fixed",60,100,6000,0,800,1500,"negative"
5,"owner",36,45,"widow","no","others",35,142,6000,0,800,850,"negative"
18,"rent",48,53,"separated","yes","freelance",51,164,0,0,1000,1295,"positive"
1,"rent",60,28,"married","no","fixed",60,150,0,0,1350,1419,"negative"
8,"owner",24,47,"single","yes","fixed",35,320,50000,2000,300,2300,"negative"
6,"owner",48,51,"married","no","freelance",35,105,4000,0,1350,1595,"negative"
4,"owner",48,42,"married","no","fixed",35,111,3500,0,1000,1683,"negative"
7,"rent",60,38,"separated","yes","fixed",42,70,0,0,921,921,"positive"
6,"priv",48,35,"married","no","fixed",45,125,3500,1125,700,1226,"negative"
7,"owner",60,38,"married","yes","freelance",60,40,6000,0,1500,1610,"positive"
2,"parents",36,19,"single","no","partime",35,45,0,0,600,790,"positive"
2,"owner",60,54,"widow","yes","fixed",35,180,8000,0,1000,1130,"positive"
2,"rent",18,25,"single","no","partime",44,85,0,0,320,425,"positive"
12,"owner",60,34,"married","no","fixed",35,187,6000,2000,500,1457,"negative"
1,"rent",60,21,"married","no","partime",45,100,17000,0,1050,1251,"negative"
5,"owner",36,43,"married","no","others",75,192,15000,0,1500,2448,"positive"
1,"priv",60,28,"married","no","partime",60,174,6000,720,1650,1930,"positive"
0,"rent",60,30,"married","no","fixed",70,100,2000,0,1150,1265,"negative"
3,"owner",60,22,"single","yes","freelance",35,178,9000,3000,1500,1528,"positive"
4,"rent",36,23,"married","no","fixed",46,108,0,0,315,315,"positive"
45,"other",48,62,"married","no","fixed",45,100,0,0,450,935,"negative"
0,"owner",60,39,"married","yes","fixed",45,150,23000,5000,1050,1625,"negative"
0,"owner",60,34,"married","yes","partime",35,165,8000,2000,1450,1800,"negative"
12,"owner",60,35,"married","yes","fixed",35,108,18500,1300,1550,1584,"negative"
2,"owner",60,40,"married","no","freelance",75,67,25000,0,1800,2287,"negative"
2,"priv",60,37,"married","yes","fixed",60,120,3000,1380,1000,1582,"positive"
15,"owner",48,55,"married","no","freelance",45,88,15000,0,650,1243,"negative"
30,"owner",48,56,"married","yes","fixed",45,75,6000,0,1300,1423,"negative"
1,"rent",36,36,"separated","no","fixed",65,200,0,0,900,1200,"negative"
42,"owner",60,60,"married","no","fixed",45,232,5000,0,1130,1275,"negative"
10,"priv",48,28,"single","no","fixed",35,129,3500,933,1000,1529,"negative"
5,"owner",48,21,"married","no","fixed",45,100,3000,0,800,1310,"negative"
6,"owner",60,36,"separated","no","freelance",45,85,5000,0,1000,1341,"negative"
6,"rent",60,40,"married","no","fixed",54,92,0,0,1000,1155,"negative"
4,"rent",48,32,"married","no","fixed",56,110,0,0,800,1626,"negative"
31,"rent",60,59,"married","no","fixed",53,80,0,0,1050,1182,"negative"
14,"owner",18,48,"married","no","fixed",35,143,4000,0,250,300,"negative"
6,"owner",12,66,"widow","no","others",35,105,5000,0,550,1450,"negative"
15,"other",60,32,"married","no","fixed",45,88,0,0,500,1131,"negative"
6,"priv",60,34,"married","no","fixed",45,124,1500,100,1100,1392,"negative"
10,"owner",60,38,"married","no","fixed",45,184,6000,1000,1125,1325,"negative"
11,"owner",60,34,"married","no","fixed",35,100,3500,0,950,1241,"negative"
10,"owner",6,35,"married","yes","freelance",75,50,6000,1500,500,983,"negative"
20,"parents",60,42,"single","no","fixed",35,80,0,0,800,1520,"negative"
10,"owner",36,43,"married","no","freelance",75,292,8000,0,1800,2240,"negative"
5,"rent",48,25,"married","no","fixed",55,100,0,0,549,549,"negative"
12,"priv",36,51,"married","no","fixed",45,130,4000,0,1200,1400,"negative"
2,"other",60,32,"married","no","partime",45,150,0,0,1450,1850,"positive"
9,"owner",48,47,"married","no","freelance",35,183,45000,1700,3000,3690,"negative"
9,"owner",12,26,"single","no","fixed",35,91,4000,0,1000,1776,"negative"
16,"other",30,44,"married","no","freelance",35,107,8000,0,1300,1634,"negative"
2,"parents",48,27,"separated","no","partime",35,125,0,0,870,1480,"positive"
0,"owner",48,66,"married","no","others",35,45,5500,0,1250,1267,"negative"
2,"other",60,26,"married","no","freelance",35,30,0,0,900,1159,"negative"
3,"owner",36,49,"married","no","freelance",45,64,4000,0,400,773,"negative"
1,"owner",48,28,"married","no","fixed",45,116,4000,1857,1100,1173,"negative"
1,"priv",60,32,"married","no","fixed",60,140,4000,1300,1200,1410,"negative"
0,"other",60,30,"single","no","partime",35,61,0,0,500,1081,"negative"
2,"rent",60,43,"married","yes","partime",84,86,0,0,1650,1782,"positive"
13,"owner",60,41,"married","no","fixed",75,89,2000,0,1000,1274,"negative"
14,"owner",48,32,"married","no","partime",45,165,4000,112,1300,1346,"negative"
3,"owner",60,24,"married","no","freelance",60,67,9000,0,1300,2885,"negative"
14,"owner",48,53,"married","no","fixed",45,95,3000,0,1060,1060,"negative"
5,"owner",36,65,"single","no","others",35,121,10000,0,900,1191,"negative"
3,"rent",30,39,"married","no","fixed",58,128,0,0,600,1098,"negative"
15,"owner",60,38,"married","no","fixed",60,90,6000,480,1100,1289,"negative"
6,"owner",60,33,"married","yes","fixed",45,103,10000,0,1000,1658,"negative"
15,"owner",60,29,"single","no","fixed",35,130,5000,0,830,1000,"negative"
10,"owner",60,47,"separated","no","fixed",35,229,7000,0,2550,3500,"positive"
12,"owner",36,38,"married","no","fixed",35,143,5000,1100,700,2093,"negative"
4,"parents",36,26,"single","yes","freelance",35,65,3500,0,1300,1475,"positive"
15,"priv",60,33,"single","no","fixed",35,163,5000,0,1000,2244,"negative"
14,"parents",18,29,"married","no","fixed",45,162,0,0,600,2120,"negative"
2,"owner",60,30,"married","no","partime",35,154,2500,500,1000,1725,"negative"
9,"owner",60,47,"married","no","fixed",60,55,9500,0,600,1164,"negative"
0,"parents",60,24,"single","no","fixed",35,53,0,0,1200,1497,"positive"
14,"parents",24,28,"married","no","fixed",45,192,0,0,1000,1736,"negative"
14,"owner",36,36,"married","yes","fixed",75,115,11000,3600,1250,1550,"negative"
16,"owner",60,33,"married","no","fixed",45,90,6000,0,1500,1630,"negative"
29,"owner",60,52,"married","no","partime",45,175,2500,0,1186,1286,"positive"
3,"owner",60,36,"married","yes","freelance",35,60,2500,0,2300,2965,"negative"
6,"owner",48,28,"married","no","fixed",45,114,3500,0,650,1255,"negative"
47,"owner",48,61,"married","no","fixed",35,110,5500,30,1200,1200,"negative"
14,"owner",60,34,"married","no","fixed",45,130,4000,0,1100,1654,"negative"
5,"parents",48,23,"single","no","partime",35,92,0,0,1200,1200,"positive"
6,"other",36,23,"single","no","fixed",35,68,0,0,600,1271,"negative"
4,"parents",60,24,"married","no","fixed",35,130,0,0,800,897,"negative"
1,"owner",12,61,"married","no","others",45,103,20000,0,300,650,"negative"
8,"priv",60,45,"married","no","freelance",75,200,35000,0,800,1270,"negative"
6,"parents",60,30,"separated","no","fixed",45,170,0,0,750,1674,"negative"
6,"parents",60,26,"single","yes","fixed",35,270,0,0,1800,1921,"negative"
15,"owner",60,34,"married","no","fixed",45,82,3500,0,750,1624,"negative"
17,"rent",24,50,"married","no","freelance",68,79,1000,0,1000,3782,"negative"
6,"rent",60,45,"married","no","fixed",59,139,0,0,1350,1612,"positive"
18,"owner",60,51,"married","no","fixed",60,205,8000,0,1100,1350,"negative"
15,"owner",48,29,"married","yes","fixed",35,100,8500,1300,500,873,"negative"
0,"owner",24,20,"single","no","partime",45,188,2000,1500,300,315,"negative"
2,"owner",48,55,"married","no","others",35,135,8000,0,800,800,"negative"
6,"rent",48,37,"single","no","fixed",55,200,0,0,1450,1650,"positive"
3,"owner",24,32,"married","no","fixed",45,120,5000,0,800,1023,"negative"
18,"owner",60,42,"married","no","fixed",45,172,3500,0,1850,2034,"negative"
0,"parents",60,21,"single","no","freelance",35,44,0,0,1200,1311,"negative"
3,"rent",60,30,"married","no","fixed",77,169,0,0,1500,2037,"negative"
0,"priv",6,22,"single","yes","partime",35,115,1000,0,250,800,"positive"
15,"owner",24,41,"married","yes","partime",45,180,6000,0,700,1888,"negative"
12,"rent",60,30,"single","yes","fixed",44,86,0,0,1300,1380,"positive"
15,"rent",48,45,"married","no","fixed",88,130,3000,0,1300,1591,"negative"
2,"rent",60,29,"married","no","fixed",80,200,0,0,1250,1250,"negative"
14,"owner",36,39,"married","no","fixed",60,167,5000,0,1350,1355,"negative"
4,"owner",36,26,"married","no","fixed",35,100,6500,3900,500,500,"negative"
1,"priv",60,22,"single","no","partime",35,73,4500,4300,1000,1485,"negative"
4,"rent",60,53,"widow","no","others",37,22,20000,0,1300,1498,"positive"
2,"owner",36,37,"married","no","fixed",60,83,3500,0,310,1119,"negative"
1,"rent",36,28,"married","yes","fixed",47,122,0,0,950,1100,"positive"
15,"other",36,39,"separated","no","fixed",45,116,4000,0,600,1196,"negative"
4,"owner",60,25,"single","no","freelance",35,100,25000,0,2250,2270,"negative"
3,"parents",60,27,"single","yes","fixed",35,117,0,0,1500,2190,"positive"
6,"owner",60,35,"married","no","fixed",60,135,4500,1000,1658,1675,"negative"
16,"parents",48,31,"single","yes","fixed",35,72,0,0,850,1228,"negative"
5,"owner",60,41,"married","no","fixed",60,266,14800,0,2500,2600,"negative"
31,"owner",60,58,"married","no","fixed",60,293,8000,0,1500,1655,"negative"
38,"owner",24,56,"married","yes","fixed",75,98,7000,0,300,1308,"negative"
1,"parents",60,26,"single","no","fixed",35,57,0,0,1200,1512,"negative"
17,"owner",60,44,"married","no","fixed",45,116,3000,0,800,1654,"negative"
17,"rent",60,52,"married","no","fixed",65,200,0,0,1400,1407,"negative"
22,"owner",60,54,"married","no","fixed",35,104,3000,0,1050,1282,"negative"
11,"other",60,48,"married","no","fixed",75,225,0,0,1300,1550,"positive"
5,"owner",18,28,"married","no","fixed",35,141,5500,0,650,1258,"negative"
1,"rent",36,37,"married","no","partime",75,145,0,0,1100,1871,"positive"
1,"parents",48,36,"married","no","partime",60,45,0,0,1200,1401,"positive"
14,"rent",60,38,"married","no","fixed",75,146,0,0,1350,1413,"negative"
0,"parents",60,34,"married","no","fixed",45,225,8000,2300,800,1850,"negative"
20,"owner",48,60,"married","no","freelance",35,142,12000,0,500,1154,"negative"
7,"owner",60,53,"married","no","fixed",45,161,6000,2000,1000,1460,"negative"
2,"parents",12,26,"single","no","fixed",35,105,0,0,360,1258,"negative"
5,"owner",60,49,"married","no","fixed",35,121,3000,0,1200,1642,"negative"
4,"rent",60,37,"single","yes","fixed",79,436,0,0,1500,1550,"positive"
0,"owner",24,30,"married","no","partime",60,76,4500,0,400,450,"negative"
0,"parents",12,23,"single","no","partime",35,37,2500,0,120,300,"positive"
15,"owner",60,53,"married","no","freelance",45,148,6000,0,1000,1330,"negative"
2,"parents",60,24,"single","no","freelance",35,214,7000,2400,2000,2570,"negative"
1,"owner",48,35,"married","no","freelance",90,174,11900,0,900,1220,"negative"
0,"owner",60,49,"married","no","fixed",60,400,5000,0,1200,1283,"negative"
4,"priv",60,37,"married","no","freelance",75,120,10500,1500,1200,1341,"negative"
11,"rent",48,53,"married","yes","fixed",81,210,0,0,1260,1538,"positive"
0,"rent",36,33,"married","yes","partime",76,155,0,0,440,440,"positive"
2,"parents",48,22,"single","no","fixed",35,185,0,0,1000,2130,"negative"
3,"rent",36,23,"single","no","fixed",59,244,3100,0,700,1199,"negative"
7,"rent",60,39,"married","no","fixed",103,130,0,0,950,1215,"positive"
12,"owner",60,28,"married","no","fixed",45,167,3000,1750,250,1188,"negative"
15,"rent",36,36,"married","no","fixed",60,145,0,0,900,1621,"negative"
0,"parents",60,21,"single","no","others",35,149,3000,0,1400,1829,"negative"
0,"owner",60,33,"separated","no","partime",35,78,0,0,1030,1197,"positive"
8,"rent",60,56,"married","no","fixed",62,266,5000,0,1000,1149,"negative"
2,"parents",24,35,"married","no","fixed",45,175,0,0,1000,2393,"positive"
23,"owner",36,41,"married","no","fixed",60,169,37000,180,1000,1457,"negative"
28,"owner",36,46,"married","no","fixed",75,170,6000,0,750,800,"negative"
16,"owner",36,55,"married","no","fixed",35,140,6000,0,1100,2136,"negative"
7,"owner",60,44,"married","no","fixed",90,271,11000,5500,800,945,"negative"
2,"parents",48,25,"single","no","fixed",35,91,0,0,900,1763,"negative"
20,"rent",60,54,"married","no","fixed",43,75,0,0,800,1263,"negative"
0,"other",30,21,"single","no","partime",35,162,0,0,400,400,"positive"
10,"parents",48,28,"single","no","fixed",35,135,6000,0,1500,2164,"negative"
5,"parents",12,32,"married","no","freelance",35,147,0,0,300,750,"negative"
2,"owner",36,30,"single","no","freelance",35,177,6500,2300,1750,2750,"positive"
7,"other",24,30,"single","no","fixed",35,102,0,0,400,1541,"negative"
1,"parents",60,21,"single","no","fixed",35,200,0,0,900,1088,"negative"
14,"other",60,30,"married","no","fixed",45,130,0,0,1500,2414,"negative"
0,"ignore",60,26,"married","no","partime",45,150,5000,0,1300,1429,"positive"
3,"owner",60,38,"married","no","fixed",75,125,9000,0,1250,1415,"negative"
15,"owner",60,32,"married","no","fixed",45,108,4500,0,1100,1213,"negative"
10,"rent",30,51,"married","no","fixed",60,150,0,0,1300,1378,"negative"
4,"owner",36,38,"married","no","freelance",35,142,4000,0,800,970,"negative"
0,"rent",60,30,"married","no","fixed",64,188,0,0,1400,1475,"negative"
0,"parents",48,27,"single","no","partime",35,140,0,0,700,750,"negative"
2,"owner",36,60,"married","no","fixed",35,122,3000,0,825,900,"negative"
14,"owner",48,48,"married","no","fixed",45,112,6000,0,800,1037,"negative"
2,"parents",60,22,"single","yes","fixed",35,110,0,0,1360,1435,"positive"
3,"owner",36,47,"married","no","freelance",60,106,10000,0,800,1649,"negative"
32,"owner",48,46,"married","no","fixed",45,150,8000,0,1000,1093,"negative"
1,"other",48,27,"single","yes","partime",35,105,0,0,1300,1533,"positive"
14,"owner",48,41,"married","yes","fixed",75,72,4000,0,800,1117,"negative"
13,"owner",48,45,"married","no","fixed",45,106,4000,0,400,1615,"negative"
16,"owner",12,56,"married","no","freelance",45,65,17000,0,650,1665,"negative"
7,"priv",60,36,"married","yes","fixed",60,300,7000,0,2000,2485,"positive"
14,"rent",60,41,"married","no","fixed",54,92,0,0,1450,1482,"positive"
14,"priv",24,54,"married","no","fixed",45,100,9000,0,650,1150,"negative"
15,"owner",60,38,"married","no","fixed",45,118,4000,2600,1250,1616,"negative"
11,"rent",60,38,"married","no","fixed",82,71,0,0,900,977,"positive"
2,"parents",60,24,"single","no","fixed",35,101,0,0,1600,1600,"negative"
3,"owner",60,30,"married","no","fixed",60,164,4500,0,800,975,"negative"
1,"owner",60,30,"single","yes","freelance",35,57,4000,2100,1500,1950,"negative"
20,"owner",60,46,"married","no","fixed",35,140,9000,0,800,1300,"negative"
3,"parents",18,24,"single","no","fixed",35,80,0,0,200,350,"negative"
11,"owner",48,36,"married","yes","fixed",35,81,5000,2000,570,1177,"positive"
1,"other",24,24,"single","no","fixed",35,114,0,0,400,550,"negative"
9,"owner",60,39,"married","no","fixed",35,350,8000,0,1250,1304,"negative"
10,"owner",60,37,"married","yes","freelance",60,107,20000,600,1000,1175,"negative"
22,"owner",60,42,"married","yes","fixed",45,120,5000,0,1350,1650,"negative"
5,"rent",48,48,"married","yes","fixed",46,110,0,0,600,1100,"negative"
0,"owner",60,42,"married","yes","partime",35,130,7000,3000,950,950,"positive"
8,"owner",60,42,"single","no","fixed",35,96,2500,0,1500,1520,"negative"
23,"owner",24,47,"married","no","fixed",35,114,3000,0,400,765,"negative"
6,"rent",36,24,"married","no","fixed",63,175,0,0,650,750,"negative"
6,"parents",18,27,"single","no","freelance",35,140,0,0,600,2724,"negative"
7,"rent",36,49,"married","no","fixed",57,115,0,0,675,675,"negative"
1,"other",36,23,"single","no","partime",35,66,0,0,450,500,"positive"
5,"owner",60,32,"married","no","fixed",35,124,4000,0,2000,3400,"negative"
26,"priv",60,41,"separated","yes","fixed",35,201,4700,3100,2400,2700,"positive"
1,"parents",60,20,"single","no","partime",35,80,0,0,1300,1525,"positive"
5,"priv",60,31,"married","no","fixed",35,90,3000,0,900,1152,"negative"
22,"owner",48,48,"married","no","fixed",60,110,3000,0,1000,1460,"negative"
20,"owner",36,49,"married","no","fixed",45,122,9000,0,1100,1794,"negative"
7,"owner",60,35,"married","yes","fixed",45,315,10000,4000,2400,2432,"negative"
1,"rent",36,27,"single","no","fixed",62,270,0,0,600,825,"negative"
7,"parents",24,40,"married","no","fixed",60,200,10000,0,1000,3429,"negative"
7,"priv",60,32,"married","no","fixed",60,242,3500,2000,1000,2236,"negative"
16,"owner",48,48,"married","no","freelance",35,364,5000,0,900,1077,"negative"
5,"owner",24,38,"married","no","freelance",60,182,5000,0,1250,2724,"negative"
3,"owner",12,24,"single","yes","fixed",35,105,6000,0,500,1138,"negative"
16,"owner",48,40,"married","no","fixed",60,225,20000,3000,700,834,"negative"
17,"other",48,62,"single","no","fixed",35,100,0,0,900,1000,"negative"
0,"rent",60,33,"married","no","partime",54,85,0,0,1300,1797,"positive"
0,"owner",48,63,"married","no","others",35,100,6000,2900,1000,1439,"negative"
8,"owner",60,51,"married","no","fixed",45,250,4000,0,1000,1250,"negative"
3,"rent",60,22,"married","no","fixed",60,150,0,0,950,1945,"positive"
6,"owner",24,39,"married","no","freelance",60,178,18000,0,1000,2099,"negative"
20,"owner",60,63,"married","no","fixed",45,256,7000,0,1000,1500,"negative"
16,"priv",48,34,"married","no","fixed",60,85,2000,0,800,1866,"negative"
0,"owner",60,24,"single","no","others",35,82,10000,0,1600,1680,"negative"
5,"owner",36,52,"married","no","fixed",35,220,12000,5000,1250,1542,"negative"
1,"parents",36,20,"single","no","fixed",35,61,0,0,800,995,"negative"
5,"rent",60,31,"married","yes","fixed",69,88,0,0,1200,1200,"positive"
15,"other",60,46,"married","yes","freelance",35,244,8000,0,2250,2758,"positive"
2,"owner",36,24,"married","yes","fixed",35,160,3100,400,800,1928,"negative"
1,"rent",36,46,"married","no","fixed",57,119,0,0,600,800,"negative"
18,"rent",24,35,"married","no","partime",96,63,0,0,600,888,"positive"
20,"owner",36,48,"married","no","fixed",45,257,3000,0,900,1193,"negative"
10,"rent",18,34,"divorced","no","fixed",54,189,0,0,800,2215,"negative"
11,"rent",24,38,"married","yes","fixed",72,123,0,0,270,1676,"positive"
0,"parents",60,36,"single","no","fixed",35,130,0,0,1600,1678,"positive"
1,"rent",60,22,"single","no","fixed",46,113,0,0,1600,1989,"positive"
36,"owner",60,55,"married","no","fixed",45,102,12000,0,2000,2684,"negative"
11,"rent",18,28,"married","yes","freelance",64,190,2000,0,700,1224,"negative"
8,"owner",36,31,"married","no","fixed",45,110,5000,2000,540,1102,"negative"
2,"owner",36,28,"married","no","fixed",45,80,2000,0,550,1572,"negative"
4,"rent",36,38,"married","no","fixed",55,98,0,0,350,850,"negative"
4,"owner",60,32,"married","no","fixed",60,147,3500,0,830,935,"negative"
3,"owner",60,38,"single","no","fixed",35,250,5000,0,1500,1934,"negative"
1,"parents",48,18,"single","no","partime",45,95,4000,0,600,1472,"positive"
16,"owner",36,55,"married","yes","fixed",60,230,5000,0,1200,1460,"negative"
12,"owner",36,38,"married","no","fixed",60,130,5000,0,700,950,"negative"
18,"owner",60,48,"married","no","fixed",45,104,5500,25,800,1021,"negative"
10,"owner",48,50,"married","no","freelance",45,128,11500,0,500,1195,"negative"
14,"owner",60,43,"married","no","fixed",60,120,5000,0,1250,1557,"negative"
2,"parents",36,26,"single","no","freelance",35,66,0,0,750,865,"positive"
7,"owner",36,23,"married","no","fixed",35,247,5000,400,1500,1785,"negative"
5,"owner",36,38,"married","no","freelance",60,63,4000,0,1050,1443,"negative"
5,"owner",48,39,"married","yes","freelance",60,66,10000,0,875,875,"positive"
27,"owner",18,48,"married","no","freelance",35,70,5000,0,800,1578,"negative"
3,"rent",36,30,"married","yes","freelance",59,140,0,0,1300,2115,"negative"
2,"priv",48,30,"married","yes","fixed",45,178,5000,0,1150,1627,"negative"
10,"other",60,48,"married","no","fixed",35,203,4000,1500,1520,1636,"negative"
16,"owner",6,41,"married","no","fixed",75,87,3000,0,200,625,"negative"
15,"owner",60,39,"married","no","freelance",60,555,40000,0,1500,4000,"negative"
4,"parents",60,25,"married","no","freelance",35,95,25000,0,1650,1900,"negative"
3,"parents",36,20,"single","yes","fixed",35,55,0,0,600,1625,"negative"
2,"parents",36,28,"single","no","fixed",35,140,1000,0,1000,1693,"negative"
25,"priv",60,56,"married","yes","freelance",90,85,3500,0,800,975,"positive"
6,"rent",48,26,"single","yes","fixed",65,198,0,0,950,1111,"negative"
1,"priv",60,27,"married","no","freelance",35,130,4650,2850,2000,2240,"negative"
30,"owner",12,52,"married","no","freelance",45,80,7000,0,1100,2487,"negative"
10,"parents",24,33,"single","no","freelance",35,200,70000,12000,1100,1457,"negative"
4,"owner",48,24,"married","no","fixed",35,95,2500,0,900,1625,"negative"
30,"owner",54,54,"widow","no","freelance",35,224,20000,0,1100,1603,"negative"
20,"owner",60,44,"married","no","fixed",60,168,3000,0,1400,1599,"negative"
1,"rent",60,28,"married","no","freelance",53,179,0,0,1825,2275,"positive"
2,"priv",24,20,"single","no","freelance",35,107,54000,0,2000,2600,"positive"
4,"owner",60,23,"married","no","fixed",35,160,6500,3700,1500,1661,"negative"
4,"rent",36,60,"married","no","fixed",56,111,0,0,500,675,"negative"
3,"rent",60,26,"married","no","fixed",53,80,0,0,950,989,"positive"
11,"owner",60,30,"married","yes","fixed",35,110,4000,62,1100,1347,"negative"
6,"parents",60,26,"married","no","fixed",60,108,0,0,1200,1250,"negative"
14,"rent",60,41,"married","no","fixed",53,181,0,0,1150,2497,"negative"
3,"parents",48,38,"married","no","partime",60,67,0,0,1000,1045,"positive"
1,"owner",36,36,"married","no","fixed",45,25,3000,2000,1100,1332,"positive"
20,"owner",60,40,"divorced","no","freelance",60,150,5500,0,1400,1928,"negative"
20,"rent",60,45,"married","no","fixed",92,170,0,0,1000,2415,"negative"
0,"rent",48,25,"married","no","fixed",60,150,0,0,1350,1450,"positive"
12,"rent",48,46,"married","yes","fixed",104,294,0,0,1350,1352,"negative"
9,"priv",48,46,"married","no","fixed",45,100,37000,0,800,904,"negative"
0,"parents",48,28,"single","no","freelance",35,100,0,0,900,1400,"negative"
2,"owner",48,38,"married","yes","fixed",75,192,23000,3000,700,970,"negative"
3,"parents",60,24,"single","no","fixed",35,100,0,0,1500,2100,"negative"
4,"rent",48,23,"married","no","freelance",52,171,0,0,1150,1450,"positive"
3,"priv",60,24,"single","no","fixed",35,245,5000,0,1300,1360,"negative"
11,"owner",12,26,"married","yes","partime",35,110,4500,2000,300,1248,"negative"
1,"rent",36,26,"single","no","partime",42,70,0,0,590,590,"positive"
0,"rent",48,23,"single","no","partime",42,72,0,0,700,875,"positive"
1,"rent",60,29,"married","no","fixed",73,133,0,0,1000,1158,"negative"
9,"owner",24,30,"married","no","fixed",35,250,30000,0,1000,1594,"negative"
2,"owner",60,28,"married","no","freelance",35,196,7000,3950,1600,1678,"negative"
3,"parents",60,36,"married","yes","fixed",60,92,0,0,1100,1355,"negative"
10,"owner",60,45,"married","no","freelance",45,325,12000,1200,1300,1833,"negative"
10,"owner",48,33,"married","no","fixed",45,110,5000,0,1000,1160,"negative"
2,"rent",48,56,"single","no","freelance",51,157,11000,4500,1000,2008,"positive"
4,"other",60,25,"single","no","fixed",35,162,0,0,1800,2999,"negative"
7,"parents",60,33,"single","no","partime",35,70,0,0,1300,1438,"positive"
5,"parents",48,27,"married","yes","freelance",45,175,0,0,1000,1342,"negative"
16,"parents",24,44,"single","no","freelance",35,86,0,0,700,950,"negative"
0,"parents",24,26,"single","no","partime",35,69,0,0,107,125,"negative"
7,"owner",60,28,"married","yes","fixed",60,148,8000,0,920,1021,"positive"
2,"other",48,25,"married","no","fixed",35,129,0,0,1580,1925,"positive"
3,"rent",60,44,"separated","yes","fixed",60,150,0,0,1650,1772,"positive"
1,"owner",24,38,"married","no","fixed",60,102,3500,0,850,1260,"negative"
7,"owner",48,32,"married","yes","fixed",45,140,5500,0,550,1250,"negative"
2,"owner",60,24,"single","no","partime",35,120,3000,0,1400,1513,"positive"
1,"parents",60,42,"married","no","fixed",60,66,7000,0,950,1589,"negative"
27,"rent",24,50,"married","no","fixed",47,115,0,0,500,1636,"negative"
6,"owner",60,31,"married","no","fixed",35,84,3000,0,1400,1724,"negative"
3,"owner",60,26,"married","no","fixed",45,128,3000,0,1300,1790,"negative"
9,"priv",60,32,"married","no","fixed",60,155,12000,5000,1200,1400,"negative"
5,"parents",24,26,"single","no","fixed",35,140,0,0,450,900,"positive"
3,"rent",48,26,"married","no","fixed",58,230,0,0,1150,1316,"negative"
18,"priv",60,49,"married","no","fixed",60,140,4000,0,1050,1097,"negative"
19,"owner",60,54,"widow","yes","fixed",35,207,11000,4000,800,1336,"negative"
5,"rent",36,40,"separated","no","fixed",43,75,0,0,400,650,"negative"
8,"owner",60,33,"married","no","freelance",45,250,10000,0,2500,3250,"negative"
2,"other",36,35,"separated","no","fixed",35,200,0,0,1600,1671,"negative"
10,"owner",60,26,"married","no","fixed",45,135,5000,3700,1600,1767,"negative"
14,"owner",36,34,"married","no","fixed",60,143,5000,0,1400,1939,"negative"
13,"parents",48,31,"married","no","fixed",35,90,0,0,1000,1395,"negative"
4,"ignore",60,62,"married","no","freelance",35,102,8000,0,1200,1405,"negative"
20,"owner",60,46,"single","no","fixed",35,250,25000,4000,1450,1566,"negative"
15,"owner",60,49,"married","no","fixed",60,162,5000,0,1700,2081,"negative"
24,"owner",60,46,"married","no","fixed",60,140,6000,1000,1100,1653,"negative"
10,"owner",36,36,"married","no","fixed",35,235,12000,1700,1500,1985,"negative"
2,"parents",36,24,"single","no","fixed",35,60,0,0,450,750,"negative"
21,"owner",24,44,"married","no","fixed",60,124,4000,0,800,2400,"negative"
1,"rent",60,24,"married","yes","partime",42,70,0,0,1700,1761,"positive"
11,"owner",48,27,"married","no","fixed",35,140,4000,0,1500,1641,"negative"
12,"owner",60,27,"married","yes","fixed",35,100,3000,0,1300,1359,"negative"
5,"rent",36,51,"married","no","fixed",63,184,0,0,635,785,"negative"
6,"owner",48,26,"married","yes","fixed",35,90,5000,0,1390,1594,"positive"
1,"rent",48,37,"married","yes","partime",72,116,6000,0,1400,1661,"negative"
10,"owner",60,41,"married","no","others",35,57,5000,0,1300,1863,"negative"
0,"owner",60,27,"married","no","partime",75,210,7000,4800,1250,1315,"positive"
1,"owner",48,20,"single","no","fixed",35,53,2000,1600,1100,1100,"positive"
0,"parents",60,24,"single","no","partime",35,111,3000,1200,850,1412,"negative"
10,"owner",60,32,"married","no","fixed",60,160,4000,1800,1050,1303,"negative"
16,"owner",60,32,"married","no","fixed",60,159,4000,0,1500,1736,"negative"
10,"owner",6,39,"married","no","freelance",75,67,8000,0,430,500,"negative"
9,"other",60,30,"married","yes","fixed",60,109,0,0,1250,1560,"positive"
7,"other",36,38,"married","yes","freelance",35,59,0,0,1000,2246,"positive"
3,"parents",36,28,"single","no","fixed",35,74,0,0,350,550,"negative"
6,"owner",48,51,"married","no","freelance",45,106,12000,0,1035,1410,"negative"
0,"parents",48,21,"single","no","partime",35,48,0,0,1850,1877,"positive"
3,"parents",60,23,"single","no","fixed",35,62,0,0,1100,1300,"positive"
1,"owner",24,39,"married","no","others",35,70,4000,0,525,1771,"negative"
3,"rent",36,39,"married","no","fixed",90,150,0,0,300,700,"positive"
12,"owner",48,39,"married","no","freelance",60,95,6000,0,1300,1600,"negative"
0,"priv",36,31,"married","no","partime",35,202,6000,0,1300,1663,"positive"
2,"rent",60,24,"married","no","fixed",55,100,4000,0,1750,1900,"negative"
2,"priv",48,37,"married","yes","partime",75,115,2000,0,850,1194,"positive"
2,"parents",60,24,"single","no","fixed",35,164,0,0,900,1516,"negative"
0,"parents",24,20,"single","no","fixed",35,155,7000,0,1450,1688,"negative"
4,"owner",48,40,"married","yes","fixed",60,150,3500,200,800,800,"negative"
21,"owner",60,63,"married","yes","fixed",60,165,3000,0,1250,1424,"positive"
14,"rent",60,38,"married","no","fixed",71,108,0,0,1400,1693,"positive"
25,"owner",60,51,"married","no","fixed",35,93,3500,0,900,995,"negative"
6,"other",60,30,"married","no","fixed",60,133,0,0,1300,1388,"positive"
3,"owner",36,37,"married","no","fixed",60,55,0,0,1500,2315,"negative"
13,"owner",36,39,"married","no","fixed",35,148,14000,0,300,850,"negative"
5,"parents",24,31,"single","no","fixed",35,130,0,0,200,1447,"negative"
16,"other",60,34,"married","no","fixed",60,120,6000,0,1350,1487,"negative"
5,"other",18,65,"married","yes","others",35,99,0,0,375,675,"negative"
16,"rent",48,32,"single","yes","fixed",47,120,0,0,800,1224,"negative"
2,"rent",48,29,"single","no","fixed",60,250,0,0,1000,1179,"negative"
0,"parents",60,31,"married","no","others",75,37,0,0,1500,2084,"negative"
6,"owner",48,55,"married","no","freelance",45,74,16000,1500,2000,3753,"negative"
3,"parents",60,25,"married","no","fixed",35,70,0,0,1300,1332,"positive"
5,"owner",36,58,"married","yes","others",45,79,7000,0,400,1234,"negative"
0,"rent",48,20,"single","yes","partime",56,105,0,0,1100,1289,"positive"
9,"priv",48,27,"married","no","fixed",45,102,5000,360,1300,1537,"negative"
0,"owner",48,29,"married","no","others",60,50,11000,0,1000,1480,"negative"
8,"owner",12,39,"married","no","fixed",75,160,1500,0,360,865,"negative"
24,"owner",60,43,"single","no","fixed",35,120,3500,0,1320,1680,"negative"
3,"parents",60,23,"single","no","fixed",35,107,0,0,800,1111,"negative"
13,"owner",60,27,"married","no","fixed",35,253,7000,0,1060,1750,"negative"
2,"rent",60,49,"married","no","fixed",51,155,0,0,1500,1550,"negative"
33,"owner",48,61,"married","no","fixed",35,130,8000,0,850,1050,"negative"
0,"owner",36,31,"married","yes","partime",45,120,3000,150,700,850,"positive"
0,"rent",60,46,"separated","no","fixed",57,124,0,0,940,1149,"negative"
7,"parents",60,25,"single","no","fixed",35,75,0,0,1100,1340,"negative"
20,"owner",36,37,"married","yes","fixed",60,150,3500,0,450,950,"negative"
10,"rent",36,36,"divorced","no","freelance",45,100,0,0,1000,1700,"negative"
17,"owner",36,60,"married","no","fixed",60,78,2500,0,650,800,"positive"
1,"owner",60,28,"married","no","fixed",45,60,4000,0,1500,2326,"negative"
10,"owner",60,32,"married","no","fixed",45,419,5500,2500,1300,1995,"negative"
4,"rent",60,25,"married","no","fixed",56,112,0,0,1250,1399,"negative"
3,"rent",60,32,"married","no","fixed",50,147,0,0,1100,1226,"positive"
31,"owner",12,53,"married","yes","fixed",60,165,6000,0,594,1332,"negative"
3,"rent",24,32,"married","no","fixed",61,160,0,0,400,450,"negative"
0,"rent",12,22,"single","no","freelance",38,34,0,0,700,1665,"negative"
1,"rent",60,25,"married","no","partime",42,73,0,0,1000,1050,"negative"
12,"owner",60,37,"married","no","fixed",60,98,9000,200,800,1012,"positive"
2,"rent",36,44,"married","no","partime",57,123,5000,0,900,975,"negative"
1,"owner",60,40,"married","yes","fixed",45,100,8500,0,400,1570,"negative"
0,"owner",60,47,"married","no","freelance",45,56,6000,0,1345,1345,"negative"
3,"owner",60,32,"married","no","fixed",45,90,6000,0,1500,2502,"negative"
1,"owner",60,21,"single","yes","fixed",35,294,53000,0,1300,1398,"negative"
19,"parents",60,34,"single","no","fixed",35,80,0,0,1000,1097,"negative"
0,"parents",18,33,"single","no","fixed",35,112,6000,0,450,1196,"negative"
3,"rent",60,29,"married","yes","fixed",55,100,0,0,930,1007,"negative"
4,"owner",36,42,"single","no","fixed",35,115,12000,0,900,1299,"negative"
5,"owner",60,37,"married","no","freelance",60,67,3500,196,1300,1625,"negative"
2,"owner",60,24,"married","no","fixed",45,375,5000,0,2200,2433,"negative"
2,"other",60,39,"single","no","fixed",35,113,0,0,1250,1499,"negative"
18,"rent",36,41,"single","no","freelance",40,53,0,0,750,1077,"negative"
17,"owner",48,55,"married","yes","freelance",60,73,15000,0,1900,2205,"negative"
19,"owner",60,34,"married","no","fixed",60,196,7000,1000,1690,1930,"negative"
1,"rent",48,24,"married","no","partime",41,56,0,0,1500,1935,"negative"
16,"owner",48,31,"married","no","fixed",45,200,5000,800,1250,1646,"negative"
1,"rent",48,34,"married","no","fixed",55,102,0,0,600,1074,"negative"
15,"owner",60,43,"married","no","freelance",60,310,7000,0,1200,1297,"negative"
11,"owner",60,33,"married","no","fixed",60,106,6000,0,1500,1702,"negative"
0,"parents",36,22,"single","no","partime",35,103,4500,0,1050,1485,"positive"
0,"parents",60,41,"single","no","partime",35,131,4500,0,1200,1538,"negative"
0,"priv",60,43,"married","no","partime",45,117,2000,250,1600,1967,"positive"
0,"rent",60,25,"single","yes","partime",47,120,0,0,1200,1460,"positive"
0,"rent",36,18,"single","yes","others",38,33,0,0,300,350,"positive"
9,"other",60,31,"married","no","fixed",60,130,0,0,1500,1700,"negative"
14,"owner",60,40,"married","no","fixed",60,110,5000,0,1000,1646,"negative"
4,"parents",36,20,"single","no","fixed",35,60,0,0,550,587,"negative"
5,"parents",36,28,"married","no","fixed",45,107,0,0,1160,1959,"negative"
0,"rent",36,22,"single","no","partime",42,65,0,0,430,550,"positive"
4,"parents",36,28,"married","no","fixed",35,173,0,0,1000,1300,"negative"
13,"owner",60,35,"married","no","fixed",60,134,4500,700,1000,1894,"negative"
8,"owner",60,41,"married","no","freelance",60,173,8000,0,1200,1570,"negative"
1,"parents",60,22,"single","no","freelance",35,78,3500,0,2275,2300,"positive"
5,"ignore",48,51,"divorced","no","fixed",35,95,6000,0,500,645,"negative"
3,"rent",36,21,"single","no","fixed",44,89,0,0,400,500,"negative"
1,"owner",60,40,"married","yes","fixed",60,155,2500,0,1650,1650,"positive"
3,"owner",36,45,"married","yes","fixed",60,87,3500,0,650,650,"positive"
1,"parents",36,31,"married","no","fixed",35,61,4000,0,700,800,"positive"
3,"priv",60,35,"married","no","fixed",75,185,3500,1200,700,845,"negative"
20,"owner",12,48,"separated","no","freelance",75,300,18000,0,760,1369,"negative"
10,"owner",36,37,"married","yes","fixed",60,320,15000,1000,1000,2191,"negative"
1,"owner",36,20,"single","no","partime",35,139,4000,0,375,425,"negative"
8,"rent",48,36,"married","no","fixed",76,159,0,0,830,939,"negative"
6,"other",48,35,"married","no","fixed",60,79,15000,0,2000,2504,"negative"
0,"other",36,26,"married","no","fixed",45,260,0,0,725,775,"negative"
0,"rent",60,60,"married","no","others",55,100,8000,0,2500,2500,"positive"
12,"owner",60,54,"married","yes","fixed",75,231,15000,0,1950,2500,"negative"
6,"rent",60,31,"single","no","fixed",43,82,0,0,800,946,"negative"
3,"parents",60,30,"married","yes","fixed",45,120,4000,0,1500,1621,"positive"
0,"parents",18,19,"single","no","fixed",35,91,0,0,650,650,"positive"
12,"rent",36,30,"married","no","fixed",65,203,0,0,1500,2700,"negative"
13,"parents",60,34,"single","no","fixed",35,96,0,0,750,775,"negative"
8,"owner",24,36,"married","no","fixed",60,90,6000,1500,900,1715,"negative"
10,"owner",36,52,"married","no","freelance",35,225,25000,0,2000,2315,"negative"
5,"owner",60,36,"married","yes","fixed",35,205,9000,1500,1050,1168,"negative"
2,"owner",60,35,"single","no","fixed",35,51,4000,0,1400,1628,"positive"
21,"owner",60,40,"married","yes","fixed",60,144,6500,0,2000,2230,"negative"
3,"parents",60,34,"single","yes","partime",35,80,0,0,1100,1265,"positive"
14,"parents",60,32,"married","yes","fixed",35,140,0,0,1150,1273,"negative"
23,"owner",60,50,"married","no","fixed",45,90,3000,0,950,1101,"negative"
3,"owner",48,25,"married","no","freelance",35,107,4500,1900,1000,1250,"negative"
4,"owner",36,32,"married","no","fixed",45,190,13000,2000,800,2400,"negative"
8,"owner",60,34,"married","yes","fixed",45,145,5000,0,1100,1110,"negative"
11,"rent",12,29,"single","no","fixed",44,93,0,0,700,1667,"negative"
2,"rent",60,40,"married","no","fixed",60,145,500,0,1550,1621,"negative"
3,"parents",48,24,"single","no","fixed",35,55,3000,0,850,875,"negative"
3,"parents",48,28,"married","no","fixed",45,173,0,0,1000,2057,"negative"
6,"rent",60,34,"married","no","fixed",86,110,0,0,800,2263,"negative"
20,"owner",60,39,"married","no","fixed",60,68,13000,0,900,975,"negative"
0,"owner",24,52,"married","no","others",45,170,6500,0,500,600,"negative"
8,"owner",60,33,"married","no","fixed",45,160,2000,0,1050,2277,"negative"
5,"owner",48,49,"widow","no","others",35,48,4000,0,1100,1438,"positive"
17,"owner",48,46,"married","no","fixed",35,128,4000,0,1400,1718,"negative"
2,"rent",48,44,"separated","no","fixed",48,125,5000,800,1600,2500,"positive"
0,"parents",60,22,"single","no","partime",35,72,0,0,1100,1131,"negative"
20,"owner",60,44,"married","no","fixed",60,115,4000,0,1250,1463,"negative"
5,"rent",60,42,"separated","yes","freelance",89,288,15000,0,1800,2148,"negative"
16,"owner",36,40,"married","no","fixed",60,160,4000,0,1300,2305,"negative"
14,"owner",60,38,"married","no","fixed",60,114,5000,400,1200,2062,"negative"
1,"rent",6,38,"married","no","partime",72,118,0,0,125,375,"negative"
1,"parents",48,21,"single","no","fixed",35,60,0,0,850,1195,"negative"
1,"rent",24,24,"single","no","partime",49,139,0,0,500,550,"positive"
12,"rent",48,36,"married","no","fixed",80,195,0,0,1800,2272,"negative"
3,"parents",48,29,"separated","no","fixed",35,108,0,0,900,1263,"negative"
2,"rent",18,46,"married","yes","fixed",74,140,0,0,200,380,"positive"
18,"parents",60,42,"divorced","yes","fixed",35,145,0,0,1000,1025,"negative"
15,"owner",36,43,"married","yes","fixed",60,105,5000,0,400,1631,"negative"
2,"parents",60,20,"single","no","fixed",35,56,3500,0,1300,1637,"positive"
14,"owner",60,28,"married","no","fixed",35,216,4000,0,1750,2270,"negative"
0,"parents",36,21,"single","no","partime",35,130,2000,0,875,1075,"positive"
3,"owner",60,27,"married","no","fixed",35,120,4000,1500,1800,2090,"negative"
1,"owner",60,27,"married","no","fixed",35,90,2000,0,1150,1470,"negative"
6,"rent",60,38,"married","yes","fixed",55,103,0,0,1100,1303,"positive"
3,"owner",60,33,"married","yes","fixed",45,193,10000,1500,1300,1730,"negative"
6,"parents",18,25,"married","no","fixed",45,164,0,0,1250,1890,"negative"
18,"rent",60,37,"married","no","fixed",70,100,0,0,1300,1345,"negative"
30,"owner",12,56,"married","no","freelance",45,60,12000,0,1375,1700,"negative"
25,"priv",12,55,"single","no","freelance",35,92,25000,0,150,400,"negative"
1,"owner",60,22,"single","no","fixed",35,300,4000,200,1350,1450,"negative"
18,"rent",48,53,"married","no","fixed",54,92,0,0,1340,1345,"negative"
5,"owner",36,53,"married","yes","others",35,227,8500,0,1550,1985,"negative"
5,"rent",48,31,"married","yes","fixed",60,150,0,0,800,1707,"positive"
14,"owner",60,40,"married","no","fixed",45,91,0,0,1100,1565,"negative"
10,"priv",60,48,"married","no","fixed",35,161,9000,0,900,1100,"negative"
39,"owner",60,58,"married","no","fixed",35,113,3500,0,1380,1623,"negative"
0,"priv",48,41,"married","no","fixed",75,146,10000,0,1370,1623,"negative"
1,"parents",36,24,"single","no","fixed",35,70,0,0,700,1067,"negative"
5,"rent",60,37,"married","no","fixed",77,318,5000,0,1750,2953,"positive"
10,"owner",60,34,"married","no","fixed",45,115,9500,0,1450,1721,"negative"
1,"rent",60,36,"married","yes","partime",84,90,0,0,1100,1184,"positive"
3,"priv",60,27,"married","no","fixed",35,215,5000,2800,1500,1682,"negative"
8,"owner",24,30,"married","yes","fixed",35,340,1200,0,1000,1893,"negative"
1,"rent",60,31,"divorced","yes","partime",39,42,0,0,1200,1265,"positive"
0,"owner",24,18,"single","no","partime",35,104,12000,0,1700,1726,"negative"
20,"priv",60,59,"married","no","freelance",35,81,18000,0,1200,1349,"negative"
8,"rent",48,30,"single","no","fixed",46,114,0,0,1650,1659,"positive"
0,"priv",60,42,"married","no","partime",35,210,1500,0,1250,1518,"negative"
3,"owner",48,29,"married","no","fixed",35,83,4500,1170,700,837,"negative"
3,"rent",48,39,"married","yes","fixed",97,223,0,0,1250,1609,"positive"
17,"other",48,40,"married","no","fixed",60,117,6000,960,1200,1893,"negative"
14,"owner",60,47,"widow","yes","fixed",35,100,4000,2000,1475,1475,"positive"
11,"parents",60,30,"married","yes","fixed",45,105,5000,0,1500,2500,"positive"
2,"parents",36,25,"single","no","fixed",35,110,0,0,500,1200,"negative"
3,"parents",60,23,"single","no","freelance",35,42,10000,0,2000,2203,"negative"
14,"owner",60,35,"married","no","fixed",35,80,3500,0,1100,1622,"negative"
20,"owner",60,43,"married","yes","fixed",45,120,10000,0,2000,2700,"positive"
5,"rent",24,41,"married","no","freelance",44,90,8000,0,600,1218,"negative"
15,"owner",60,50,"married","yes","fixed",35,112,4000,0,1150,1400,"negative"
3,"owner",36,26,"married","no","fixed",35,136,6000,4500,900,1421,"negative"
7,"owner",36,38,"married","yes","fixed",45,85,3400,1500,450,550,"positive"
7,"owner",60,33,"married","no","freelance",60,144,4500,0,1100,1245,"negative"
9,"owner",60,42,"married","no","fixed",75,140,7000,0,1000,1423,"negative"
2,"rent",48,22,"married","no","fixed",53,183,0,0,1300,1300,"negative"
0,"rent",60,24,"married","no","partime",41,56,0,0,1308,1558,"positive"
2,"priv",60,24,"married","no","fixed",35,170,5000,1500,1150,1200,"negative"
16,"rent",36,41,"married","no","fixed",52,71,0,0,900,950,"negative"
3,"rent",60,39,"married","yes","fixed",69,94,0,0,1450,1546,"positive"
1,"rent",60,34,"married","no","fixed",56,112,4000,1500,1400,1508,"positive"
12,"rent",36,55,"married","no","fixed",57,115,0,0,800,1250,"negative"
0,"owner",60,64,"widow","no","others",35,100,8000,0,1980,2038,"positive"
3,"other",48,32,"single","yes","fixed",35,71,0,0,1000,1200,"negative"
14,"rent",36,47,"married","no","fixed",73,125,6500,0,600,825,"negative"
0,"parents",60,25,"single","no","partime",35,35,0,0,1150,1351,"positive"
9,"owner",60,25,"married","no","fixed",60,200,13500,5000,1900,2115,"negative"
0,"rent",48,35,"married","no","partime",106,160,0,0,930,930,"positive"
1,"parents",60,43,"married","yes","fixed",90,179,0,0,1600,1896,"positive"
2,"parents",36,21,"single","no","freelance",35,221,0,0,500,650,"positive"
4,"owner",48,22,"married","no","fixed",35,214,10000,3000,1250,1566,"negative"
20,"owner",60,56,"married","no","fixed",35,145,5000,0,1600,1763,"negative"
2,"other",48,25,"single","no","fixed",35,142,0,0,1000,1440,"negative"
8,"owner",60,56,"married","no","freelance",45,200,30000,0,1400,1500,"negative"
13,"owner",60,36,"married","no","fixed",45,72,3500,45,1400,1625,"negative"
5,"owner",24,59,"married","no","fixed",35,105,18000,0,1800,1965,"negative"
13,"owner",60,58,"married","no","fixed",75,211,7500,2000,800,1214,"negative"
0,"owner",60,40,"married","yes","partime",90,90,8000,0,1000,1189,"positive"
25,"owner",12,49,"married","no","freelance",60,100,5500,0,1000,1998,"negative"
5,"rent",54,27,"married","no","fixed",47,118,0,0,1500,1600,"positive"
2,"owner",60,44,"married","no","fixed",60,88,2000,0,1450,1452,"positive"
5,"owner",24,26,"married","no","fixed",45,147,10000,300,450,1522,"negative"
18,"owner",60,45,"single","yes","fixed",35,197,2000,0,1500,1578,"negative"
1,"priv",60,24,"married","no","partime",35,127,3500,2000,1700,1825,"positive"
0,"rent",60,25,"married","yes","fixed",69,235,0,0,1400,1650,"positive"
12,"owner",60,56,"married","no","freelance",35,126,17000,0,3000,3745,"negative"
2,"other",24,30,"married","yes","fixed",45,233,0,0,900,1189,"negative"
1,"owner",60,47,"married","no","fixed",75,78,4000,0,1500,1711,"negative"
2,"owner",48,30,"single","no","fixed",35,106,4000,0,660,1060,"negative"
14,"owner",60,28,"married","no","fixed",45,178,4000,700,600,700,"negative"
2,"owner",60,29,"married","yes","partime",35,71,6000,0,700,2700,"positive"
1,"parents",48,24,"single","no","fixed",35,53,0,0,1200,1215,"negative"
18,"owner",36,43,"married","no","fixed",90,116,4000,0,400,985,"negative"
30,"owner",12,52,"single","no","fixed",35,237,5000,500,800,1800,"negative"
3,"rent",48,34,"married","no","fixed",77,165,5000,0,1287,1693,"negative"
3,"parents",24,25,"single","yes","fixed",35,128,0,0,300,1397,"negative"
1,"owner",60,61,"single","no","others",35,216,8000,0,1200,1236,"negative"
16,"owner",60,51,"married","no","fixed",60,155,4000,0,900,925,"negative"
0,"parents",24,41,"married","no","fixed",60,105,3500,0,450,600,"negative"
0,"parents",60,27,"married","no","partime",45,82,0,0,1400,1520,"positive"
8,"owner",36,52,"married","no","fixed",60,695,18000,0,750,2095,"negative"
13,"owner",60,31,"married","no","fixed",45,180,7500,1400,1200,1491,"negative"
6,"owner",60,28,"married","no","freelance",60,125,0,0,800,1700,"negative"
13,"rent",36,44,"married","yes","freelance",84,85,0,0,1150,1325,"positive"
13,"owner",24,41,"married","no","fixed",60,167,6000,1122,400,850,"negative"
0,"parents",60,18,"single","no","partime",35,45,0,0,900,1001,"positive"
3,"owner",60,43,"married","no","freelance",45,174,9000,1692,1900,2374,"negative"
2,"owner",60,25,"single","no","partime",35,95,4500,3000,1080,1296,"positive"
25,"owner",60,50,"married","yes","freelance",75,314,10000,0,1350,1417,"negative"
1,"rent",60,21,"single","no","fixed",46,110,0,0,1450,1517,"negative"
19,"owner",60,35,"married","no","fixed",45,163,8000,340,1100,1269,"negative"
3,"owner",30,37,"married","no","fixed",75,80,4000,0,650,1270,"negative"
16,"owner",60,30,"married","no","fixed",35,110,5000,200,1000,1000,"negative"
0,"owner",60,25,"married","no","partime",35,90,1500,500,900,990,"negative"
1,"owner",60,55,"married","no","others",35,83,13000,0,900,925,"negative"
11,"owner",60,27,"married","no","fixed",45,190,3000,0,1200,1537,"negative"
6,"parents",60,26,"single","no","fixed",35,92,0,0,600,1300,"positive"
2,"owner",48,50,"married","no","partime",35,80,4000,0,800,1330,"positive"
16,"parents",36,45,"single","no","fixed",35,76,0,0,500,1210,"negative"
4,"rent",60,26,"married","no","fixed",54,187,0,0,1500,1520,"negative"
2,"priv",60,53,"married","no","partime",75,170,3000,180,1900,2180,"positive"
31,"owner",24,58,"married","no","fixed",35,160,3000,0,700,700,"negative"
2,"priv",60,28,"married","no","fixed",35,165,3000,0,500,1650,"positive"
16,"rent",24,40,"married","no","freelance",65,50,10000,5000,1400,1636,"positive"
25,"rent",36,50,"married","yes","freelance",64,36,0,0,625,650,"positive"
1,"parents",36,21,"single","no","partime",35,92,2000,0,700,1162,"negative"
7,"other",60,35,"married","yes","fixed",45,120,0,0,1400,1715,"positive"
7,"other",48,34,"married","no","freelance",45,37,0,0,800,941,"negative"
40,"other",60,61,"married","yes","fixed",60,242,0,0,1000,1100,"negative"
10,"owner",48,36,"married","yes","freelance",75,214,10000,0,1143,1143,"negative"
16,"rent",48,37,"married","yes","fixed",68,234,0,0,1000,1606,"positive"
2,"owner",36,34,"married","no","fixed",60,125,59000,900,1500,3000,"negative"
14,"other",48,36,"married","no","fixed",35,251,0,0,1000,1550,"negative"
3,"owner",18,40,"married","no","fixed",45,140,4000,0,400,1772,"negative"
13,"owner",24,47,"married","yes","fixed",75,300,12000,0,1000,1340,"negative"
18,"owner",24,61,"married","no","freelance",45,119,8000,0,1100,1340,"negative"
19,"owner",48,37,"married","no","fixed",60,158,7000,3000,1000,1156,"negative"
15,"owner",60,50,"married","no","fixed",35,91,3000,0,1150,1200,"negative"
1,"parents",60,22,"married","no","partime",35,195,120000,0,1550,1550,"negative"
2,"owner",60,29,"married","yes","fixed",35,160,3000,0,900,1310,"negative"
2,"owner",60,26,"single","yes","fixed",35,110,7000,0,535,1710,"positive"
30,"owner",60,53,"married","no","freelance",35,201,25000,0,1360,1450,"negative"
20,"owner",24,51,"married","no","fixed",75,130,10000,0,500,1238,"negative"
7,"owner",48,29,"married","no","fixed",35,68,3500,0,500,1700,"negative"
23,"other",36,56,"separated","no","freelance",35,157,0,0,1800,2320,"negative"
2,"parents",48,25,"single","yes","fixed",35,233,0,0,1000,1090,"negative"
5,"parents",24,26,"single","yes","fixed",35,104,0,0,1000,1314,"positive"
18,"owner",60,34,"married","no","fixed",35,168,12000,0,800,1103,"negative"
3,"parents",48,48,"married","no","fixed",35,120,0,0,1300,1470,"negative"
1,"owner",60,22,"married","yes","fixed",45,230,2000,288,800,1588,"negative"
1,"owner",60,55,"married","yes","others",45,136,30000,0,1400,1424,"positive"
28,"owner",60,52,"married","no","fixed",35,185,4000,1000,900,1428,"negative"
7,"owner",60,47,"married","no","fixed",75,155,3000,200,675,975,"negative"
9,"rent",60,25,"married","no","fixed",50,145,0,0,1100,1250,"negative"
1,"rent",60,28,"married","no","fixed",62,169,0,0,1200,2068,"negative"
0,"rent",48,52,"single","yes","fixed",49,135,0,0,1000,1200,"positive"
8,"priv",60,49,"married","no","fixed",45,120,3000,0,900,985,"negative"
10,"owner",30,37,"married","no","fixed",60,200,7000,0,750,1923,"negative"
7,"parents",36,31,"separated","no","fixed",35,197,0,0,1200,1200,"positive"
5,"owner",48,48,"married","no","fixed",60,130,5000,0,650,795,"negative"
7,"owner",36,25,"single","no","fixed",35,55,9000,0,1000,1215,"negative"
2,"parents",48,29,"single","no","fixed",35,111,0,0,1000,1854,"negative"
3,"priv",48,28,"married","no","fixed",60,136,3500,2500,1000,1200,"positive"
45,"owner",30,64,"married","no","freelance",45,157,20000,0,1000,1588,"negative"
10,"owner",60,49,"widow","no","fixed",35,160,3000,0,1650,1659,"positive"
0,"parents",36,22,"single","no","partime",35,81,2500,0,400,775,"negative"
16,"owner",60,31,"married","no","fixed",60,160,12000,0,1850,1862,"negative"
10,"owner",24,52,"married","no","fixed",60,81,5000,0,250,1003,"negative"
25,"owner",60,50,"married","no","fixed",75,85,8000,0,1500,2075,"negative"
15,"owner",48,40,"single","no","fixed",35,95,7000,4000,800,1086,"negative"
27,"owner",12,45,"married","no","fixed",60,142,5000,0,400,985,"negative"
6,"owner",60,63,"widow","no","others",35,54,13000,0,1000,1063,"negative"
1,"other",24,20,"single","no","partime",45,48,3000,0,700,980,"negative"
14,"owner",36,37,"married","yes","fixed",75,120,13000,3500,1250,1350,"positive"
6,"owner",48,53,"married","no","freelance",60,178,15000,0,800,1371,"negative"
8,"other",60,28,"divorced","yes","fixed",35,102,0,0,1100,1421,"positive"
8,"parents",48,24,"single","no","fixed",35,96,0,0,1000,1540,"negative"
2,"parents",60,26,"single","no","freelance",35,8,0,0,900,984,"negative"
33,"rent",60,53,"married","no","fixed",46,106,0,0,850,1371,"positive"
13,"owner",36,40,"married","no","fixed",45,193,3000,0,700,1000,"negative"
5,"parents",60,23,"single","no","fixed",35,120,0,0,1300,2100,"negative"
11,"owner",60,42,"married","no","fixed",60,80,3600,0,1200,1322,"positive"
8,"owner",60,31,"married","no","fixed",35,98,5000,1000,1400,1720,"negative"
0,"parents",60,24,"single","yes","fixed",35,241,0,0,1100,1600,"negative"
2,"parents",60,48,"married","yes","fixed",45,106,1500,0,1000,1253,"negative"
8,"owner",24,25,"married","no","fixed",35,160,3000,0,800,1092,"negative"
3,"rent",48,28,"single","no","fixed",51,160,0,0,550,1440,"negative"
14,"owner",36,40,"married","no","fixed",45,80,3000,0,900,1263,"negative"
30,"owner",48,66,"married","no","freelance",35,178,7000,0,1000,1108,"negative"
0,"rent",36,55,"married","yes","fixed",94,193,0,0,600,1100,"positive"
2,"parents",60,22,"single","no","fixed",35,60,0,0,1175,1175,"positive"
1,"rent",48,29,"widow","no","others",43,80,0,0,1250,1500,"positive"
20,"owner",60,51,"married","no","fixed",45,107,2000,0,1000,1536,"negative"
4,"rent",36,60,"separated","no","fixed",46,111,0,0,500,750,"negative"
1,"owner",60,60,"married","no","others",45,200,7000,0,1000,1179,"negative"
0,"other",48,32,"single","no","partime",35,182,0,0,800,907,"positive"
25,"owner",36,46,"married","no","fixed",90,145,12000,0,1100,2400,"negative"
4,"rent",60,23,"single","yes","fixed",45,97,0,0,1250,1635,"positive"
8,"other",30,40,"married","no","fixed",45,148,0,0,850,1370,"negative"
21,"owner",36,44,"married","no","fixed",75,170,4000,0,1200,1650,"negative"
5,"rent",36,33,"married","no","partime",52,73,0,0,400,750,"negative"
2,"other",60,45,"married","yes","partime",60,90,0,0,1000,1457,"positive"
12,"owner",60,39,"single","yes","fixed",35,125,4000,0,1000,1516,"negative"
2,"parents",60,22,"single","no","freelance",35,115,0,0,1250,1263,"negative"
8,"owner",60,29,"married","no","fixed",45,192,6000,2500,1300,1595,"negative"
3,"owner",60,32,"single","no","fixed",35,84,5000,3000,600,999,"negative"
2,"parents",60,25,"married","no","freelance",35,150,2000,0,1000,1302,"negative"
2,"rent",36,31,"married","no","freelance",46,111,0,0,1000,1800,"negative"
0,"rent",48,25,"married","yes","partime",49,139,0,0,1450,1701,"positive"
7,"rent",60,33,"married","no","fixed",84,240,0,0,1000,1928,"negative"
2,"parents",36,21,"single","no","fixed",35,50,0,0,500,900,"positive"
0,"parents",48,26,"married","no","partime",45,76,0,0,700,2300,"positive"
1,"owner",48,48,"married","no","freelance",45,188,14000,0,900,1082,"negative"
30,"rent",36,53,"married","no","partime",70,95,0,0,800,800,"negative"
3,"owner",48,63,"married","no","others",35,145,4000,0,350,969,"negative"
3,"rent",60,36,"married","no","partime",42,72,0,0,850,1263,"negative"
0,"parents",36,20,"single","no","partime",35,120,0,0,1100,1100,"negative"
4,"parents",48,23,"single","no","fixed",35,85,0,0,1200,1350,"negative"
10,"priv",36,47,"married","yes","fixed",45,60,5000,0,250,1343,"negative"
8,"owner",12,32,"married","yes","fixed",45,211,4500,0,800,2014,"negative"
0,"owner",48,54,"widow","no","partime",35,67,5000,0,760,860,"positive"
3,"owner",60,28,"married","no","partime",35,143,5500,3000,1150,1292,"negative"
1,"owner",60,42,"married","no","fixed",60,76,5000,0,1000,1299,"negative"
8,"owner",60,30,"married","no","fixed",60,106,7000,4000,700,999,"negative"
20,"owner",36,51,"married","no","fixed",45,90,3500,0,675,775,"negative"
11,"priv",60,39,"married","no","fixed",60,120,3000,1000,1450,1499,"positive"
2,"parents",60,35,"married","no","partime",45,85,0,0,1000,1542,"positive"
1,"parents",60,22,"married","yes","partime",45,183,0,0,1600,1739,"positive"
7,"owner",60,25,"married","no","fixed",35,75,3000,0,1350,1674,"positive"
0,"owner",60,50,"single","no","fixed",35,120,0,0,1400,1430,"negative"
22,"owner",48,39,"single","no","fixed",35,83,2500,0,650,1265,"negative"
1,"owner",48,41,"married","no","freelance",60,102,4000,0,1000,1090,"negative"
1,"rent",36,37,"married","yes","fixed",97,71,0,0,1300,1700,"positive"
1,"parents",60,45,"married","yes","fixed",60,92,6000,0,1220,1466,"negative"
18,"rent",60,53,"married","no","fixed",71,107,4000,0,1300,1450,"negative"
8,"parents",12,27,"single","no","freelance",35,150,3000,0,275,550,"negative"
0,"rent",60,21,"single","no","fixed",47,120,0,0,1400,1550,"negative"
7,"priv",48,30,"married","no","partime",60,112,1500,0,900,1165,"positive"
3,"owner",36,42,"married","no","fixed",60,60,6000,0,1200,1500,"negative"
0,"rent",36,34,"single","no","partime",43,78,0,0,1200,1550,"negative"
6,"owner",36,36,"married","no","fixed",60,73,3500,0,475,675,"negative"
7,"rent",60,34,"married","no","fixed",48,130,0,0,1150,1549,"negative"
14,"owner",18,29,"married","no","fixed",35,165,6000,2500,600,1370,"negative"
0,"rent",60,33,"married","no","partime",77,166,0,0,850,984,"positive"
21,"parents",60,39,"married","yes","fixed",60,210,5000,0,1500,1787,"negative"
12,"owner",60,40,"married","yes","fixed",45,110,11500,1750,800,1594,"negative"
0,"owner",60,38,"married","no","fixed",45,87,10000,4500,900,1000,"positive"
10,"owner",60,40,"married","no","fixed",60,194,7000,0,1600,2171,"negative"
10,"owner",36,37,"separated","yes","fixed",60,150,30000,3000,1000,1400,"positive"
45,"owner",12,60,"married","no","freelance",35,52,19000,0,550,1240,"negative"
0,"owner",60,32,"married","yes","fixed",35,75,4500,1000,900,1084,"positive"
2,"owner",60,32,"married","no","fixed",60,182,3000,350,1300,1662,"positive"
22,"parents",24,51,"married","no","fixed",45,201,0,0,800,1385,"negative"
0,"owner",60,30,"married","no","fixed",45,180,5000,0,1600,1924,"negative"
0,"parents",36,24,"single","no","partime",35,100,0,0,1000,2000,"positive"
30,"rent",60,55,"married","no","fixed",57,115,10000,0,900,1000,"negative"
13,"priv",42,46,"married","no","fixed",60,75,3000,600,1200,1569,"negative"
3,"owner",60,28,"married","no","fixed",45,210,5000,2700,1100,1516,"positive"
2,"parents",24,24,"single","no","fixed",35,110,0,0,1000,1589,"negative"
5,"owner",30,53,"single","no","freelance",35,700,23000,0,1500,2150,"negative"
8,"rent",60,30,"married","no","fixed",85,103,0,0,1090,1090,"positive"
2,"parents",48,20,"single","no","fixed",105,130,2500,0,1750,1998,"positive"
15,"owner",60,53,"separated","no","fixed",35,95,16500,0,1600,1955,"positive"
15,"owner",60,37,"married","no","fixed",75,200,9000,2500,1400,1699,"positive"
9,"owner",36,31,"married","no","fixed",35,161,14000,0,1200,1705,"negative"
0,"parents",48,26,"single","yes","freelance",35,101,0,0,1500,1703,"positive"
2,"owner",48,41,"married","no","fixed",75,120,7500,4750,900,1411,"negative"
14,"rent",48,32,"married","no","fixed",72,115,0,0,350,410,"negative"
15,"owner",60,35,"single","yes","fixed",35,150,5000,2800,1300,1332,"negative"
0,"parents",36,37,"married","yes","fixed",45,230,7000,0,2800,4200,"negative"
13,"owner",48,27,"married","no","fixed",45,118,10000,7200,1100,1397,"negative"
1,"priv",60,41,"married","yes","partime",45,93,3000,0,1900,2230,"positive"
9,"owner",48,49,"married","no","fixed",60,149,12000,0,700,1975,"negative"
16,"owner",60,30,"married","no","fixed",35,95,2000,0,1300,1700,"negative"
1,"owner",24,34,"married","yes","freelance",60,250,3000,0,1100,1281,"positive"
12,"owner",36,50,"married","no","fixed",75,190,5000,0,1070,1500,"negative"
0,"parents",48,23,"single","no","fixed",35,56,0,0,325,1202,"negative"
0,"parents",48,21,"single","no","partime",35,70,0,0,1200,1600,"positive"
6,"rent",36,36,"married","yes","fixed",56,208,0,0,600,1432,"negative"
22,"rent",60,48,"married","no","fixed",66,210,0,0,1200,1233,"negative"
10,"other",36,45,"married","yes","fixed",45,102,0,0,535,585,"positive"
10,"owner",12,56,"widow","no","others",35,214,53500,0,1150,1300,"negative"
3,"parents",60,27,"married","no","fixed",45,140,5000,0,1400,1721,"negative"
6,"other",36,35,"married","no","freelance",35,23,3000,0,250,350,"positive"
14,"owner",60,31,"married","no","fixed",60,110,5500,2500,1000,1314,"negative"
1,"rent",60,26,"married","no","partime",48,127,0,0,1250,1655,"positive"
1,"parents",24,21,"single","no","fixed",35,60,0,0,250,450,"negative"
26,"owner",36,46,"married","no","fixed",45,184,5000,0,1000,1535,"negative"
2,"owner",60,60,"married","no","fixed",35,87,2500,0,1000,1150,"negative"
32,"rent",60,47,"separated","yes","fixed",47,120,3000,0,1400,1995,"negative"
7,"owner",60,60,"married","no","fixed",45,145,5000,0,1350,1363,"negative"
11,"owner",60,58,"married","no","fixed",35,81,11000,0,1400,1550,"positive"
15,"other",60,50,"married","no","fixed",35,92,6000,0,900,982,"negative"
2,"rent",36,27,"single","no","fixed",70,97,0,0,500,985,"negative"
22,"owner",36,48,"married","no","fixed",45,150,5000,0,650,750,"negative"
2,"rent",36,27,"married","no","fixed",45,102,0,0,600,650,"negative"
23,"owner",60,57,"married","no","fixed",35,99,2500,0,900,1077,"positive"
1,"rent",36,24,"married","no","partime",41,56,0,0,500,585,"positive"
33,"other",36,56,"married","no","fixed",35,80,3500,0,800,981,"negative"
3,"parents",60,20,"single","no","fixed",35,94,0,0,1300,1365,"positive"
0,"parents",60,23,"single","no","partime",35,205,0,0,1100,1258,"negative"
26,"rent",60,40,"married","no","fixed",47,118,0,0,1260,1450,"negative"
12,"other",60,34,"married","no","fixed",60,113,1500,0,1050,1087,"positive"
14,"priv",36,45,"separated","yes","fixed",35,120,2500,0,1150,1350,"positive"
8,"owner",60,41,"married","no","fixed",60,70,5000,0,900,1300,"negative"
2,"other",48,29,"single","no","fixed",35,105,0,0,1600,2074,"positive"
2,"other",60,26,"single","yes","partime",35,55,0,0,1500,1543,"positive"
3,"rent",60,31,"married","no","freelance",70,102,0,0,1100,1305,"negative"
6,"parents",36,23,"single","no","fixed",35,79,6000,0,550,652,"negative"
2,"priv",60,30,"married","no","fixed",60,152,3500,750,800,865,"negative"
9,"rent",60,32,"married","no","fixed",71,105,0,0,700,1800,"negative"
25,"other",48,50,"separated","yes","fixed",35,89,0,0,800,2300,"positive"
5,"priv",60,37,"married","no","partime",60,95,2000,0,1065,1165,"positive"
2,"rent",60,29,"married","yes","fixed",69,91,0,0,1000,1268,"negative"
20,"owner",60,56,"married","no","fixed",35,96,5000,0,950,1092,"negative"
2,"rent",36,19,"single","no","fixed",48,128,0,0,1400,1650,"negative"
1,"rent",60,28,"single","yes","fixed",47,120,0,0,1400,1690,"positive"
2,"parents",30,28,"single","no","partime",35,70,0,0,550,875,"positive"
18,"priv",60,42,"married","no","fixed",90,162,2500,400,1550,1615,"negative"
30,"ignore",60,55,"married","no","freelance",45,81,19000,0,900,1560,"negative"
36,"owner",60,51,"married","no","fixed",35,205,4000,0,950,1017,"negative"
20,"parents",36,45,"married","no","freelance",60,71,5000,0,1000,1390,"negative"
3,"owner",48,28,"married","no","fixed",35,177,4000,3000,1150,1638,"negative"
2,"owner",36,42,"married","no","fixed",45,92,800,0,1200,2274,"negative"
0,"parents",36,28,"single","no","partime",35,67,3500,0,1500,1539,"positive"
1,"owner",36,36,"married","no","fixed",35,100,7000,0,2000,2500,"negative"
1,"parents",60,35,"single","no","fixed",35,75,0,0,1340,1350,"positive"
30,"owner",60,55,"married","no","freelance",35,100,70000,0,1175,1574,"negative"
1,"owner",12,22,"married","no","fixed",35,117,4000,0,275,450,"negative"
2,"other",48,24,"married","no","fixed",35,63,4000,0,700,985,"negative"
4,"other",60,25,"married","no","fixed",35,146,0,0,800,1400,"negative"
3,"parents",48,26,"single","no","fixed",35,200,0,0,1400,1500,"negative"
10,"owner",60,35,"separated","no","fixed",35,300,5000,2500,1350,1369,"negative"
4,"owner",60,40,"married","yes","fixed",60,231,7000,3000,1100,1291,"positive"
1,"rent",60,34,"married","no","fixed",58,130,0,0,1000,1101,"negative"
12,"owner",24,38,"married","no","fixed",60,114,4000,600,400,1169,"negative"
2,"owner",12,30,"married","no","fixed",35,110,15000,0,700,1355,"negative"
1,"owner",48,41,"married","no","fixed",60,72,7000,0,700,985,"negative"
0,"rent",36,38,"separated","no","fixed",48,125,0,0,500,585,"positive"
1,"rent",60,32,"married","no","partime",75,154,0,0,1500,1517,"negative"
15,"owner",60,29,"married","yes","fixed",60,100,12000,0,500,2038,"negative"
22,"rent",60,38,"married","no","fixed",70,100,0,0,500,982,"negative"
0,"parents",60,25,"single","no","partime",35,82,0,0,700,1715,"positive"
10,"owner",12,42,"married","yes","freelance",35,105,4000,0,380,913,"negative"
19,"owner",48,52,"married","no","fixed",60,68,6000,0,850,1393,"negative"
8,"owner",24,40,"married","no","freelance",45,107,3500,0,400,475,"negative"
12,"owner",36,55,"married","no","fixed",45,104,5000,0,275,575,"negative"
1,"other",36,46,"married","yes","fixed",35,150,0,0,3000,4250,"positive"
15,"owner",60,58,"married","no","partime",35,100,12000,0,1300,1380,"negative"
25,"ignore",36,48,"married","yes","freelance",60,82,20000,0,1200,1588,"negative"
40,"owner",60,54,"married","yes","fixed",45,220,13500,0,1543,1668,"negative"
25,"owner",60,53,"married","yes","fixed",35,116,3000,42,1450,1524,"negative"
24,"owner",36,61,"married","no","fixed",35,230,10000,0,600,1350,"negative"
3,"owner",48,21,"single","no","fixed",35,466,6000,0,2700,3100,"positive"
5,"rent",36,32,"married","no","fixed",61,159,0,0,800,890,"negative"
3,"parents",48,24,"married","yes","fixed",45,58,0,0,1000,1650,"positive"
4,"rent",60,25,"married","no","fixed",51,163,0,0,1000,1197,"negative"
5,"owner",36,34,"married","no","fixed",45,137,20000,0,3000,5000,"negative"
3,"other",48,39,"married","no","freelance",60,50,5000,0,900,1177,"negative"
12,"owner",60,45,"married","no","fixed",75,131,5000,0,1150,1452,"negative"
12,"owner",36,43,"married","no","fixed",45,70,5000,0,700,1487,"negative"
2,"rent",48,34,"separated","yes","fixed",44,90,7000,0,600,1063,"negative"
12,"priv",48,51,"married","no","fixed",45,110,3000,800,1100,1300,"negative"
20,"owner",6,40,"married","no","freelance",60,300,60000,0,600,1904,"negative"
18,"owner",36,38,"married","no","fixed",60,104,6000,0,750,1367,"negative"
3,"parents",36,29,"single","yes","fixed",35,108,0,0,1000,1245,"negative"
5,"owner",60,49,"married","yes","fixed",75,148,3000,200,1500,1657,"positive"
3,"owner",48,33,"married","no","fixed",45,208,10000,4800,900,1232,"negative"
0,"other",36,21,"single","no","partime",35,48,0,0,400,650,"positive"
23,"owner",36,45,"married","no","fixed",45,230,7500,0,1350,1520,"negative"
12,"other",36,33,"married","no","fixed",45,267,0,0,1000,1696,"negative"
2,"parents",48,22,"single","yes","fixed",35,187,15000,0,1100,1170,"negative"
20,"owner",48,52,"married","yes","fixed",60,170,9000,0,1900,2320,"negative"
7,"owner",60,28,"married","no","fixed",45,88,30000,0,2500,3415,"negative"
0,"parents",36,31,"single","no","partime",35,71,0,0,1000,1454,"positive"
3,"owner",48,26,"married","no","fixed",35,92,5000,0,600,1550,"negative"
0,"owner",60,34,"married","yes","others",45,95,10000,360,1350,1766,"positive"
2,"rent",48,20,"single","no","fixed",48,125,0,0,1150,1234,"positive"
6,"rent",36,36,"married","yes","fixed",74,138,0,0,1350,1750,"positive"
3,"owner",60,35,"married","yes","fixed",60,143,7000,0,2100,3038,"positive"
16,"owner",60,31,"married","no","fixed",35,218,14000,2800,300,1373,"negative"
14,"owner",60,32,"married","yes","fixed",45,120,5000,0,400,965,"negative"
6,"parents",36,33,"single","no","fixed",35,120,0,0,425,600,"negative"
13,"owner",60,32,"divorced","no","fixed",60,130,8000,5000,1400,1508,"negative"
25,"priv",60,49,"married","no","fixed",35,165,5000,0,1720,2084,"negative"
25,"owner",60,41,"married","yes","fixed",45,114,5500,4500,1600,1665,"negative"
2,"parents",60,25,"single","no","fixed",35,84,0,0,1150,1705,"negative"
1,"priv",60,24,"single","no","fixed",35,174,7000,6500,950,1468,"negative"
12,"rent",36,36,"married","yes","fixed",74,140,0,0,1400,1725,"positive"
10,"owner",6,52,"married","no","freelance",35,142,24000,0,300,1064,"negative"
3,"rent",60,24,"married","no","fixed",54,90,0,0,1442,1597,"positive"
9,"other",60,25,"married","no","fixed",35,75,0,0,700,1381,"negative"
1,"rent",60,26,"single","no","partime",42,74,0,0,750,778,"negative"
2,"rent",60,41,"married","yes","fixed",57,124,0,0,1200,1496,"positive"
1,"rent",36,22,"single","no","fixed",46,110,0,0,900,950,"positive"
16,"owner",48,55,"married","no","fixed",45,120,2500,0,650,1551,"negative"
6,"owner",60,52,"married","no","fixed",60,205,7000,3500,1000,1151,"negative"
0,"parents",48,21,"single","yes","fixed",35,140,0,0,1350,1566,"negative"
3,"parents",36,21,"single","no","freelance",45,38,3000,0,500,620,"negative"
5,"owner",60,30,"married","yes","freelance",45,107,8000,0,2500,3106,"positive"
5,"rent",60,50,"married","no","fixed",53,77,0,0,700,1493,"negative"
3,"owner",60,31,"married","yes","fixed",45,190,5000,3500,600,1570,"negative"
0,"owner",48,65,"married","no","others",45,175,5000,0,600,1176,"negative"
25,"owner",36,54,"married","yes","freelance",45,285,7000,0,900,1383,"negative"
0,"priv",60,35,"married","no","partime",45,129,4500,0,1160,1465,"negative"
6,"priv",60,33,"married","no","fixed",45,114,3000,1800,1150,1180,"negative"
12,"other",60,48,"married","no","partime",35,108,0,0,1200,1579,"negative"
1,"rent",60,37,"separated","yes","partime",66,60,0,0,1500,2800,"positive"
5,"owner",60,31,"married","no","fixed",35,100,5000,0,900,1263,"negative"
6,"owner",60,43,"married","yes","freelance",45,140,4300,0,2200,2500,"negative"
1,"owner",36,26,"married","no","fixed",35,154,7000,1700,1400,1735,"negative"
34,"owner",60,50,"married","yes","fixed",60,150,9000,0,1300,1700,"negative"
20,"owner",48,47,"married","no","fixed",75,175,4000,0,875,1098,"negative"
6,"owner",60,26,"married","no","fixed",45,260,5000,2500,1300,2072,"negative"
4,"priv",36,38,"married","no","partime",75,170,5000,1500,650,700,"positive"
3,"owner",24,64,"married","no","others",45,172,8000,0,400,1115,"negative"
0,"rent",60,36,"married","yes","partime",75,150,0,0,1500,1642,"positive"
8,"owner",36,51,"widow","no","fixed",35,92,2500,0,875,1150,"positive"
6,"parents",60,31,"married","no","fixed",45,199,0,0,1200,1700,"negative"
1,"parents",48,18,"single","no","partime",35,130,2500,600,1280,1285,"positive"
4,"ignore",18,37,"married","no","fixed",45,200,3000,0,400,1800,"negative"
8,"owner",60,37,"married","no","fixed",75,50,15000,0,1400,1645,"positive"
10,"owner",60,33,"single","no","fixed",45,219,4000,0,950,1104,"negative"
2,"owner",60,31,"separated","no","fixed",35,63,2000,0,1000,1342,"positive"
1,"owner",60,31,"widow","yes","fixed",35,242,9000,0,1500,1656,"negative"
6,"parents",60,22,"single","yes","fixed",35,100,0,0,1200,1496,"positive"
6,"owner",48,52,"married","no","fixed",45,190,3500,0,1500,1905,"negative"
3,"owner",60,49,"married","no","fixed",35,160,3000,0,900,975,"negative"
1,"other",48,30,"married","yes","partime",75,77,0,0,1200,1300,"positive"
1,"rent",60,39,"married","no","fixed",69,92,0,0,900,1020,"positive"
22,"owner",60,46,"married","no","fixed",60,75,3000,600,950,1263,"negative"
0,"owner",24,37,"married","no","partime",60,90,3500,0,500,963,"positive"
0,"rent",48,23,"single","no","freelance",49,140,0,0,550,550,"negative"
5,"owner",60,32,"married","no","freelance",60,140,4000,1000,1350,1650,"negative"
